-- MariaDB dump 10.19  Distrib 10.11.6-MariaDB, for debian-linux-gnu (x86_64)
--
-- Host: localhost    Database: iberry
-- ------------------------------------------------------
-- Server version	10.11.6-MariaDB-1:10.11.6+maria~ubu2204

/*!40101 SET @OLD_CHARACTER_SET_CLIENT=@@CHARACTER_SET_CLIENT */;
/*!40101 SET @OLD_CHARACTER_SET_RESULTS=@@CHARACTER_SET_RESULTS */;
/*!40101 SET @OLD_COLLATION_CONNECTION=@@COLLATION_CONNECTION */;
/*!40101 SET NAMES utf8mb4 */;
/*!40103 SET @OLD_TIME_ZONE=@@TIME_ZONE */;
/*!40103 SET TIME_ZONE='+00:00' */;
/*!40014 SET @OLD_UNIQUE_CHECKS=@@UNIQUE_CHECKS, UNIQUE_CHECKS=0 */;
/*!40014 SET @OLD_FOREIGN_KEY_CHECKS=@@FOREIGN_KEY_CHECKS, FOREIGN_KEY_CHECKS=0 */;
/*!40101 SET @OLD_SQL_MODE=@@SQL_MODE, SQL_MODE='NO_AUTO_VALUE_ON_ZERO' */;
/*!40111 SET @OLD_SQL_NOTES=@@SQL_NOTES, SQL_NOTES=0 */;

--
-- Table structure for table `accounts_user`
--

DROP TABLE IF EXISTS `accounts_user`;
/*!40101 SET @saved_cs_client     = @@character_set_client */;
/*!40101 SET character_set_client = utf8 */;
CREATE TABLE `accounts_user` (
  `id` bigint(20) NOT NULL AUTO_INCREMENT,
  `password` varchar(128) NOT NULL,
  `last_login` datetime(6) DEFAULT NULL,
  `is_superuser` tinyint(1) NOT NULL,
  `first_name` varchar(150) NOT NULL,
  `last_name` varchar(150) NOT NULL,
  `is_staff` tinyint(1) NOT NULL,
  `is_active` tinyint(1) NOT NULL,
  `date_joined` datetime(6) NOT NULL,
  `username` varchar(150) DEFAULT NULL,
  `name` varchar(255) DEFAULT NULL,
  `gender` varchar(1) DEFAULT NULL,
  `email` varchar(254) DEFAULT NULL,
  `phone` varchar(15) DEFAULT NULL,
  `picture` varchar(100) DEFAULT NULL,
  `otp` int(11) DEFAULT NULL,
  `address` varchar(250) DEFAULT NULL,
  `second_address` varchar(250) DEFAULT NULL,
  `city` varchar(150) DEFAULT NULL,
  `postal_code` int(11) DEFAULT NULL,
  `updated_at` datetime(6) NOT NULL,
  `created_at` datetime(6) NOT NULL,
  PRIMARY KEY (`id`),
  UNIQUE KEY `username` (`username`),
  UNIQUE KEY `email` (`email`),
  UNIQUE KEY `phone` (`phone`)
) ENGINE=InnoDB AUTO_INCREMENT=9 DEFAULT CHARSET=utf8mb4 COLLATE=utf8mb4_general_ci;
/*!40101 SET character_set_client = @saved_cs_client */;

--
-- Dumping data for table `accounts_user`
--

LOCK TABLES `accounts_user` WRITE;
/*!40000 ALTER TABLE `accounts_user` DISABLE KEYS */;
INSERT INTO `accounts_user` VALUES
(1,'pbkdf2_sha256$600000$bO6yIQoudZbo3xWkfDXbFN$plzLt2lU8/5YG3368ELLcTjc/WS/5PM24dWSRTq0TAc=','2023-12-04 15:16:09.948298',1,'','',1,1,'2023-09-25 02:09:59.195275','sammrafi',NULL,NULL,'sammrafi9@gmail.com',NULL,'',NULL,NULL,NULL,NULL,NULL,'2023-09-25 02:09:59.656615','2023-09-25 02:09:59.656630'),
(2,'pbkdf2_sha256$600000$te23w4PzdSyJhdYunKQD7a$kcJPzYylKd3nR44yEGNazvLsnLPS44C67y31ExcQASE=','2023-11-26 22:14:11.664714',1,'','',1,1,'2023-09-26 13:53:42.154384','willow','willow',NULL,'willow@iberrywifi.in',NULL,'',NULL,NULL,NULL,NULL,NULL,'2023-09-26 13:53:42.610915','2023-09-26 13:53:42.610928'),
(3,'pbkdf2_sha256$600000$OTyY2CMIsCCV0Mlma7ssac$tPzVsGA+3MApuCDOPDIc4kDFe3uQg3lVeFnfDjAKp1U=','2023-11-26 22:08:27.875767',1,'','',1,1,'2023-09-27 15:04:12.213787','yellow','yellow',NULL,'info@hotelsapphire.net',NULL,'',NULL,'mulampur',NULL,NULL,NULL,'2023-09-27 15:04:12.666477','2023-09-27 15:04:12.666490'),
(4,'pbkdf2_sha256$600000$XzYL67f8JEKtUY5cqroHfm$ekzfiJU/SjDyzqBBvf21ainFfiWtrqAvAzgo07BJVmE=','2023-11-28 17:32:06.960371',1,'','',1,1,'2023-09-27 15:12:07.430561','swan','swan',NULL,'sales@iberrywifi.in',NULL,'',NULL,NULL,NULL,NULL,NULL,'2023-09-27 15:12:07.878125','2023-09-27 15:12:07.878141'),
(5,'pbkdf2_sha256$600000$1kcCivom8FaYImaXNVvmBy$u6eo1JMTo3qA+Uk3YEnq6WNHaK8zMR7+XeuIprALkmU=','2023-12-08 16:09:25.979463',1,'','',1,1,'2023-10-30 10:38:21.765402','Iberry','Iberry',NULL,'Infoiberry898@gmail.com',NULL,'',NULL,NULL,NULL,NULL,NULL,'2023-10-30 10:38:22.221005','2023-10-30 10:38:22.221018'),
(7,'pbkdf2_sha256$600000$28vrPGttqnADBNtxi04wnn$DxginPiuYx2zp7UmPuBpIvuqeGACW6Ctm/olI7c1kQ4=','2023-12-04 14:51:14.758038',1,'','',1,1,'2023-11-28 15:01:53.900081','ds','Departmental Store',NULL,'generalmanager.wildflowerhall@oberoihotels.com',NULL,'profile_pictures/departmental_store.png',NULL,'298F sector 74 Mohali',NULL,NULL,NULL,'2023-11-28 15:01:54.356166','2023-11-28 15:01:54.356184'),
(8,'pbkdf2_sha256$600000$wUAt7vZ6WjEJb5yXzrovBX$28qEaWminhJoYsir7Vgz2Yjhdn8CEbDPRsR47mXStZU=','2023-11-29 16:00:57.848036',1,'','',1,1,'2023-11-29 15:58:42.332453','gurpreet','gurpreet',NULL,'gurpreet@gmail.com',NULL,'',NULL,NULL,NULL,NULL,NULL,'2023-11-29 15:58:42.786152','2023-11-29 15:58:42.786165');
/*!40000 ALTER TABLE `accounts_user` ENABLE KEYS */;
UNLOCK TABLES;

--
-- Table structure for table `accounts_user_groups`
--

DROP TABLE IF EXISTS `accounts_user_groups`;
/*!40101 SET @saved_cs_client     = @@character_set_client */;
/*!40101 SET character_set_client = utf8 */;
CREATE TABLE `accounts_user_groups` (
  `id` bigint(20) NOT NULL AUTO_INCREMENT,
  `user_id` bigint(20) NOT NULL,
  `group_id` int(11) NOT NULL,
  PRIMARY KEY (`id`),
  UNIQUE KEY `accounts_user_groups_user_id_group_id_59c0b32f_uniq` (`user_id`,`group_id`),
  KEY `accounts_user_groups_group_id_bd11a704_fk_auth_group_id` (`group_id`),
  CONSTRAINT `accounts_user_groups_group_id_bd11a704_fk_auth_group_id` FOREIGN KEY (`group_id`) REFERENCES `auth_group` (`id`),
  CONSTRAINT `accounts_user_groups_user_id_52b62117_fk_accounts_user_id` FOREIGN KEY (`user_id`) REFERENCES `accounts_user` (`id`)
) ENGINE=InnoDB AUTO_INCREMENT=7 DEFAULT CHARSET=utf8mb4 COLLATE=utf8mb4_general_ci;
/*!40101 SET character_set_client = @saved_cs_client */;

--
-- Dumping data for table `accounts_user_groups`
--

LOCK TABLES `accounts_user_groups` WRITE;
/*!40000 ALTER TABLE `accounts_user_groups` DISABLE KEYS */;
INSERT INTO `accounts_user_groups` VALUES
(1,2,1),
(2,3,1),
(3,4,1),
(4,5,1),
(5,7,1),
(6,8,1);
/*!40000 ALTER TABLE `accounts_user_groups` ENABLE KEYS */;
UNLOCK TABLES;

--
-- Table structure for table `accounts_user_user_permissions`
--

DROP TABLE IF EXISTS `accounts_user_user_permissions`;
/*!40101 SET @saved_cs_client     = @@character_set_client */;
/*!40101 SET character_set_client = utf8 */;
CREATE TABLE `accounts_user_user_permissions` (
  `id` bigint(20) NOT NULL AUTO_INCREMENT,
  `user_id` bigint(20) NOT NULL,
  `permission_id` int(11) NOT NULL,
  PRIMARY KEY (`id`),
  UNIQUE KEY `accounts_user_user_permi_user_id_permission_id_2ab516c2_uniq` (`user_id`,`permission_id`),
  KEY `accounts_user_user_p_permission_id_113bb443_fk_auth_perm` (`permission_id`),
  CONSTRAINT `accounts_user_user_p_permission_id_113bb443_fk_auth_perm` FOREIGN KEY (`permission_id`) REFERENCES `auth_permission` (`id`),
  CONSTRAINT `accounts_user_user_p_user_id_e4f0a161_fk_accounts_` FOREIGN KEY (`user_id`) REFERENCES `accounts_user` (`id`)
) ENGINE=InnoDB AUTO_INCREMENT=621 DEFAULT CHARSET=utf8mb4 COLLATE=utf8mb4_general_ci;
/*!40101 SET character_set_client = @saved_cs_client */;

--
-- Dumping data for table `accounts_user_user_permissions`
--

LOCK TABLES `accounts_user_user_permissions` WRITE;
/*!40000 ALTER TABLE `accounts_user_user_permissions` DISABLE KEYS */;
INSERT INTO `accounts_user_user_permissions` VALUES
(1,2,1),
(2,2,2),
(3,2,3),
(4,2,4),
(5,2,5),
(6,2,6),
(7,2,7),
(8,2,8),
(9,2,9),
(10,2,10),
(11,2,11),
(12,2,12),
(13,2,13),
(14,2,14),
(15,2,15),
(16,2,16),
(17,2,17),
(18,2,18),
(19,2,19),
(20,2,20),
(21,2,21),
(22,2,22),
(23,2,23),
(24,2,24),
(25,2,25),
(26,2,26),
(27,2,27),
(28,2,28),
(29,2,29),
(30,2,30),
(31,2,31),
(32,2,32),
(33,2,33),
(34,2,34),
(35,2,35),
(36,2,36),
(37,2,37),
(38,2,38),
(39,2,39),
(40,2,40),
(41,2,41),
(42,2,42),
(43,2,43),
(44,2,44),
(45,2,45),
(46,2,46),
(47,2,47),
(48,2,48),
(49,2,49),
(50,2,50),
(51,2,51),
(52,2,52),
(53,2,53),
(54,2,54),
(55,2,55),
(56,2,56),
(57,2,57),
(58,2,58),
(59,2,59),
(60,2,60),
(61,2,61),
(62,2,62),
(63,2,63),
(64,2,64),
(65,2,65),
(66,2,66),
(67,2,67),
(68,2,68),
(69,2,69),
(70,2,70),
(71,2,71),
(72,2,72),
(73,2,73),
(74,2,74),
(75,2,75),
(76,2,76),
(77,2,77),
(78,2,78),
(79,2,79),
(80,2,80),
(81,2,81),
(82,2,82),
(83,2,83),
(84,2,84),
(85,2,85),
(86,2,86),
(87,2,87),
(88,2,88),
(89,2,89),
(90,2,90),
(91,2,91),
(92,2,92),
(93,2,93),
(94,2,94),
(95,2,95),
(96,2,96),
(97,2,97),
(98,2,98),
(99,2,99),
(100,2,100),
(101,2,101),
(102,2,102),
(103,2,103),
(104,2,104),
(105,2,105),
(106,2,106),
(107,2,107),
(108,2,108),
(109,2,109),
(110,2,110),
(111,2,111),
(112,2,112),
(113,2,113),
(114,2,114),
(115,2,115),
(116,2,116),
(117,2,117),
(118,2,118),
(119,2,119),
(120,2,120),
(121,2,121),
(122,2,122),
(123,2,123),
(124,2,124),
(125,3,1),
(126,3,2),
(127,3,3),
(128,3,4),
(129,3,5),
(130,3,6),
(131,3,7),
(132,3,8),
(133,3,9),
(134,3,10),
(135,3,11),
(136,3,12),
(137,3,13),
(138,3,14),
(139,3,15),
(140,3,16),
(141,3,17),
(142,3,18),
(143,3,19),
(144,3,20),
(145,3,21),
(146,3,22),
(147,3,23),
(148,3,24),
(149,3,25),
(150,3,26),
(151,3,27),
(152,3,28),
(153,3,29),
(154,3,30),
(155,3,31),
(156,3,32),
(157,3,33),
(158,3,34),
(159,3,35),
(160,3,36),
(161,3,37),
(162,3,38),
(163,3,39),
(164,3,40),
(165,3,41),
(166,3,42),
(167,3,43),
(168,3,44),
(169,3,45),
(170,3,46),
(171,3,47),
(172,3,48),
(173,3,49),
(174,3,50),
(175,3,51),
(176,3,52),
(177,3,53),
(178,3,54),
(179,3,55),
(180,3,56),
(181,3,57),
(182,3,58),
(183,3,59),
(184,3,60),
(185,3,61),
(186,3,62),
(187,3,63),
(188,3,64),
(189,3,65),
(190,3,66),
(191,3,67),
(192,3,68),
(193,3,69),
(194,3,70),
(195,3,71),
(196,3,72),
(197,3,73),
(198,3,74),
(199,3,75),
(200,3,76),
(201,3,77),
(202,3,78),
(203,3,79),
(204,3,80),
(205,3,81),
(206,3,82),
(207,3,83),
(208,3,84),
(209,3,85),
(210,3,86),
(211,3,87),
(212,3,88),
(213,3,89),
(214,3,90),
(215,3,91),
(216,3,92),
(217,3,93),
(218,3,94),
(219,3,95),
(220,3,96),
(221,3,97),
(222,3,98),
(223,3,99),
(224,3,100),
(225,3,101),
(226,3,102),
(227,3,103),
(228,3,104),
(229,3,105),
(230,3,106),
(231,3,107),
(232,3,108),
(233,3,109),
(234,3,110),
(235,3,111),
(236,3,112),
(237,3,113),
(238,3,114),
(239,3,115),
(240,3,116),
(241,3,117),
(242,3,118),
(243,3,119),
(244,3,120),
(245,3,121),
(246,3,122),
(247,3,123),
(248,3,124),
(249,4,1),
(250,4,2),
(251,4,3),
(252,4,4),
(253,4,5),
(254,4,6),
(255,4,7),
(256,4,8),
(257,4,9),
(258,4,10),
(259,4,11),
(260,4,12),
(261,4,13),
(262,4,14),
(263,4,15),
(264,4,16),
(265,4,17),
(266,4,18),
(267,4,19),
(268,4,20),
(269,4,21),
(270,4,22),
(271,4,23),
(272,4,24),
(273,4,25),
(274,4,26),
(275,4,27),
(276,4,28),
(277,4,29),
(278,4,30),
(279,4,31),
(280,4,32),
(281,4,33),
(282,4,34),
(283,4,35),
(284,4,36),
(285,4,37),
(286,4,38),
(287,4,39),
(288,4,40),
(289,4,41),
(290,4,42),
(291,4,43),
(292,4,44),
(293,4,45),
(294,4,46),
(295,4,47),
(296,4,48),
(297,4,49),
(298,4,50),
(299,4,51),
(300,4,52),
(301,4,53),
(302,4,54),
(303,4,55),
(304,4,56),
(305,4,57),
(306,4,58),
(307,4,59),
(308,4,60),
(309,4,61),
(310,4,62),
(311,4,63),
(312,4,64),
(313,4,65),
(314,4,66),
(315,4,67),
(316,4,68),
(317,4,69),
(318,4,70),
(319,4,71),
(320,4,72),
(321,4,73),
(322,4,74),
(323,4,75),
(324,4,76),
(325,4,77),
(326,4,78),
(327,4,79),
(328,4,80),
(329,4,81),
(330,4,82),
(331,4,83),
(332,4,84),
(333,4,85),
(334,4,86),
(335,4,87),
(336,4,88),
(337,4,89),
(338,4,90),
(339,4,91),
(340,4,92),
(341,4,93),
(342,4,94),
(343,4,95),
(344,4,96),
(345,4,97),
(346,4,98),
(347,4,99),
(348,4,100),
(349,4,101),
(350,4,102),
(351,4,103),
(352,4,104),
(353,4,105),
(354,4,106),
(355,4,107),
(356,4,108),
(357,4,109),
(358,4,110),
(359,4,111),
(360,4,112),
(361,4,113),
(362,4,114),
(363,4,115),
(364,4,116),
(365,4,117),
(366,4,118),
(367,4,119),
(368,4,120),
(369,4,121),
(370,4,122),
(371,4,123),
(372,4,124),
(373,5,1),
(374,5,2),
(375,5,3),
(376,5,4),
(377,5,5),
(378,5,6),
(379,5,7),
(380,5,8),
(381,5,9),
(382,5,10),
(383,5,11),
(384,5,12),
(385,5,13),
(386,5,14),
(387,5,15),
(388,5,16),
(389,5,17),
(390,5,18),
(391,5,19),
(392,5,20),
(393,5,21),
(394,5,22),
(395,5,23),
(396,5,24),
(397,5,25),
(398,5,26),
(399,5,27),
(400,5,28),
(401,5,29),
(402,5,30),
(403,5,31),
(404,5,32),
(405,5,33),
(406,5,34),
(407,5,35),
(408,5,36),
(409,5,37),
(410,5,38),
(411,5,39),
(412,5,40),
(413,5,41),
(414,5,42),
(415,5,43),
(416,5,44),
(417,5,45),
(418,5,46),
(419,5,47),
(420,5,48),
(421,5,49),
(422,5,50),
(423,5,51),
(424,5,52),
(425,5,53),
(426,5,54),
(427,5,55),
(428,5,56),
(429,5,57),
(430,5,58),
(431,5,59),
(432,5,60),
(433,5,61),
(434,5,62),
(435,5,63),
(436,5,64),
(437,5,65),
(438,5,66),
(439,5,67),
(440,5,68),
(441,5,69),
(442,5,70),
(443,5,71),
(444,5,72),
(445,5,73),
(446,5,74),
(447,5,75),
(448,5,76),
(449,5,77),
(450,5,78),
(451,5,79),
(452,5,80),
(453,5,81),
(454,5,82),
(455,5,83),
(456,5,84),
(457,5,85),
(458,5,86),
(459,5,87),
(460,5,88),
(461,5,89),
(462,5,90),
(463,5,91),
(464,5,92),
(465,5,93),
(466,5,94),
(467,5,95),
(468,5,96),
(469,5,97),
(470,5,98),
(471,5,99),
(472,5,100),
(473,5,101),
(474,5,102),
(475,5,103),
(476,5,104),
(477,5,105),
(478,5,106),
(479,5,107),
(480,5,108),
(481,5,109),
(482,5,110),
(483,5,111),
(484,5,112),
(485,5,113),
(486,5,114),
(487,5,115),
(488,5,116),
(489,5,117),
(490,5,118),
(491,5,119),
(492,5,120),
(493,5,121),
(494,5,122),
(495,5,123),
(496,5,124),
(497,7,1),
(498,7,2),
(499,7,3),
(500,7,4),
(501,7,5),
(502,7,6),
(503,7,7),
(504,7,8),
(505,7,9),
(506,7,10),
(507,7,11),
(508,7,12),
(509,7,13),
(510,7,14),
(511,7,15),
(512,7,16),
(513,7,17),
(514,7,18),
(515,7,19),
(516,7,20),
(517,7,21),
(518,7,22),
(519,7,23),
(520,7,24),
(521,7,25),
(522,7,26),
(523,7,27),
(524,7,28),
(525,7,29),
(526,7,30),
(527,7,31),
(528,7,32),
(529,7,33),
(530,7,34),
(531,7,35),
(532,7,36),
(533,7,37),
(534,7,38),
(535,7,39),
(536,7,40),
(537,7,41),
(538,7,42),
(539,7,43),
(540,7,44),
(541,7,45),
(542,7,46),
(543,7,47),
(544,7,48),
(545,7,49),
(546,7,50),
(547,7,51),
(548,7,52),
(549,7,53),
(550,7,54),
(551,7,55),
(552,7,56),
(553,7,57),
(554,7,58),
(555,7,59),
(556,7,60),
(557,7,61),
(558,7,62),
(559,7,63),
(560,7,64),
(561,7,65),
(562,7,66),
(563,7,67),
(564,7,68),
(565,7,69),
(566,7,70),
(567,7,71),
(568,7,72),
(569,7,73),
(570,7,74),
(571,7,75),
(572,7,76),
(573,7,77),
(574,7,78),
(575,7,79),
(576,7,80),
(577,7,81),
(578,7,82),
(579,7,83),
(580,7,84),
(581,7,85),
(582,7,86),
(583,7,87),
(584,7,88),
(585,7,89),
(586,7,90),
(587,7,91),
(588,7,92),
(589,7,93),
(590,7,94),
(591,7,95),
(592,7,96),
(593,7,97),
(594,7,98),
(595,7,99),
(596,7,100),
(597,7,101),
(598,7,102),
(599,7,103),
(600,7,104),
(601,7,105),
(602,7,106),
(603,7,107),
(604,7,108),
(605,7,109),
(606,7,110),
(607,7,111),
(608,7,112),
(609,7,113),
(610,7,114),
(611,7,115),
(612,7,116),
(613,7,117),
(614,7,118),
(615,7,119),
(616,7,120),
(617,7,121),
(618,7,122),
(619,7,123),
(620,7,124);
/*!40000 ALTER TABLE `accounts_user_user_permissions` ENABLE KEYS */;
UNLOCK TABLES;

--
-- Table structure for table `auth_group`
--

DROP TABLE IF EXISTS `auth_group`;
/*!40101 SET @saved_cs_client     = @@character_set_client */;
/*!40101 SET character_set_client = utf8 */;
CREATE TABLE `auth_group` (
  `id` int(11) NOT NULL AUTO_INCREMENT,
  `name` varchar(150) NOT NULL,
  PRIMARY KEY (`id`),
  UNIQUE KEY `name` (`name`)
) ENGINE=InnoDB AUTO_INCREMENT=2 DEFAULT CHARSET=utf8mb4 COLLATE=utf8mb4_general_ci;
/*!40101 SET character_set_client = @saved_cs_client */;

--
-- Dumping data for table `auth_group`
--

LOCK TABLES `auth_group` WRITE;
/*!40000 ALTER TABLE `auth_group` DISABLE KEYS */;
INSERT INTO `auth_group` VALUES
(1,'All Permission');
/*!40000 ALTER TABLE `auth_group` ENABLE KEYS */;
UNLOCK TABLES;

--
-- Table structure for table `auth_group_permissions`
--

DROP TABLE IF EXISTS `auth_group_permissions`;
/*!40101 SET @saved_cs_client     = @@character_set_client */;
/*!40101 SET character_set_client = utf8 */;
CREATE TABLE `auth_group_permissions` (
  `id` bigint(20) NOT NULL AUTO_INCREMENT,
  `group_id` int(11) NOT NULL,
  `permission_id` int(11) NOT NULL,
  PRIMARY KEY (`id`),
  UNIQUE KEY `auth_group_permissions_group_id_permission_id_0cd325b0_uniq` (`group_id`,`permission_id`),
  KEY `auth_group_permissio_permission_id_84c5c92e_fk_auth_perm` (`permission_id`),
  CONSTRAINT `auth_group_permissio_permission_id_84c5c92e_fk_auth_perm` FOREIGN KEY (`permission_id`) REFERENCES `auth_permission` (`id`),
  CONSTRAINT `auth_group_permissions_group_id_b120cbf9_fk_auth_group_id` FOREIGN KEY (`group_id`) REFERENCES `auth_group` (`id`)
) ENGINE=InnoDB AUTO_INCREMENT=125 DEFAULT CHARSET=utf8mb4 COLLATE=utf8mb4_general_ci;
/*!40101 SET character_set_client = @saved_cs_client */;

--
-- Dumping data for table `auth_group_permissions`
--

LOCK TABLES `auth_group_permissions` WRITE;
/*!40000 ALTER TABLE `auth_group_permissions` DISABLE KEYS */;
INSERT INTO `auth_group_permissions` VALUES
(1,1,1),
(2,1,2),
(3,1,3),
(4,1,4),
(5,1,5),
(6,1,6),
(7,1,7),
(8,1,8),
(9,1,9),
(10,1,10),
(11,1,11),
(12,1,12),
(13,1,13),
(14,1,14),
(15,1,15),
(16,1,16),
(17,1,17),
(18,1,18),
(19,1,19),
(20,1,20),
(21,1,21),
(22,1,22),
(23,1,23),
(24,1,24),
(25,1,25),
(26,1,26),
(27,1,27),
(28,1,28),
(29,1,29),
(30,1,30),
(31,1,31),
(32,1,32),
(33,1,33),
(34,1,34),
(35,1,35),
(36,1,36),
(37,1,37),
(38,1,38),
(39,1,39),
(40,1,40),
(41,1,41),
(42,1,42),
(43,1,43),
(44,1,44),
(45,1,45),
(46,1,46),
(47,1,47),
(48,1,48),
(49,1,49),
(50,1,50),
(51,1,51),
(52,1,52),
(53,1,53),
(54,1,54),
(55,1,55),
(56,1,56),
(57,1,57),
(58,1,58),
(59,1,59),
(60,1,60),
(61,1,61),
(62,1,62),
(63,1,63),
(64,1,64),
(65,1,65),
(66,1,66),
(67,1,67),
(68,1,68),
(69,1,69),
(70,1,70),
(71,1,71),
(72,1,72),
(73,1,73),
(74,1,74),
(75,1,75),
(76,1,76),
(77,1,77),
(78,1,78),
(79,1,79),
(80,1,80),
(81,1,81),
(82,1,82),
(83,1,83),
(84,1,84),
(85,1,85),
(86,1,86),
(87,1,87),
(88,1,88),
(89,1,89),
(90,1,90),
(91,1,91),
(92,1,92),
(93,1,93),
(94,1,94),
(95,1,95),
(96,1,96),
(97,1,97),
(98,1,98),
(99,1,99),
(100,1,100),
(101,1,101),
(102,1,102),
(103,1,103),
(104,1,104),
(105,1,105),
(106,1,106),
(107,1,107),
(108,1,108),
(109,1,109),
(110,1,110),
(111,1,111),
(112,1,112),
(113,1,113),
(114,1,114),
(115,1,115),
(116,1,116),
(117,1,117),
(118,1,118),
(119,1,119),
(120,1,120),
(121,1,121),
(122,1,122),
(123,1,123),
(124,1,124);
/*!40000 ALTER TABLE `auth_group_permissions` ENABLE KEYS */;
UNLOCK TABLES;

--
-- Table structure for table `auth_permission`
--

DROP TABLE IF EXISTS `auth_permission`;
/*!40101 SET @saved_cs_client     = @@character_set_client */;
/*!40101 SET character_set_client = utf8 */;
CREATE TABLE `auth_permission` (
  `id` int(11) NOT NULL AUTO_INCREMENT,
  `name` varchar(255) NOT NULL,
  `content_type_id` int(11) NOT NULL,
  `codename` varchar(100) NOT NULL,
  PRIMARY KEY (`id`),
  UNIQUE KEY `auth_permission_content_type_id_codename_01ab375a_uniq` (`content_type_id`,`codename`),
  CONSTRAINT `auth_permission_content_type_id_2f476e4b_fk_django_co` FOREIGN KEY (`content_type_id`) REFERENCES `django_content_type` (`id`)
) ENGINE=InnoDB AUTO_INCREMENT=125 DEFAULT CHARSET=utf8mb4 COLLATE=utf8mb4_general_ci;
/*!40101 SET character_set_client = @saved_cs_client */;

--
-- Dumping data for table `auth_permission`
--

LOCK TABLES `auth_permission` WRITE;
/*!40000 ALTER TABLE `auth_permission` DISABLE KEYS */;
INSERT INTO `auth_permission` VALUES
(1,'Can add log entry',1,'add_logentry'),
(2,'Can change log entry',1,'change_logentry'),
(3,'Can delete log entry',1,'delete_logentry'),
(4,'Can view log entry',1,'view_logentry'),
(5,'Can add permission',2,'add_permission'),
(6,'Can change permission',2,'change_permission'),
(7,'Can delete permission',2,'delete_permission'),
(8,'Can view permission',2,'view_permission'),
(9,'Can add group',3,'add_group'),
(10,'Can change group',3,'change_group'),
(11,'Can delete group',3,'delete_group'),
(12,'Can view group',3,'view_group'),
(13,'Can add content type',4,'add_contenttype'),
(14,'Can change content type',4,'change_contenttype'),
(15,'Can delete content type',4,'delete_contenttype'),
(16,'Can view content type',4,'view_contenttype'),
(17,'Can add session',5,'add_session'),
(18,'Can change session',5,'change_session'),
(19,'Can delete session',5,'delete_session'),
(20,'Can view session',5,'view_session'),
(21,'Can add user',6,'add_user'),
(22,'Can change user',6,'change_user'),
(23,'Can delete user',6,'delete_user'),
(24,'Can view user',6,'view_user'),
(25,'Can add extension',7,'add_extension'),
(26,'Can change extension',7,'change_extension'),
(27,'Can delete extension',7,'delete_extension'),
(28,'Can view extension',7,'view_extension'),
(29,'Can add janus',8,'add_janus'),
(30,'Can change janus',8,'change_janus'),
(31,'Can delete janus',8,'delete_janus'),
(32,'Can view janus',8,'view_janus'),
(33,'Can add pbx',9,'add_pbx'),
(34,'Can change pbx',9,'change_pbx'),
(35,'Can delete pbx',9,'delete_pbx'),
(36,'Can view pbx',9,'view_pbx'),
(37,'Can add room',10,'add_room'),
(38,'Can change room',10,'change_room'),
(39,'Can delete room',10,'delete_room'),
(40,'Can view room',10,'view_room'),
(41,'Can add global',11,'add_global'),
(42,'Can change global',11,'change_global'),
(43,'Can delete global',11,'delete_global'),
(44,'Can view global',11,'view_global'),
(45,'Can add dialer',12,'add_dialer'),
(46,'Can change dialer',12,'change_dialer'),
(47,'Can delete dialer',12,'delete_dialer'),
(48,'Can view dialer',12,'view_dialer'),
(49,'Can add service',13,'add_service'),
(50,'Can change service',13,'change_service'),
(51,'Can delete service',13,'delete_service'),
(52,'Can view service',13,'view_service'),
(53,'Can add complain',14,'add_complain'),
(54,'Can change complain',14,'change_complain'),
(55,'Can delete complain',14,'delete_complain'),
(56,'Can view complain',14,'view_complain'),
(57,'Can add complain type',15,'add_complaintype'),
(58,'Can change complain type',15,'change_complaintype'),
(59,'Can delete complain type',15,'delete_complaintype'),
(60,'Can view complain type',15,'view_complaintype'),
(61,'Can add category',16,'add_category'),
(62,'Can change category',16,'change_category'),
(63,'Can delete category',16,'delete_category'),
(64,'Can view category',16,'view_category'),
(65,'Can add image',17,'add_image'),
(66,'Can change image',17,'change_image'),
(67,'Can delete image',17,'delete_image'),
(68,'Can view image',17,'view_image'),
(69,'Can add item',18,'add_item'),
(70,'Can change item',18,'change_item'),
(71,'Can delete item',18,'delete_item'),
(72,'Can view item',18,'view_item'),
(73,'Can add order',19,'add_order'),
(74,'Can change order',19,'change_order'),
(75,'Can delete order',19,'delete_order'),
(76,'Can view order',19,'view_order'),
(77,'Can add order item',20,'add_orderitem'),
(78,'Can change order item',20,'change_orderitem'),
(79,'Can delete order item',20,'delete_orderitem'),
(80,'Can view order item',20,'view_orderitem'),
(81,'Can add cart',21,'add_cart'),
(82,'Can change cart',21,'change_cart'),
(83,'Can delete cart',21,'delete_cart'),
(84,'Can view cart',21,'view_cart'),
(85,'Can add price',22,'add_price'),
(86,'Can change price',22,'change_price'),
(87,'Can delete price',22,'delete_price'),
(88,'Can view price',22,'view_price'),
(89,'Can add sub category',23,'add_subcategory'),
(90,'Can change sub category',23,'change_subcategory'),
(91,'Can delete sub category',23,'delete_subcategory'),
(92,'Can view sub category',23,'view_subcategory'),
(93,'Can add service cart',24,'add_servicecart'),
(94,'Can change service cart',24,'change_servicecart'),
(95,'Can delete service cart',24,'delete_servicecart'),
(96,'Can view service cart',24,'view_servicecart'),
(97,'Can add service order',25,'add_serviceorder'),
(98,'Can change service order',25,'change_serviceorder'),
(99,'Can delete service order',25,'delete_serviceorder'),
(100,'Can view service order',25,'view_serviceorder'),
(101,'Can add service order item',26,'add_serviceorderitem'),
(102,'Can change service order item',26,'change_serviceorderitem'),
(103,'Can delete service order item',26,'delete_serviceorderitem'),
(104,'Can view service order item',26,'view_serviceorderitem'),
(105,'Can add notification',27,'add_notification'),
(106,'Can change notification',27,'change_notification'),
(107,'Can delete notification',27,'delete_notification'),
(108,'Can view notification',27,'view_notification'),
(109,'Can add APNS device',28,'add_apnsdevice'),
(110,'Can change APNS device',28,'change_apnsdevice'),
(111,'Can delete APNS device',28,'delete_apnsdevice'),
(112,'Can view APNS device',28,'view_apnsdevice'),
(113,'Can add GCM device',29,'add_gcmdevice'),
(114,'Can change GCM device',29,'change_gcmdevice'),
(115,'Can delete GCM device',29,'delete_gcmdevice'),
(116,'Can view GCM device',29,'view_gcmdevice'),
(117,'Can add WNS device',30,'add_wnsdevice'),
(118,'Can change WNS device',30,'change_wnsdevice'),
(119,'Can delete WNS device',30,'delete_wnsdevice'),
(120,'Can view WNS device',30,'view_wnsdevice'),
(121,'Can add WebPush device',31,'add_webpushdevice'),
(122,'Can change WebPush device',31,'change_webpushdevice'),
(123,'Can delete WebPush device',31,'delete_webpushdevice'),
(124,'Can view WebPush device',31,'view_webpushdevice');
/*!40000 ALTER TABLE `auth_permission` ENABLE KEYS */;
UNLOCK TABLES;

--
-- Table structure for table `dashboard_complain`
--

DROP TABLE IF EXISTS `dashboard_complain`;
/*!40101 SET @saved_cs_client     = @@character_set_client */;
/*!40101 SET character_set_client = utf8 */;
CREATE TABLE `dashboard_complain` (
  `id` bigint(20) NOT NULL AUTO_INCREMENT,
  `complain_id` bigint(20) NOT NULL,
  `report` longtext NOT NULL,
  `room_id` bigint(20) NOT NULL,
  `complain_placed_id` varchar(8) DEFAULT NULL,
  `created_at` datetime(6) NOT NULL,
  `updated_at` datetime(6) NOT NULL,
  `status` smallint(6) DEFAULT NULL,
  `note` varchar(250) DEFAULT NULL,
  PRIMARY KEY (`id`),
  UNIQUE KEY `complain_id` (`complain_placed_id`),
  KEY `dashboard_complain_room_id_95158dae_fk_dashboard_room_id` (`room_id`),
  KEY `dashboard_complain_complain_id_bd07c5b4` (`complain_id`),
  CONSTRAINT `dashboard_complain_complain_id_bd07c5b4_fk_dashboard` FOREIGN KEY (`complain_id`) REFERENCES `dashboard_complaintype` (`id`),
  CONSTRAINT `dashboard_complain_room_id_95158dae_fk_dashboard_room_id` FOREIGN KEY (`room_id`) REFERENCES `dashboard_room` (`id`)
) ENGINE=InnoDB AUTO_INCREMENT=12 DEFAULT CHARSET=utf8mb4 COLLATE=utf8mb4_general_ci;
/*!40101 SET character_set_client = @saved_cs_client */;

--
-- Dumping data for table `dashboard_complain`
--

LOCK TABLES `dashboard_complain` WRITE;
/*!40000 ALTER TABLE `dashboard_complain` DISABLE KEYS */;
INSERT INTO `dashboard_complain` VALUES
(5,10,'Adc',101,NULL,'2023-10-30 18:31:58.570561','2023-10-30 18:31:58.570629',0,NULL),
(6,9,'Ffhh',101,NULL,'2023-10-30 18:43:46.756606','2023-10-30 18:43:46.756675',0,NULL),
(10,20,'Washbasin tap no/very less water. \r\nAlready shared the issue over extension and visiting the reception desk in afternoon and around 3pm.\r\nRoom no. 207',113,NULL,'2023-11-24 23:20:04.734553','2023-11-24 23:20:04.734622',0,NULL),
(11,31,'No',141,NULL,'2023-12-08 15:53:09.027827','2023-12-08 15:53:09.027900',0,NULL);
/*!40000 ALTER TABLE `dashboard_complain` ENABLE KEYS */;
UNLOCK TABLES;

--
-- Table structure for table `dashboard_complaintype`
--

DROP TABLE IF EXISTS `dashboard_complaintype`;
/*!40101 SET @saved_cs_client     = @@character_set_client */;
/*!40101 SET character_set_client = utf8 */;
CREATE TABLE `dashboard_complaintype` (
  `id` bigint(20) NOT NULL AUTO_INCREMENT,
  `title` varchar(250) NOT NULL,
  `created_at` datetime(6) NOT NULL,
  `user_id` bigint(20) NOT NULL,
  PRIMARY KEY (`id`),
  KEY `dashboard_complaintype_user_id_47761edc_fk_accounts_user_id` (`user_id`),
  CONSTRAINT `dashboard_complaintype_user_id_47761edc_fk_accounts_user_id` FOREIGN KEY (`user_id`) REFERENCES `accounts_user` (`id`)
) ENGINE=InnoDB AUTO_INCREMENT=39 DEFAULT CHARSET=utf8mb4 COLLATE=utf8mb4_general_ci;
/*!40101 SET character_set_client = @saved_cs_client */;

--
-- Dumping data for table `dashboard_complaintype`
--

LOCK TABLES `dashboard_complaintype` WRITE;
/*!40000 ALTER TABLE `dashboard_complaintype` DISABLE KEYS */;
INSERT INTO `dashboard_complaintype` VALUES
(3,'1. Please clean my bathroom','2023-09-28 17:03:29.894027',2),
(4,'2. TV not working','2023-09-28 17:03:56.566356',2),
(5,'3. Fridge not working','2023-09-28 17:04:19.817000',2),
(6,'4. Some light in the room not working','2023-09-28 17:04:35.338910',2),
(7,'5. Fan not working','2023-09-28 17:04:51.633446',2),
(8,'6. Digital locker not working','2023-09-28 17:05:11.289030',2),
(9,'7. Please clean my room','2023-09-28 17:05:23.635635',2),
(10,'8. Please change my linen','2023-09-28 17:05:35.463644',2),
(11,'9. Shower or something else in the bathroom not working','2023-09-28 17:05:46.817194',2),
(12,'1. Please clean my bathroom','2023-10-07 17:20:03.680582',3),
(13,'2. TV not working','2023-10-07 17:20:21.947188',3),
(14,'3. Fridge not working','2023-10-07 17:20:33.755434',3),
(15,'4. Some light in the room not working','2023-10-07 17:20:46.944667',3),
(16,'5. Fan not working','2023-10-07 17:21:02.780069',3),
(17,'6. Digital locker not working','2023-10-07 17:21:15.402344',3),
(18,'7. Please clean my room','2023-10-07 17:21:29.508165',3),
(19,'8. Please change my linen','2023-10-07 17:21:41.149089',3),
(20,'9. Shower or something else in the bathroom not working','2023-10-07 17:21:51.604591',3),
(21,'1. Please clean my bathroom','2023-10-24 14:14:02.985987',4),
(22,'2. TV not working','2023-10-24 14:14:17.532055',4),
(23,'3. Fridge not working','2023-10-24 14:14:33.910191',4),
(24,'4. Some light in the room not working','2023-10-24 14:14:50.891187',4),
(25,'5. Fan not working','2023-10-24 14:15:09.980310',4),
(26,'6. Digital locker not working','2023-10-24 14:15:30.730294',4),
(27,'7. Please clean my room','2023-10-24 14:15:42.846271',4),
(28,'8. Please change my linen','2023-10-24 14:15:57.046137',4),
(29,'9. Shower or something else in the bathroom not working','2023-10-24 14:16:14.932359',4),
(30,'1. Please clean my bathroom','2023-11-08 16:30:27.391249',5),
(31,'2. TV not working','2023-11-08 16:30:59.976955',5),
(32,'3. Fridge not working','2023-11-08 16:31:18.031504',5),
(33,'4. Some light in the room not working','2023-11-08 16:31:48.947872',5),
(34,'5. Fan not working','2023-11-08 16:32:03.385055',5),
(35,'6. Digital locker not working','2023-11-08 16:32:18.090133',5),
(36,'7. Please clean my room','2023-11-08 16:32:29.441361',5),
(37,'8. Please change my linen','2023-11-08 16:32:40.171495',5),
(38,'9. Shower or something else in the bathroom not working','2023-11-08 16:32:52.564228',5);
/*!40000 ALTER TABLE `dashboard_complaintype` ENABLE KEYS */;
UNLOCK TABLES;

--
-- Table structure for table `dashboard_dialer`
--

DROP TABLE IF EXISTS `dashboard_dialer`;
/*!40101 SET @saved_cs_client     = @@character_set_client */;
/*!40101 SET character_set_client = utf8 */;
CREATE TABLE `dashboard_dialer` (
  `id` bigint(20) NOT NULL AUTO_INCREMENT,
  `c2c_name` varchar(100) NOT NULL,
  `status` tinyint(1) NOT NULL,
  `created_at` datetime(6) NOT NULL,
  `extension_id` bigint(20) NOT NULL,
  PRIMARY KEY (`id`),
  KEY `dashboard_dialer_extension_id_43f94af9_fk_dashboard_extension_id` (`extension_id`),
  CONSTRAINT `dashboard_dialer_extension_id_43f94af9_fk_dashboard_extension_id` FOREIGN KEY (`extension_id`) REFERENCES `dashboard_extension` (`id`)
) ENGINE=InnoDB AUTO_INCREMENT=21 DEFAULT CHARSET=utf8mb4 COLLATE=utf8mb4_general_ci;
/*!40101 SET character_set_client = @saved_cs_client */;

--
-- Dumping data for table `dashboard_dialer`
--

LOCK TABLES `dashboard_dialer` WRITE;
/*!40000 ALTER TABLE `dashboard_dialer` DISABLE KEYS */;
INSERT INTO `dashboard_dialer` VALUES
(7,'Reception',0,'2023-10-24 16:19:54.169467',155),
(8,'Room Service',0,'2023-10-24 16:20:01.261071',154),
(9,'SPA',0,'2023-10-25 11:14:15.041358',144),
(10,'Reception',0,'2023-10-25 11:14:27.926224',146),
(11,'Room Service',0,'2023-10-25 11:14:41.652568',145),
(12,'House Keeping',0,'2023-10-25 11:15:00.515517',143),
(16,'Reception',0,'2023-10-30 14:35:31.743680',151),
(17,'Room Service',0,'2023-11-06 17:02:05.762088',151),
(18,'Help Desk',0,'2023-11-06 17:02:17.564470',151),
(19,'Customer Support',0,'2023-11-06 17:02:50.487715',151);
/*!40000 ALTER TABLE `dashboard_dialer` ENABLE KEYS */;
UNLOCK TABLES;

--
-- Table structure for table `dashboard_extension`
--

DROP TABLE IF EXISTS `dashboard_extension`;
/*!40101 SET @saved_cs_client     = @@character_set_client */;
/*!40101 SET character_set_client = utf8 */;
CREATE TABLE `dashboard_extension` (
  `id` bigint(20) NOT NULL AUTO_INCREMENT,
  `extension_name` varchar(100) NOT NULL,
  `extension_sip_number` varchar(100) NOT NULL,
  `extension_sip_password` varchar(100) NOT NULL,
  `created_at` datetime(6) NOT NULL,
  `janus_id` bigint(20) NOT NULL,
  `pbx_id` bigint(20) NOT NULL,
  `user_id` bigint(20) NOT NULL,
  PRIMARY KEY (`id`),
  KEY `dashboard_extension_janus_id_32cd63bd_fk_dashboard_janus_id` (`janus_id`),
  KEY `dashboard_extension_pbx_id_db792181_fk_dashboard_pbx_id` (`pbx_id`),
  KEY `dashboard_extension_user_id_a2cf4906_fk_accounts_user_id` (`user_id`),
  CONSTRAINT `dashboard_extension_janus_id_32cd63bd_fk_dashboard_janus_id` FOREIGN KEY (`janus_id`) REFERENCES `dashboard_janus` (`id`),
  CONSTRAINT `dashboard_extension_pbx_id_db792181_fk_dashboard_pbx_id` FOREIGN KEY (`pbx_id`) REFERENCES `dashboard_pbx` (`id`),
  CONSTRAINT `dashboard_extension_user_id_a2cf4906_fk_accounts_user_id` FOREIGN KEY (`user_id`) REFERENCES `accounts_user` (`id`)
) ENGINE=InnoDB AUTO_INCREMENT=167 DEFAULT CHARSET=utf8mb4 COLLATE=utf8mb4_general_ci;
/*!40101 SET character_set_client = @saved_cs_client */;

--
-- Dumping data for table `dashboard_extension`
--

LOCK TABLES `dashboard_extension` WRITE;
/*!40000 ALTER TABLE `dashboard_extension` DISABLE KEYS */;
INSERT INTO `dashboard_extension` VALUES
(3,'101','101','iberry@898','2023-09-27 15:15:00.052597',2,2,4),
(4,'102','102','iberry@898','2023-09-27 15:15:14.094081',2,2,4),
(48,'101','101','iberry@898','2023-10-23 13:50:03.559541',3,3,2),
(49,'102','102','iberry@898','2023-10-23 13:50:25.335186',3,3,2),
(50,'103','103','iberry@898','2023-10-23 13:50:42.695610',3,3,2),
(51,'104','104','iberry@898','2023-10-23 13:50:58.659047',3,3,2),
(52,'105','105','iberry@898','2023-10-23 13:51:13.736508',3,3,2),
(53,'201','201','iberry@898','2023-10-23 14:02:53.795976',3,3,2),
(54,'202','202','iberry@898','2023-10-23 14:03:07.819634',3,3,2),
(55,'203','203','iberry@898','2023-10-23 14:03:23.004346',3,3,2),
(56,'204','204','iberry@898','2023-10-23 14:03:37.014520',3,3,2),
(57,'205','205','iberry@898','2023-10-23 14:03:51.501156',3,3,2),
(58,'301','301','iberry@898','2023-10-23 14:07:58.906443',3,3,2),
(59,'302','302','iberry@898','2023-10-23 14:08:11.407972',3,3,2),
(60,'303','303','iberry@898','2023-10-23 14:08:23.546449',3,3,2),
(61,'304','304','iberry@898','2023-10-23 14:08:40.074211',3,3,2),
(62,'305','305','iberry@898','2023-10-23 14:08:56.043669',3,3,2),
(63,'401','401','iberry@898','2023-10-23 14:15:23.939661',3,3,2),
(64,'402','402','iberry@898','2023-10-23 14:15:41.850520',3,3,2),
(65,'403','403','iberry@898','2023-10-23 14:15:58.940751',3,3,2),
(66,'404','404','iberry@898','2023-10-23 14:18:52.962894',3,3,2),
(67,'405','405','iberry@898','2023-10-23 14:19:14.652149',3,3,2),
(68,'406','406','iberry@898','2023-10-23 14:19:56.304579',3,3,2),
(69,'407','407','iberry@898','2023-10-23 14:20:11.693186',3,3,2),
(70,'408','408','iberry@898','2023-10-23 14:20:25.157697',3,3,2),
(71,'409','409','iberry@898','2023-10-23 14:20:44.367798',3,3,2),
(72,'410','410','iberry@898','2023-10-23 14:20:59.242738',3,3,2),
(73,'501','501','iberry@898','2023-10-23 14:29:48.863146',3,3,2),
(74,'502','502','iberry@898','2023-10-23 14:30:03.666220',3,3,2),
(75,'503','503','iberry@898','2023-10-23 14:30:21.657844',3,3,2),
(76,'504','504','iberry@898','2023-10-23 14:30:43.362691',3,3,2),
(77,'505','505','iberry@898','2023-10-23 14:31:01.569461',3,3,2),
(78,'506','506','iberry@898','2023-10-23 14:31:19.631127',3,3,2),
(79,'507','507','iberry@898','2023-10-23 14:31:35.213969',3,3,2),
(80,'508','508','iberry@898','2023-10-23 14:31:47.306531',3,3,2),
(81,'509','509','iberry@898','2023-10-23 14:32:01.087016',3,3,2),
(82,'510','510','iberry@898','2023-10-23 14:32:14.730218',3,3,2),
(83,'1001','1001','iberry@898','2023-10-23 14:41:29.832090',3,3,2),
(84,'1002','1002','iberry@898','2023-10-23 14:41:50.420964',3,3,2),
(85,'1003','1003','iberry@898','2023-10-23 14:42:05.173130',3,3,2),
(86,'1004','1004','iberry@898','2023-10-23 14:42:21.501347',3,3,2),
(87,'1005','1005','iberry@898','2023-10-23 14:42:37.357070',3,3,2),
(88,'1006','1006','iberry@898','2023-10-23 14:42:51.432103',3,3,2),
(89,'2001','2001','iberry@898','2023-10-23 14:48:24.101556',3,3,2),
(90,'2002','2002','iberry@898','2023-10-23 14:48:39.593748',3,3,2),
(91,'2003','2003','iberry@898','2023-10-23 14:48:53.508717',3,3,2),
(92,'2004','2004','iberry@898','2023-10-23 14:49:10.414968',3,3,2),
(93,'2005','2005','iberry@898','2023-10-23 14:49:27.701362',3,3,2),
(94,'2006','2006','iberry@898','2023-10-23 14:49:40.742877',3,3,2),
(95,'3001','3001','iberry@898','2023-10-23 14:55:46.716300',3,3,2),
(96,'3002','3002','iberry@898','2023-10-23 14:56:03.357591',3,3,2),
(97,'3003','3003','iberry@898','2023-10-23 14:56:20.505568',3,3,2),
(98,'3004','3004','iberry@898','2023-10-23 14:56:36.574340',3,3,2),
(99,'1111','1111','iberry@898','2023-10-23 15:00:00.584453',3,3,2),
(100,'1112','1112','iberry@898','2023-10-23 15:00:14.358534',3,3,2),
(102,'1114','1114','iberry@898','2023-10-23 15:00:48.828106',3,3,2),
(103,'1115','1115','iberry@898','2023-10-23 15:01:12.218277',3,3,2),
(106,'09','09','Iberry@898','2023-10-24 16:17:25.971500',1,4,3),
(107,'11','11','Iberry@898','2023-10-24 16:17:56.498132',1,4,3),
(108,'101','101','Iberry@898','2023-10-24 16:18:20.757801',1,4,3),
(111,'201','201','iberry@898','2023-10-24 16:28:11.617466',1,4,3),
(112,'202','202','iberry@898','2023-10-24 16:28:23.624375',1,4,3),
(113,'203','203','iberry@898','2023-10-24 16:28:36.171228',1,4,3),
(114,'204','204','iberry@898','2023-10-24 16:28:49.611403',1,4,3),
(115,'205','205','iberry@898','2023-10-24 16:29:08.531671',1,4,3),
(116,'206','206','iberry@898','2023-10-24 16:29:40.792385',1,4,3),
(117,'207','207','iberry@898','2023-10-24 16:29:51.210280',1,4,3),
(118,'208','208','iberry@898','2023-10-24 16:30:02.559212',1,4,3),
(119,'209','209','iberry@898','2023-10-24 16:30:15.300054',1,4,3),
(120,'210','210','iberry@898','2023-10-24 16:30:28.537639',1,4,3),
(121,'211','211','iberry@898','2023-10-24 16:30:39.356265',1,4,3),
(122,'212','212','iberry@898','2023-10-24 16:30:49.228881',1,4,3),
(123,'213','213','iberry@898','2023-10-24 16:30:59.683295',1,4,3),
(124,'214','214','iberry@898','2023-10-24 16:31:11.277698',1,4,3),
(125,'215','215','iberry@898','2023-10-24 16:31:22.167666',1,4,3),
(126,'216','216','iberry@898','2023-10-24 16:31:31.534861',1,4,3),
(127,'301','301','iberry@898','2023-10-24 16:40:37.455435',1,4,3),
(128,'302','302','iberry@898','2023-10-24 16:40:49.349166',1,4,3),
(129,'303','303','iberry@898','2023-10-24 16:41:03.423568',1,4,3),
(130,'304','304','iberry@898','2023-10-24 16:41:16.102235',1,4,3),
(131,'305','305','iberry@898','2023-10-24 16:41:26.388953',1,4,3),
(132,'306','306','iberry@898','2023-10-24 16:41:35.207987',1,4,3),
(133,'307','307','iberry@898','2023-10-24 16:41:44.645530',1,4,3),
(134,'308','308','iberry@898','2023-10-24 16:42:01.136236',1,4,3),
(135,'309','309','iberry@898','2023-10-24 16:42:13.282633',1,4,3),
(136,'310','310','iberry@898','2023-10-24 16:42:23.505233',1,4,3),
(137,'311','311','iberry@898','2023-10-24 16:42:34.085030',1,4,3),
(138,'312','312','iberry@898','2023-10-24 16:42:45.761364',1,4,3),
(139,'313','313','iberry@898','2023-10-24 16:42:59.860081',1,4,3),
(140,'314','314','iberry@898','2023-10-24 16:43:14.898809',1,4,3),
(141,'315','315','iberry@898','2023-10-24 16:43:26.292388',1,4,3),
(142,'316','316','iberry@898','2023-10-24 16:43:39.636979',1,4,3),
(143,'House Keeping','32','iberry@898','2023-10-25 11:01:03.606779',3,3,2),
(144,'SPA','15','iberry@898','2023-10-25 11:11:35.884336',3,3,2),
(145,'Room Service','07','iberry@898','2023-10-25 11:12:20.838025',3,3,2),
(146,'Reception','09','iberry@898','2023-10-25 11:12:44.985557',3,3,2),
(149,'101','101','iberry@898','2023-10-30 14:34:17.799243',4,6,5),
(150,'102','102','iberry@898','2023-10-30 14:34:31.490404',4,6,5),
(151,'09','09','iberry@898','2023-10-30 14:35:10.863880',4,6,5),
(152,'103','103','iberry@898','2023-10-31 14:44:54.386889',1,4,3),
(153,'102','102','iberry@898','2023-10-31 14:45:10.416105',1,4,3),
(154,'100','100','iberry@898','2023-10-31 19:54:23.584411',1,4,3),
(155,'999','999','iberry@898','2023-10-31 19:54:52.703886',1,4,3),
(156,'100','100','iberry@898','2023-11-06 17:01:29.701114',4,6,5),
(157,'Samm','22','iberry@898','2023-11-23 10:06:16.867814',5,7,1),
(161,'101','101','iberry@898','2023-11-28 15:16:31.694205',7,10,7),
(162,'105','105','iberry@898','2023-11-28 15:23:32.553788',4,6,5),
(164,'09','09','iberry@898','2023-11-28 16:23:12.769465',2,2,4),
(165,'103','103','iberry@898','2023-11-28 16:26:30.594757',2,2,4),
(166,'301','301','iberry@898','2023-12-06 14:08:52.997336',4,6,5);
/*!40000 ALTER TABLE `dashboard_extension` ENABLE KEYS */;
UNLOCK TABLES;

--
-- Table structure for table `dashboard_global`
--

DROP TABLE IF EXISTS `dashboard_global`;
/*!40101 SET @saved_cs_client     = @@character_set_client */;
/*!40101 SET character_set_client = utf8 */;
CREATE TABLE `dashboard_global` (
  `id` bigint(20) NOT NULL AUTO_INCREMENT,
  `config_name` varchar(100) NOT NULL,
  `config_value` varchar(150) DEFAULT NULL,
  `config_label` varchar(100) NOT NULL,
  `created_at` datetime(6) NOT NULL,
  `user_id` bigint(20) NOT NULL,
  PRIMARY KEY (`id`),
  KEY `dashboard_global_user_id_c808214f_fk_accounts_user_id` (`user_id`),
  CONSTRAINT `dashboard_global_user_id_c808214f_fk_accounts_user_id` FOREIGN KEY (`user_id`) REFERENCES `accounts_user` (`id`)
) ENGINE=InnoDB AUTO_INCREMENT=9 DEFAULT CHARSET=utf8mb4 COLLATE=utf8mb4_general_ci;
/*!40101 SET character_set_client = @saved_cs_client */;

--
-- Dumping data for table `dashboard_global`
--

LOCK TABLES `dashboard_global` WRITE;
/*!40000 ALTER TABLE `dashboard_global` DISABLE KEYS */;
INSERT INTO `dashboard_global` VALUES
(1,'room_auth_token_required','N','Token Based Access','2023-09-25 02:09:59.659817',1),
(2,'room_auth_token_required','N','Token Based Access','2023-09-26 13:53:42.611732',2),
(3,'room_auth_token_required','N','Token Based Access','2023-09-27 15:04:12.667422',3),
(4,'room_auth_token_required','N','Token Based Access','2023-09-27 15:12:07.878914',4),
(5,'room_auth_token_required','N','Token Based Access','2023-10-30 10:38:22.222063',5),
(7,'room_auth_token_required','N','Token Based Access','2023-11-28 15:01:54.357002',7),
(8,'room_auth_token_required','N','Token Based Access','2023-11-29 15:58:42.786884',8);
/*!40000 ALTER TABLE `dashboard_global` ENABLE KEYS */;
UNLOCK TABLES;

--
-- Table structure for table `dashboard_janus`
--

DROP TABLE IF EXISTS `dashboard_janus`;
/*!40101 SET @saved_cs_client     = @@character_set_client */;
/*!40101 SET character_set_client = utf8 */;
CREATE TABLE `dashboard_janus` (
  `id` bigint(20) NOT NULL AUTO_INCREMENT,
  `janus_name` varchar(100) NOT NULL,
  `janus_domain` varchar(100) NOT NULL,
  `created_at` datetime(6) NOT NULL,
  `user_id` bigint(20) NOT NULL,
  PRIMARY KEY (`id`),
  KEY `dashboard_janus_user_id_fe50b1b0_fk_accounts_user_id` (`user_id`),
  CONSTRAINT `dashboard_janus_user_id_fe50b1b0_fk_accounts_user_id` FOREIGN KEY (`user_id`) REFERENCES `accounts_user` (`id`)
) ENGINE=InnoDB AUTO_INCREMENT=8 DEFAULT CHARSET=utf8mb4 COLLATE=utf8mb4_general_ci;
/*!40101 SET character_set_client = @saved_cs_client */;

--
-- Dumping data for table `dashboard_janus`
--

LOCK TABLES `dashboard_janus` WRITE;
/*!40000 ALTER TABLE `dashboard_janus` DISABLE KEYS */;
INSERT INTO `dashboard_janus` VALUES
(1,'janus','janus.iberry.shop','2023-09-27 15:08:59.894189',3),
(2,'janus','janus.iberry.shop','2023-09-27 15:14:42.947004',4),
(3,'janus','janus.iberry.shop','2023-09-27 15:16:35.918862',2),
(4,'janus','janus.iberry.shop','2023-10-30 10:58:43.682835',5),
(5,'Janus Box','janus.iberry.shop','2023-11-23 10:05:50.207301',1),
(7,'janus','janus.iberry.shop','2023-11-28 15:10:10.333173',7);
/*!40000 ALTER TABLE `dashboard_janus` ENABLE KEYS */;
UNLOCK TABLES;

--
-- Table structure for table `dashboard_pbx`
--

DROP TABLE IF EXISTS `dashboard_pbx`;
/*!40101 SET @saved_cs_client     = @@character_set_client */;
/*!40101 SET character_set_client = utf8 */;
CREATE TABLE `dashboard_pbx` (
  `id` bigint(20) NOT NULL AUTO_INCREMENT,
  `pbx_name` varchar(100) NOT NULL,
  `pbx_domain` varchar(100) NOT NULL,
  `created_at` datetime(6) NOT NULL,
  `user_id` bigint(20) NOT NULL,
  PRIMARY KEY (`id`),
  KEY `dashboard_pbx_user_id_8e573f60_fk_accounts_user_id` (`user_id`),
  CONSTRAINT `dashboard_pbx_user_id_8e573f60_fk_accounts_user_id` FOREIGN KEY (`user_id`) REFERENCES `accounts_user` (`id`)
) ENGINE=InnoDB AUTO_INCREMENT=11 DEFAULT CHARSET=utf8mb4 COLLATE=utf8mb4_general_ci;
/*!40101 SET character_set_client = @saved_cs_client */;

--
-- Dumping data for table `dashboard_pbx`
--

LOCK TABLES `dashboard_pbx` WRITE;
/*!40000 ALTER TABLE `dashboard_pbx` DISABLE KEYS */;
INSERT INTO `dashboard_pbx` VALUES
(2,'iberry pbx','swan1.iberry.in.net','2023-09-27 15:14:27.815290',4),
(3,'iberry pbx','willow.iberry.in.net','2023-09-27 15:16:21.324342',2),
(4,'I berry Pbx','yellow.iberry.in.net','2023-10-24 16:16:13.433839',3),
(6,'iberry pbx','iberry.in.net','2023-10-30 14:33:17.843595',5),
(7,'Pbx Box','admin.iberry.in.net','2023-11-23 10:06:00.494097',1),
(10,'Iberrypbx','swan1.iberry.in.net','2023-11-28 15:15:55.622163',7);
/*!40000 ALTER TABLE `dashboard_pbx` ENABLE KEYS */;
UNLOCK TABLES;

--
-- Table structure for table `dashboard_room`
--

DROP TABLE IF EXISTS `dashboard_room`;
/*!40101 SET @saved_cs_client     = @@character_set_client */;
/*!40101 SET character_set_client = utf8 */;
CREATE TABLE `dashboard_room` (
  `id` bigint(20) NOT NULL AUTO_INCREMENT,
  `room_number` int(11) NOT NULL,
  `room_token` varchar(50) DEFAULT NULL,
  `short_url` varchar(150) DEFAULT NULL,
  `auth_token` varchar(150) DEFAULT NULL,
  `status` tinyint(1) NOT NULL,
  `created_at` datetime(6) NOT NULL,
  `extension_id` bigint(20) NOT NULL,
  `user_id` bigint(20) NOT NULL,
  PRIMARY KEY (`id`),
  KEY `dashboard_room_extension_id_bb6120ee_fk_dashboard_extension_id` (`extension_id`),
  KEY `dashboard_room_user_id_b4350b79_fk_accounts_user_id` (`user_id`),
  CONSTRAINT `dashboard_room_extension_id_bb6120ee_fk_dashboard_extension_id` FOREIGN KEY (`extension_id`) REFERENCES `dashboard_extension` (`id`),
  CONSTRAINT `dashboard_room_user_id_b4350b79_fk_accounts_user_id` FOREIGN KEY (`user_id`) REFERENCES `accounts_user` (`id`)
) ENGINE=InnoDB AUTO_INCREMENT=150 DEFAULT CHARSET=utf8mb4 COLLATE=utf8mb4_general_ci;
/*!40101 SET character_set_client = @saved_cs_client */;

--
-- Dumping data for table `dashboard_room`
--

LOCK TABLES `dashboard_room` WRITE;
/*!40000 ALTER TABLE `dashboard_room` DISABLE KEYS */;
INSERT INTO `dashboard_room` VALUES
(3,101,'6398197','https://curt.shop/?MTI2','skzYTk',1,'2023-09-27 15:15:25.161448',3,4),
(4,102,'2441437','https://curt.shop/?MTI3','HvT97f',1,'2023-09-27 15:15:33.814546',4,4),
(47,101,'1048576','https://curt.shop/?MTcw','aEGR3F',1,'2023-10-23 13:51:27.023338',48,2),
(48,102,'3227689','https://curt.shop/?MTcx','Wo50J5',1,'2023-10-23 13:51:35.142293',49,2),
(49,103,'25469139','https://curt.shop/?MTcy','A6rXfs',1,'2023-10-23 13:51:43.203315',50,2),
(50,104,'12648591','https://curt.shop/?MTcz','DdwJIE',1,'2023-10-23 13:51:50.959845',51,2),
(51,105,'76914860','https://curt.shop/?MTc0','PvQYhV',1,'2023-10-23 13:51:59.749339',52,2),
(52,201,'17104926','https://curt.shop/?MTc1','FraShn',1,'2023-10-23 14:04:21.348894',53,2),
(53,202,'77602855','https://curt.shop/?MTc2','blpQzN',1,'2023-10-23 14:04:30.074004',54,2),
(54,203,'27533567','https://curt.shop/?MTc3','Usjomv',1,'2023-10-23 14:04:38.937395',55,2),
(55,204,'72433876','https://curt.shop/?MTc4','KQDs5I',1,'2023-10-23 14:04:46.150175',56,2),
(56,205,'96772190','https://curt.shop/?MTc5','uDICxk',1,'2023-10-23 14:05:04.173682',57,2),
(57,301,'6594761','https://curt.shop/?MTgw','aOSOfo',1,'2023-10-23 14:09:16.419438',58,2),
(58,302,'95715354','https://curt.shop/?MTgx','02PdO7',1,'2023-10-23 14:09:25.022906',59,2),
(59,303,'18137260','https://curt.shop/?MTgy','73s7aQ',1,'2023-10-23 14:09:32.809276',60,2),
(60,304,'28664012','https://curt.shop/?MTgz','SLPZGj',1,'2023-10-23 14:09:44.750126',61,2),
(61,305,'91562158','https://curt.shop/?MTg0','lHrMlh',1,'2023-10-23 14:09:54.228992',62,2),
(62,401,'23085152','https://curt.shop/?MTg1','pWKc1q',1,'2023-10-23 14:21:20.021816',63,2),
(63,402,'8495354','https://curt.shop/?MTg2','40N2im',1,'2023-10-23 14:21:30.973599',64,2),
(64,403,'81879253','https://curt.shop/?MTg3','ANCw5s',1,'2023-10-23 14:21:42.705576',65,2),
(65,404,'69574676','https://curt.shop/?MTg4','VX3C0K',1,'2023-10-23 14:21:50.560053',66,2),
(66,405,'97632421','https://curt.shop/?MTg5','CcJxAJ',1,'2023-10-23 14:21:59.865155',67,2),
(67,406,'11583521','https://curt.shop/?MTkw','AxBmhL',1,'2023-10-23 14:22:20.034504',68,2),
(68,407,'96796698','https://curt.shop/?MTkx','SXu73O',1,'2023-10-23 14:22:29.961074',69,2),
(69,408,'18170088','https://curt.shop/?MTky','mC3Yjp',1,'2023-10-23 14:22:36.773070',70,2),
(70,409,'96468996','https://curt.shop/?MTkz','pzYcxS',1,'2023-10-23 14:22:48.693586',71,2),
(71,410,'83165431','https://curt.shop/?MTk0','l5EMgH',1,'2023-10-23 14:22:58.122171',72,2),
(72,501,'15835218','https://curt.shop/?MTk1','x2yurB',1,'2023-10-23 14:32:57.107469',73,2),
(73,502,'32928','https://curt.shop/?MTk2','EPxwHG',1,'2023-10-23 14:33:06.407236',74,2),
(74,503,'72450167','https://curt.shop/?MTk3','xihW2Y',1,'2023-10-23 14:33:19.045214',75,2),
(75,504,'98951271','https://curt.shop/?MTk4','wZfztJ',1,'2023-10-23 14:33:27.730747',76,2),
(76,505,'94757083','https://curt.shop/?MTk5','u5GkZk',1,'2023-10-23 14:33:37.061563',77,2),
(77,506,'27631688','https://curt.shop/?MjAw','ie2EMG',1,'2023-10-23 14:33:47.165749',78,2),
(78,507,'96829583','https://curt.shop/?MjAx','vYVQpp',1,'2023-10-23 14:34:14.202389',79,2),
(79,508,'86049010','https://curt.shop/?MjAy','s9Qor8',1,'2023-10-23 14:34:21.763029',80,2),
(80,509,'20971668','https://curt.shop/?MjAz','Ioi9nq',1,'2023-10-23 14:34:29.840452',81,2),
(81,510,'13746284','https://curt.shop/?MjA0','yvHgug',1,'2023-10-23 14:34:55.091670',82,2),
(82,1001,'73777369','https://curt.shop/?MjA1','CX54wJ',1,'2023-10-23 14:43:08.460113',83,2),
(83,1002,'4522211','https://curt.shop/?MjA2','ogjlhq',1,'2023-10-23 14:43:21.445822',84,2),
(84,1003,'88113324','https://curt.shop/?MjA3','GuoaY3',1,'2023-10-23 14:43:32.136915',85,2),
(85,1004,'30736578','https://curt.shop/?MjA4','Xn4Kxr',1,'2023-10-23 14:43:41.047833',86,2),
(86,1005,'81895427','https://curt.shop/?MjA5','OBe4oH',1,'2023-10-23 14:43:52.157687',87,2),
(87,1006,'98566316','https://curt.shop/?MjEw','NFvuu7',1,'2023-10-23 14:44:01.430505',88,2),
(88,2001,'73490669','https://curt.shop/?MjEx','Jmd2Y7',1,'2023-10-23 14:49:53.990230',89,2),
(89,2002,'17121386','https://curt.shop/?MjEy','q38run',1,'2023-10-23 14:50:03.369454',90,2),
(90,2003,'19136739','https://curt.shop/?MjEz','8t8FTY',1,'2023-10-23 14:50:13.224688',91,2),
(91,2004,'9535540','https://curt.shop/?MjE0','XBIH7U',1,'2023-10-23 14:50:21.531823',92,2),
(92,2005,'78741747','https://curt.shop/?MjE1','tZtY0D',1,'2023-10-23 14:50:29.912101',93,2),
(93,2006,'23371986','https://curt.shop/?MjE2','lYpZpk',1,'2023-10-23 14:50:39.347396',94,2),
(94,3001,'81895439','https://curt.shop/?MjE3','jcgZTN',1,'2023-10-23 14:56:49.544961',95,2),
(95,3002,'84238388','https://curt.shop/?MjE4','L3SF6O',1,'2023-10-23 14:56:57.521238',96,2),
(96,3003,'85999837','https://curt.shop/?MjE5','mFcx1F',1,'2023-10-23 14:57:04.627952',97,2),
(97,3004,'25469179','https://curt.shop/?MjIw','ML7kM1',1,'2023-10-23 14:57:11.500668',98,2),
(98,1111,'57568','https://curt.shop/?MjIx','pPrO75',1,'2023-10-23 15:01:32.155563',99,2),
(99,1112,'13647988','https://curt.shop/?MjIy','QKEiBf',1,'2023-10-23 15:01:39.914991',100,2),
(100,1114,'15016172','https://curt.shop/?MjIz','UfD46C',1,'2023-10-23 15:01:48.873692',102,2),
(101,1115,'21053629','https://curt.shop/?MjI0','nDs2j4',1,'2023-10-23 15:01:56.929525',103,2),
(102,101,'3268766','https://curt.shop/?MjI1','yFdWYn',1,'2023-10-24 16:19:28.057212',108,3),
(105,9,'27558022','https://curt.shop/?MjI4','HIlBoy',1,'2023-10-24 16:26:39.303599',106,3),
(106,11,NULL,NULL,NULL,1,'2023-10-24 16:26:51.147570',107,3),
(107,201,'20979792','https://curt.shop/?MjMw','bik5y9',1,'2023-10-24 16:32:17.085635',111,3),
(108,202,'69296334','https://curt.shop/?MjMx','Fhepsf',1,'2023-10-24 16:32:27.804148',112,3),
(109,203,'84975714','https://curt.shop/?MjMy','wChqjt',1,'2023-10-24 16:32:34.283294',113,3),
(110,204,'94724170','https://curt.shop/?MjMz','p1O55Q',1,'2023-10-24 16:32:41.767390',114,3),
(111,205,'97558661','https://curt.shop/?MjM0','A1d6WO',1,'2023-10-24 16:32:48.182604',115,3),
(112,206,'26476582','https://curt.shop/?MjM1','dBQQ1x',1,'2023-10-24 16:32:53.836606',116,3),
(113,207,'77856823','https://curt.shop/?MjM2','MR04U2',1,'2023-10-24 16:32:59.720223',117,3),
(114,208,'86048808','https://curt.shop/?MjM3','1tx1LX',1,'2023-10-24 16:33:06.766875',118,3),
(115,209,'28622987','https://curt.shop/?MjM4','Ek0ciQ',1,'2023-10-24 16:33:13.227799',119,3),
(116,210,'9822405','https://curt.shop/?MjM5','TJsBfi',1,'2023-10-24 16:33:19.269332',120,3),
(117,211,'24158282','https://curt.shop/?MjQw','TNPq3X',1,'2023-10-24 16:33:24.601289',121,3),
(118,212,'2359311','https://curt.shop/?MjQx','P5qBNv',1,'2023-10-24 16:33:29.948047',122,3),
(119,213,'1376475','https://curt.shop/?MjQy','rqewLt',1,'2023-10-24 16:33:35.290230',123,3),
(120,214,'13893841','https://curt.shop/?MjQz','XYMRuQ',1,'2023-10-24 16:33:40.916059',124,3),
(121,215,'90448101','https://curt.shop/?MjQ0','7cHa6n',1,'2023-10-24 16:33:47.527099',125,3),
(122,216,'30531586','https://curt.shop/?MjQ1','YQMS3X',1,'2023-10-24 16:33:57.278097',126,3),
(123,301,'89251880','https://curt.shop/?MjQ2','oaGO8A',1,'2023-10-24 16:55:55.574800',127,3),
(124,302,'82960560','https://curt.shop/?MjQ3','vGfckS',1,'2023-10-24 16:56:02.587728',128,3),
(125,303,'97566895','https://curt.shop/?MjQ4','8TfMH7',1,'2023-10-24 16:56:08.965868',129,3),
(126,304,'85000195','https://curt.shop/?MjQ5','PUvc0Z',1,'2023-10-24 16:56:16.218844',130,3),
(127,305,'18964698','https://curt.shop/?MjUw','q2mRbs',1,'2023-10-24 16:56:23.111421',131,3),
(128,306,'30687278','https://curt.shop/?MjUx','BjSS6m',1,'2023-10-24 16:56:29.367932',132,3),
(129,307,'78905356','https://curt.shop/?MjUy','AT0Gbo',1,'2023-10-24 16:56:37.874795',133,3),
(130,308,'87130204','https://curt.shop/?MjUz','oZA0tF',1,'2023-10-24 16:56:52.900785',134,3),
(131,309,'96518170','https://curt.shop/?MjU0','F5W96s',1,'2023-10-24 16:57:01.557297',135,3),
(132,310,'84213848','https://curt.shop/?MjU1','KShezO',1,'2023-10-24 16:57:07.847852',136,3),
(133,311,'26312919','https://curt.shop/?MjU2','egXqLK',1,'2023-10-24 16:57:15.098795',137,3),
(134,312,'85033016','https://curt.shop/?MjU3','p6Piz9',1,'2023-10-24 16:57:21.307001',138,3),
(135,313,'22110373','https://curt.shop/?MjU4','pAIeoc',1,'2023-10-24 16:57:27.458684',139,3),
(136,314,'15810601','https://curt.shop/?MjU5','FW1Nh1',1,'2023-10-24 16:57:34.915397',140,3),
(137,315,'4235424','https://curt.shop/?MjYw','TEO6Gl',1,'2023-10-24 16:57:41.378259',141,3),
(138,316,'75800796','https://curt.shop/?MjYx','0z5Wa8',1,'2023-10-24 16:57:48.608355',142,3),
(140,101,'28410099','https://curt.shop/?MjYz','IHsZWe',1,'2023-10-30 14:35:50.060489',149,5),
(141,102,'12853470','https://curt.shop/?MjY0','My3jEb',1,'2023-10-30 14:35:58.970650',150,5),
(142,102,'99999761','https://curt.shop/?MjY1','TwIdYc',1,'2023-10-31 14:45:24.755186',153,3),
(143,103,'344269','https://curt.shop/?MjY2','BWSL7G',1,'2023-10-31 14:45:49.175279',152,3),
(145,101,'2130030','https://demo.iberrywifi.in/store/2130030/','bOURQ2',0,'2023-12-03 11:27:01.111227',157,1),
(146,105,'12894450','https://demo.iberrywifi.in/store/12894450/','otLcRj',1,'2023-12-04 14:50:55.950314',162,5),
(147,101,'72392732','https://demo.iberrywifi.in/store/72392732/','vBiPmM',1,'2023-12-04 14:51:38.655935',161,7),
(149,301,'9552059','https://demo.iberrywifi.in/store/9552059/','0nkuHI',1,'2023-12-08 16:14:37.802189',166,5);
/*!40000 ALTER TABLE `dashboard_room` ENABLE KEYS */;
UNLOCK TABLES;

--
-- Table structure for table `dashboard_service`
--

DROP TABLE IF EXISTS `dashboard_service`;
/*!40101 SET @saved_cs_client     = @@character_set_client */;
/*!40101 SET character_set_client = utf8 */;
CREATE TABLE `dashboard_service` (
  `id` bigint(20) NOT NULL AUTO_INCREMENT,
  `name` varchar(150) NOT NULL,
  `price` int(11) NOT NULL,
  `user_id` bigint(20) NOT NULL,
  `image` varchar(100) NOT NULL,
  `description` longtext NOT NULL,
  `quantity` int(11) NOT NULL,
  PRIMARY KEY (`id`),
  KEY `dashboard_service_user_id_a9ae6674_fk_accounts_user_id` (`user_id`),
  CONSTRAINT `dashboard_service_user_id_a9ae6674_fk_accounts_user_id` FOREIGN KEY (`user_id`) REFERENCES `accounts_user` (`id`)
) ENGINE=InnoDB AUTO_INCREMENT=33 DEFAULT CHARSET=utf8mb4 COLLATE=utf8mb4_general_ci;
/*!40101 SET character_set_client = @saved_cs_client */;

--
-- Dumping data for table `dashboard_service`
--

LOCK TABLES `dashboard_service` WRITE;
/*!40000 ALTER TABLE `dashboard_service` DISABLE KEYS */;
INSERT INTO `dashboard_service` VALUES
(1,'24*7 open',0,3,'images/services/123.png','we are available for 24 hours',0),
(2,'Bath towels',0,2,'images/services/61b8RiKQgiL._AC_UF8941000_QL80_.jpg','These highly absorbent 100% cotton BATH Towels offer luxurious quality combined with practicality',2),
(3,'Dental kit',0,2,'images/services/dental.jpg','Kit Contains: Tooth Brush and Tooth Paste',1),
(4,'Shaving kit',0,2,'images/services/615qGfwfwkL.jpg','This Shaving kit combo comes with a razor and a pouch of shaving cream',1),
(5,'Bedroom slippers',0,2,'images/services/51vBVVLXn4S._SL1070_.jpg','a comfortable cotton slipper to wear in the room',1),
(6,'Bath tub stopper',0,2,'images/services/71Jz7Fv77RL._AC_UF8941000_QL80_.jpg','Use the bath tub stopper to enjoy a tub bath',1),
(7,'Shower gel',0,2,'images/services/712mwOfuzRL._AC_UF10001000_QL80_.jpg','Specialized liquid product used for cleaning the body during showers (25ml)',1),
(8,'Shampoo',0,2,'images/services/712mwOfuzRL._AC_UF10001000_QL80__gVKyyp3.jpg','Specially formulated shampoo for healthy shiny hair (25ml)',1),
(9,'Tea coffee sachets',0,2,'images/services/tea_coffee.png','Tea bags and coffee powder pouches, sugar and milk pouches, for an anytime tea/ coffee treat',4),
(10,'Drinking RO water thermos',0,2,'images/services/41Vk1ufbHL._SY300_SX300_.jpg','Reverse osmosis (RO) is a water purification process that uses a semi-permeable membrane to separate water molecules from other substances. This is a thermos filled with RO water.',1),
(11,'FREE WIFI',0,3,'images/services/wifi.png','FREE WIFI',0),
(12,'Air Conditioned',0,3,'images/services/Air_Conditioned.png','This AC works through a system of ducts that help to remove hot air in the rooms and replace it.',0),
(13,'ROOM SERVICE ( CHARGEABLE )',0,3,'images/services/ROOM_SERVICE.png','Room service or in-room dining is a hotel service enabling guests to choose items of food and drink for delivery to their hotel room for consumption.',0),
(14,'CHILD FRIENDLY',0,3,'images/services/child_friendly.png','CHILD FRIENDLY',0),
(15,'LAUNDRY SERVICE',0,3,'images/services/laundry_services.png','A laundry service is a service in a hotel that washes and irons clothes for guests.',0),
(16,'VALVET PARKING',0,3,'images/services/valvet__parking.png','Valet parking is a service that operates at places such as hotels and restaurants, in which customers\' cars are parked by an attendant.',0),
(17,'SMART 50\" T.V.',0,3,'images/services/smart_tv.png','Smart TVs  stream entertainment straight to your TV via an internet connection',0),
(18,'CAB SERVICE (ON CALL)',0,3,'images/services/cab_service.png','CAB SERVICE (ON CALL)',50),
(19,'Conditioner',0,2,'images/services/712mwOfuzRL._AC_UF10001000_QL80__vRI2Yhp.jpg','Specially formulated for post wash care to keep your hair soft and silky',0),
(20,'Moisturizing Lotion',0,2,'images/services/712mwOfuzRL._AC_UF10001000_QL80__fRzfWLe.jpg','Specially designed cream with herbal extracts to keep your skin hydrated and soft',1),
(21,'Comb',0,2,'images/services/plastic-hair-comb.jpeg','Comb to detangle and manage hair',1),
(22,'Extra Blanket',0,2,'images/services/71gZEOUPJrL._SX679_.jpg','To keep you extra warm during winters in case you require the same',1),
(23,'TV channel',0,2,'images/services/download.jpg','Do let us know if you want any other TV channel which you cannot find and we will arrange it for you',0),
(24,'Bath towels',0,5,'images/services/bath_towel.png','100% cotton is the most common construction. It is known for its absorbency and durability.',4),
(25,'Dental kits',0,5,'images/services/dental_kit_udX4qiM.png','Kit Contains: ToothBrush, Tooth Paste, Tongue Cleaner',5),
(26,'Shaving kit',0,5,'images/services/shaving_kit_5uOUTuK.png','This luxurious kit includes a gentle pre-shave scrub, a handcrafted razor, a rich shaving cream, a faux badger shaving brush, and a soothing post-shave balm.',4),
(27,'Bedroom slippers',0,5,'images/services/Bedroom_slippers.png','. They provide comfort and protection for the feet when walking indoors.',15),
(28,'Bath tub stopper',0,5,'images/services/Bath_tub_stopper.png','A bathtub stopper is a small device that effectively plugs the drain in your bathtub.',4),
(29,'Shower gel',0,5,'images/services/Shower_jel.png','The shower gel is an emulsion of water and detergent base, usually with an added fragrance.',4),
(30,'Shampoo',0,5,'images/services/Shampoo.png','A shampoo not only provides the cleaning of the scalp skin and hair as its primary function, but in addition also serves to condition and beautify hair and acts as an adjunct in the management of various scalp disorders.',4),
(31,'Tea coffee sachets',0,5,'images/services/Tea_coffee_sachets.png','Tea coffee sachets',4),
(32,'Drinking RO water thermos',0,5,'images/services/Drinking_RO_water_thermos.png','Drinking RO water thermos',4);
/*!40000 ALTER TABLE `dashboard_service` ENABLE KEYS */;
UNLOCK TABLES;

--
-- Table structure for table `django_admin_log`
--

DROP TABLE IF EXISTS `django_admin_log`;
/*!40101 SET @saved_cs_client     = @@character_set_client */;
/*!40101 SET character_set_client = utf8 */;
CREATE TABLE `django_admin_log` (
  `id` int(11) NOT NULL AUTO_INCREMENT,
  `action_time` datetime(6) NOT NULL,
  `object_id` longtext DEFAULT NULL,
  `object_repr` varchar(200) NOT NULL,
  `action_flag` smallint(5) unsigned NOT NULL CHECK (`action_flag` >= 0),
  `change_message` longtext NOT NULL,
  `content_type_id` int(11) DEFAULT NULL,
  `user_id` bigint(20) NOT NULL,
  PRIMARY KEY (`id`),
  KEY `django_admin_log_content_type_id_c4bce8eb_fk_django_co` (`content_type_id`),
  KEY `django_admin_log_user_id_c564eba6_fk_accounts_user_id` (`user_id`),
  CONSTRAINT `django_admin_log_content_type_id_c4bce8eb_fk_django_co` FOREIGN KEY (`content_type_id`) REFERENCES `django_content_type` (`id`),
  CONSTRAINT `django_admin_log_user_id_c564eba6_fk_accounts_user_id` FOREIGN KEY (`user_id`) REFERENCES `accounts_user` (`id`)
) ENGINE=InnoDB AUTO_INCREMENT=28 DEFAULT CHARSET=utf8mb4 COLLATE=utf8mb4_general_ci;
/*!40101 SET character_set_client = @saved_cs_client */;

--
-- Dumping data for table `django_admin_log`
--

LOCK TABLES `django_admin_log` WRITE;
/*!40000 ALTER TABLE `django_admin_log` DISABLE KEYS */;
INSERT INTO `django_admin_log` VALUES
(1,'2023-09-25 02:14:42.530619','1','All Permission',1,'[{\"added\": {}}]',3,1),
(2,'2023-09-26 13:53:42.626863','2','willow',1,'[{\"added\": {}}]',6,1),
(3,'2023-09-26 13:54:10.286158','2','willow',2,'[{\"changed\": {\"fields\": [\"Username\"]}}]',6,1),
(4,'2023-09-26 16:33:17.778726','2','willow',2,'[{\"changed\": {\"fields\": [\"Staff status\", \"Superuser status\", \"Groups\", \"User permissions\"]}}]',6,1),
(5,'2023-09-27 15:04:12.679355','3','yellow',1,'[{\"added\": {}}]',6,1),
(6,'2023-09-27 15:04:59.693191','3','yellow',2,'[{\"changed\": {\"fields\": [\"Username\", \"Address\", \"Groups\", \"User permissions\"]}}]',6,1),
(7,'2023-09-27 15:12:07.882099','4','swan',1,'[{\"added\": {}}]',6,3),
(8,'2023-09-27 15:12:24.263209','4','swan',2,'[{\"changed\": {\"fields\": [\"Username\", \"Groups\", \"User permissions\"]}}]',6,3),
(9,'2023-10-30 10:38:22.240873','5','Iberry',1,'[{\"added\": {}}]',6,1),
(10,'2023-10-30 10:39:26.909691','5','Iberry',2,'[{\"changed\": {\"fields\": [\"Username\", \"Groups\", \"User permissions\"]}}]',6,1),
(11,'2023-11-08 01:04:46.041121','9','GCMDevice for willow',3,'',29,2),
(12,'2023-11-08 01:04:46.045589','8','GCMDevice for willow',3,'',29,2),
(13,'2023-11-08 01:04:46.047313','7','GCMDevice for willow',3,'',29,2),
(14,'2023-11-08 01:04:46.048271','6','GCMDevice for yellow',3,'',29,2),
(15,'2023-11-08 01:04:46.049047','5','GCMDevice for yellow',3,'',29,2),
(16,'2023-11-08 01:04:46.049820','4','GCMDevice for yellow',3,'',29,2),
(17,'2023-11-08 01:04:46.050608','3','GCMDevice for swan',3,'',29,2),
(18,'2023-11-08 01:04:46.051368','2','GCMDevice for willow',3,'',29,2),
(19,'2023-11-08 01:04:46.052694','1','GCMDevice for willow',3,'',29,2),
(20,'2023-11-20 00:06:50.790690','4','swan',2,'[]',6,3),
(21,'2023-11-26 21:51:30.304942','6','sammrafi1',1,'[{\"added\": {}}]',6,1),
(22,'2023-11-26 21:52:15.412776','6','sammrafi1',3,'',6,1),
(23,'2023-11-28 15:01:54.458336','7','Departmental Store',1,'[{\"added\": {}}]',6,1),
(24,'2023-11-28 15:02:47.725504','7','Departmental Store',2,'[{\"changed\": {\"fields\": [\"Username\", \"Groups\", \"User permissions\"]}}]',6,1),
(25,'2023-11-28 15:03:32.706364','7','Departmental Store',2,'[{\"changed\": {\"fields\": [\"Address\"]}}]',6,1),
(26,'2023-11-29 15:58:42.790168','8','gurpreet',1,'[{\"added\": {}}]',6,4),
(27,'2023-11-29 16:00:36.351338','8','gurpreet',2,'[{\"changed\": {\"fields\": [\"Username\", \"Groups\"]}}]',6,4);
/*!40000 ALTER TABLE `django_admin_log` ENABLE KEYS */;
UNLOCK TABLES;

--
-- Table structure for table `django_content_type`
--

DROP TABLE IF EXISTS `django_content_type`;
/*!40101 SET @saved_cs_client     = @@character_set_client */;
/*!40101 SET character_set_client = utf8 */;
CREATE TABLE `django_content_type` (
  `id` int(11) NOT NULL AUTO_INCREMENT,
  `app_label` varchar(100) NOT NULL,
  `model` varchar(100) NOT NULL,
  PRIMARY KEY (`id`),
  UNIQUE KEY `django_content_type_app_label_model_76bd3d3b_uniq` (`app_label`,`model`)
) ENGINE=InnoDB AUTO_INCREMENT=32 DEFAULT CHARSET=utf8mb4 COLLATE=utf8mb4_general_ci;
/*!40101 SET character_set_client = @saved_cs_client */;

--
-- Dumping data for table `django_content_type`
--

LOCK TABLES `django_content_type` WRITE;
/*!40000 ALTER TABLE `django_content_type` DISABLE KEYS */;
INSERT INTO `django_content_type` VALUES
(6,'accounts','user'),
(1,'admin','logentry'),
(3,'auth','group'),
(2,'auth','permission'),
(4,'contenttypes','contenttype'),
(14,'dashboard','complain'),
(15,'dashboard','complaintype'),
(12,'dashboard','dialer'),
(7,'dashboard','extension'),
(11,'dashboard','global'),
(8,'dashboard','janus'),
(9,'dashboard','pbx'),
(10,'dashboard','room'),
(13,'dashboard','service'),
(27,'notification','notification'),
(28,'push_notifications','apnsdevice'),
(29,'push_notifications','gcmdevice'),
(31,'push_notifications','webpushdevice'),
(30,'push_notifications','wnsdevice'),
(5,'sessions','session'),
(21,'stores','cart'),
(16,'stores','category'),
(17,'stores','image'),
(18,'stores','item'),
(19,'stores','order'),
(20,'stores','orderitem'),
(22,'stores','price'),
(24,'stores','servicecart'),
(25,'stores','serviceorder'),
(26,'stores','serviceorderitem'),
(23,'stores','subcategory');
/*!40000 ALTER TABLE `django_content_type` ENABLE KEYS */;
UNLOCK TABLES;

--
-- Table structure for table `django_migrations`
--

DROP TABLE IF EXISTS `django_migrations`;
/*!40101 SET @saved_cs_client     = @@character_set_client */;
/*!40101 SET character_set_client = utf8 */;
CREATE TABLE `django_migrations` (
  `id` bigint(20) NOT NULL AUTO_INCREMENT,
  `app` varchar(255) NOT NULL,
  `name` varchar(255) NOT NULL,
  `applied` datetime(6) NOT NULL,
  PRIMARY KEY (`id`)
) ENGINE=InnoDB AUTO_INCREMENT=83 DEFAULT CHARSET=utf8mb4 COLLATE=utf8mb4_general_ci;
/*!40101 SET character_set_client = @saved_cs_client */;

--
-- Dumping data for table `django_migrations`
--

LOCK TABLES `django_migrations` WRITE;
/*!40000 ALTER TABLE `django_migrations` DISABLE KEYS */;
INSERT INTO `django_migrations` VALUES
(1,'contenttypes','0001_initial','2023-09-25 02:09:19.327919'),
(2,'contenttypes','0002_remove_content_type_name','2023-09-25 02:09:19.346178'),
(3,'auth','0001_initial','2023-09-25 02:09:19.433346'),
(4,'auth','0002_alter_permission_name_max_length','2023-09-25 02:09:19.447841'),
(5,'auth','0003_alter_user_email_max_length','2023-09-25 02:09:19.452356'),
(6,'auth','0004_alter_user_username_opts','2023-09-25 02:09:19.457106'),
(7,'auth','0005_alter_user_last_login_null','2023-09-25 02:09:19.461642'),
(8,'auth','0006_require_contenttypes_0002','2023-09-25 02:09:19.462977'),
(9,'auth','0007_alter_validators_add_error_messages','2023-09-25 02:09:19.467716'),
(10,'auth','0008_alter_user_username_max_length','2023-09-25 02:09:19.472477'),
(11,'auth','0009_alter_user_last_name_max_length','2023-09-25 02:09:19.477321'),
(12,'auth','0010_alter_group_name_max_length','2023-09-25 02:09:19.485888'),
(13,'auth','0011_update_proxy_permissions','2023-09-25 02:09:19.490949'),
(14,'auth','0012_alter_user_first_name_max_length','2023-09-25 02:09:19.495709'),
(15,'accounts','0001_initial','2023-09-25 02:09:19.562275'),
(16,'admin','0001_initial','2023-09-25 02:09:19.594298'),
(17,'admin','0002_logentry_remove_auto_add','2023-09-25 02:09:19.600826'),
(18,'admin','0003_logentry_add_action_flag_choices','2023-09-25 02:09:19.607623'),
(19,'dashboard','0001_initial','2023-09-25 02:09:19.664555'),
(20,'dashboard','0002_global','2023-09-25 02:09:19.671118'),
(21,'dashboard','0003_alter_room_status','2023-09-25 02:09:19.675611'),
(22,'dashboard','0004_alter_room_status','2023-09-25 02:09:19.690471'),
(23,'dashboard','0005_alter_room_auth_token_alter_room_room_token','2023-09-25 02:09:19.714207'),
(24,'dashboard','0006_dialermaster','2023-09-25 02:09:19.720249'),
(25,'dashboard','0007_rename_dialermaster_dialer','2023-09-25 02:09:19.735788'),
(26,'dashboard','0008_dialer_extension','2023-09-25 02:09:19.754628'),
(27,'dashboard','0009_room_user','2023-09-25 02:09:19.778615'),
(28,'dashboard','0010_dialer_user_extension_user_global_user_janus_user_and_more','2023-09-25 02:09:19.893098'),
(29,'dashboard','0011_remove_dialer_user','2023-09-25 02:09:19.939236'),
(30,'dashboard','0012_service','2023-09-25 02:09:19.962935'),
(31,'dashboard','0013_service_image','2023-09-25 02:09:19.982924'),
(32,'dashboard','0014_service_description','2023-09-25 02:09:20.000177'),
(33,'dashboard','0015_complain','2023-09-25 02:09:20.033691'),
(34,'dashboard','0016_rename_description_complain_report_and_more','2023-09-25 02:09:20.056443'),
(35,'dashboard','0017_alter_complain_complain','2023-09-25 02:09:20.073174'),
(36,'dashboard','0018_complain_complain_id','2023-09-25 02:09:20.095518'),
(37,'dashboard','0019_alter_complain_complain_id','2023-09-25 02:09:20.112304'),
(38,'dashboard','0020_alter_complain_options_complain_created_at_and_more','2023-09-25 02:09:20.145918'),
(39,'dashboard','0021_complain_status','2023-09-25 02:09:20.160934'),
(40,'dashboard','0022_alter_complain_status','2023-09-25 02:09:20.177274'),
(41,'dashboard','0023_remove_complain_service_alter_complain_complain','2023-09-25 02:09:20.220031'),
(42,'dashboard','0024_rename_complain_id_complain_complain_placed_id_and_more','2023-09-25 02:09:20.292791'),
(43,'dashboard','0025_service_quantity','2023-09-25 02:09:20.312063'),
(44,'dashboard','0026_complain_note','2023-09-25 02:09:20.324339'),
(45,'notification','0001_initial','2023-09-25 02:09:20.350476'),
(46,'notification','0002_alter_notification_notification_type','2023-09-25 02:09:20.363012'),
(47,'notification','0003_alter_notification_notification_type','2023-09-25 02:09:20.378465'),
(48,'notification','0004_notification_is_readed','2023-09-25 02:09:20.395849'),
(49,'push_notifications','0001_initial','2023-09-25 02:09:20.461523'),
(50,'push_notifications','0002_auto_20160106_0850','2023-09-25 02:09:20.478884'),
(51,'push_notifications','0003_wnsdevice','2023-09-25 02:09:20.512134'),
(52,'push_notifications','0004_fcm','2023-09-25 02:09:20.531931'),
(53,'push_notifications','0005_applicationid','2023-09-25 02:09:20.627806'),
(54,'push_notifications','0006_webpushdevice','2023-09-25 02:09:20.655315'),
(55,'push_notifications','0007_uniquesetting','2023-09-25 02:09:20.715967'),
(56,'push_notifications','0008_webpush_add_edge','2023-09-25 02:09:20.728776'),
(57,'push_notifications','0009_alter_apnsdevice_device_id','2023-09-25 02:09:20.741553'),
(58,'push_notifications','0010_alter_apnsdevice_id_alter_gcmdevice_id_and_more','2023-09-25 02:09:20.827266'),
(59,'sessions','0001_initial','2023-09-25 02:09:20.840037'),
(60,'stores','0001_initial','2023-09-25 02:09:21.123148'),
(61,'stores','0002_delete_cartt','2023-09-25 02:09:21.128166'),
(62,'stores','0003_alter_category_unique_together','2023-09-25 02:09:21.149531'),
(63,'stores','0004_price_remove_item_price_remove_item_sell_price_and_more','2023-09-25 02:09:21.242447'),
(64,'stores','0005_item_quantity','2023-09-25 02:09:21.268465'),
(65,'stores','0006_subcategory','2023-09-25 02:09:21.314085'),
(66,'stores','0007_item_sub_category','2023-09-25 02:09:21.345657'),
(67,'stores','0008_price_user','2023-09-25 02:09:21.381099'),
(68,'stores','0009_cart_price','2023-09-25 02:09:21.402283'),
(69,'stores','0010_alter_order_options','2023-09-25 02:09:21.413420'),
(70,'stores','0011_price_sell_price','2023-09-25 02:09:21.499208'),
(71,'stores','0012_orderitem_price','2023-09-25 02:09:21.518764'),
(72,'stores','0013_alter_orderitem_price','2023-09-25 02:09:21.538645'),
(73,'stores','0014_remove_item_category_item_category','2023-09-25 02:09:21.632891'),
(74,'stores','0015_remove_item_category_remove_item_sub_category_and_more','2023-09-25 02:09:21.783146'),
(75,'stores','0016_remove_item_category_remove_item_sub_category_and_more','2023-09-25 02:09:21.923935'),
(76,'stores','0017_item_item_type','2023-09-25 02:09:21.951454'),
(77,'stores','0018_remove_item_category_item_category','2023-09-25 02:09:22.040445'),
(78,'stores','0019_servicecart','2023-09-25 02:09:22.089499'),
(79,'stores','0020_remove_servicecart_price','2023-09-25 02:09:22.105980'),
(80,'stores','0021_serviceorder','2023-09-25 02:09:22.170652'),
(81,'stores','0022_order_note','2023-09-25 02:09:22.188485'),
(82,'stores','0023_servicecart_price_servicecart_quantity_and_more','2023-09-25 02:09:22.409053');
/*!40000 ALTER TABLE `django_migrations` ENABLE KEYS */;
UNLOCK TABLES;

--
-- Table structure for table `django_session`
--

DROP TABLE IF EXISTS `django_session`;
/*!40101 SET @saved_cs_client     = @@character_set_client */;
/*!40101 SET character_set_client = utf8 */;
CREATE TABLE `django_session` (
  `session_key` varchar(40) NOT NULL,
  `session_data` longtext NOT NULL,
  `expire_date` datetime(6) NOT NULL,
  PRIMARY KEY (`session_key`),
  KEY `django_session_expire_date_a5c62663` (`expire_date`)
) ENGINE=InnoDB DEFAULT CHARSET=utf8mb4 COLLATE=utf8mb4_general_ci;
/*!40101 SET character_set_client = @saved_cs_client */;

--
-- Dumping data for table `django_session`
--

LOCK TABLES `django_session` WRITE;
/*!40000 ALTER TABLE `django_session` DISABLE KEYS */;
INSERT INTO `django_session` VALUES
('08jkj1c98tsqshagxy716ikgzqofi3he','.eJxVi0sKwjAQQO-StZTppI0Zl0LPEeaTkqJWMM1KvLsKXej2fZ4ucdtKajU_0mLu5NAdfpmwXvL6Fax6b-tWux3Vbrrxcj3vwd9VuJbPoiRH9lE9B6KhR_CzDyQc-hARRlRlAYvEASQb2hjFD4qzEWSJou71BjnvNA4:1r0SaL:9i5zerfbpWEBAkPnBSnteYrBFiMh6KyIgqYUQppB9Nk','2023-11-22 01:52:05.017766'),
('098h2z3rf6m3pgb9d1h92iypl2k78uen','.eJxVi0sKwjAQQO-StZQknfxcCj1HmMyMpKgVTLMS794KXej2fd4qY19r7k1eeWZ1Vk6dfllBusnyFUj07MvahgO1YXrgfL8cwd9VsdV98TowFLJhNFpLFGvGEhKXawTwpB0CWE6GggnkIjgRMV77kpjJMoP6bCy8M4U:1r7wXF:ZcHDCSLZ4tDe5dZ0dLZfBU8i_WMnt9AXlDDdVMKELDM','2023-12-12 17:15:49.951401'),
('0iuc2bnrw1jo7s7a5zbd1eykjai0v5gw','.eJxVi80KAiEQgN_Fcyw2Oup0DPY5ZBwVl2qDXE_Ru1ewh7p-P08VeWwtjl4eccnqpIw6_LLEcinrV7DIfaxbn3bUp_nGy_W8B39X494-C2obkhOXfXJ8RKloiUwFEB88aKMdkBj0TnSyVMWSF8oMiEFyAVGvNyVXMz0:1qyWnr:Ni0gZ9e9qV6mboGZy5YGICwJ0qLnx9MrVlthgEw15LQ','2023-11-16 17:58:03.984374'),
('1e8oorvuwiw940ciqgzgcc4dydjw5bd6','.eJxVi0sKwjAQQO-StZTppI0Zl0LPEeaTkqJWMM1KvLsKXej2fZ4ucdtKajU_0mLu5NAdfpmwXvL6Fax6b-tWux3Vbrrxcj3vwd9VuJbPoiRH9lE9B6KhR_CzDyQc-hARRlRlAYvEASQb2hjFD4qzEWSJou71BjnvNA4:1r2uha:jetEbE_Gv5SDMFZc7w1X-eN4SN75hckndCrTPQTuAqc','2023-11-28 20:17:42.662036'),
('1k4eqbkj7hgaebvu340a8qjed56t1hpo','.eJxVi0sKwjAQQO-StZTppI0Zl0LPEeaTkqJWMM1KvLsKXej2fZ4ucdtKajU_0mLu5NAdfpmwXvL6Fax6b-tWux3Vbrrxcj3vwd9VuJbPoiRH9lE9B6KhR_CzDyQc-hARRlRlAYvEASQb2hjFD4qzEWSJou71BjnvNA4:1r0ie3:4ZGnjYBe1MMhMRIUFPFKx9o9VQRdKcxEEGhBIKjBuiI','2023-11-22 19:00:59.339439'),
('25e8zri9f2ihro9ccgevdf8d83ve8zya','.eJxVi80KAiEQgN_Fcyw2Oup0DPY5ZBwVl2qDXE_Ru1ewh7p-P08VeWwtjl4eccnqpIw6_LLEcinrV7DIfaxbn3bUp_nGy_W8B39X494-C2obkhOXfXJ8RKloiUwFEB88aKMdkBj0TnSyVMWSF8oMiEFyAVGvNyVXMz0:1qwIEK:rbP9npzP28IAMF2faLnfuSWu-mdV3ZxmitIZaSFF7Bo','2023-11-10 14:00:08.754462'),
('29lxg3sjj1afjgf4ad037ayh7y10f0hh','.eJxVi0sKwjAQQO-StZQknfxcCj1HmMyMpKgVTLMS794KXej2fd4qY19r7k1eeWZ1Vk6dfllBusnyFUj07MvahgO1YXrgfL8cwd9VsdV98TowFLJhNFpLFGvGEhKXawTwpB0CWE6GggnkIjgRMV77kpjJMoP6bCy8M4U:1rBXxF:cAdaZFp4_Fdcb0mJQ1m3AWIfPJ3dR904epf-pOwAuuA','2023-12-22 15:49:33.299785'),
('2vstmujyktajxzus95q6w9qr653uq122','.eJxVi0sKwjAQQO-StZQkJpnWpdBzhPlkSFErmGYl3l2FLnT7Pk-TsW8191YeeRFzMs4cfhkhX8r6Fch87-vWhh21Yb7hcj3vwd9VsdXP4idwQWLQlCZUZqRRIwOhWiCvFMBrGtEmYnEQLYvK0ZMj68X5Aub1BmC5NJg:1r9fSB:Dgu9hD3dAAkB5zG7sLT3QM2a6Df-qqtfw25en91_uGY','2023-12-17 11:25:43.326183'),
('3t1512i80411igv3yf2a9yj3ddwzgf1q','.eJxVi0sKwjAQQO-StZTppI0Zl0LPEeaTkqJWMM1KvLsKXej2fZ4ucdtKajU_0mLu5NAdfpmwXvL6Fax6b-tWux3Vbrrxcj3vwd9VuJbPoiRH9lE9B6KhR_CzDyQc-hARRlRlAYvEASQb2hjFD4qzEWSJou71BjnvNA4:1qnHjx:pQ-GuUL69xWLIhd7NVYOSqlvK_T84UEUuYqb5gVvlCg','2023-10-16 17:39:33.583635'),
('47rcnbna4tnsd8qzxkkv7mrpjv8dz6n8','.eJxVi0sKwjAQQO-StZQknfxcCj1HmMyMpKgVTLMS794KXej2fd4qY19r7k1eeWZ1Vk6dfllBusnyFUj07MvahgO1YXrgfL8cwd9VsdV98TowFLJhNFpLFGvGEhKXawTwpB0CWE6GggnkIjgRMV77kpjJMoP6bCy8M4U:1rA5ZW:MxHGfg1kYEGsMxAPOuux8_fRRI6Qkwb24ndplulR3L0','2023-12-18 15:19:02.278039'),
('4845z7tk7eflq4mfzz9zlz07e8qvxi76','.eJxVi0sKwjAQQO-StZQknfxcCj1HmMyMpKgVTLMS794KXej2fd4qY19r7k1eeWZ1Vk6dfllBusnyFUj07MvahgO1YXrgfL8cwd9VsdV98TowFLJhNFpLFGvGEhKXawTwpB0CWE6GggnkIjgRMV77kpjJMoP6bCy8M4U:1rBVcU:btjx3V2PqXUnYDiuOLln_qY5QpwB2h331T1DCcMxmsM','2023-12-22 13:19:58.428211'),
('5mk180zzzpepi460gd38czc3icjfdcup','.eJxVi0sKwjAQQO-StZTppI0Zl0LPEeaTkqJWMM1KvLsKXej2fZ4ucdtKajU_0mLu5NAdfpmwXvL6Fax6b-tWux3Vbrrxcj3vwd9VuJbPoiRH9lE9B6KhR_CzDyQc-hARRlRlAYvEASQb2hjFD4qzEWSJou71BjnvNA4:1qniPh:WIGy6ZjzEuJLPxlPxMkJC6XcnV0j7il2EqpDLItOZnY','2023-10-17 22:08:25.181767'),
('7d4hkt2e54mvmy26yx0wa7a1bj2s6voo','.eJxVi0sKwjAQQO-StZQknfxcCj1HmMyMpKgVTLMS794KXej2fd4qY19r7k1eeWZ1Vk6dfllBusnyFUj07MvahgO1YXrgfL8cwd9VsdV98TowFLJhNFpLFGvGEhKXawTwpB0CWE6GggnkIjgRMV77kpjJMoP6bCy8M4U:1r0fmD:UqVBJwn7bYv8G0Ksu8CHLOxh8ZbZyXws9KgoAauLioM','2023-11-22 15:57:13.339693'),
('b18n8xxe2j8sh0vd3m5ugv4fjwhfw7yl','.eJxVi0sKwjAQQO-StZTppI0Zl0LPEeaTkqJWMM1KvLsKXej2fZ4ucdtKajU_0mLu5NAdfpmwXvL6Fax6b-tWux3Vbrrxcj3vwd9VuJbPoiRH9lE9B6KhR_CzDyQc-hARRlRlAYvEASQb2hjFD4qzEWSJou71BjnvNA4:1qxhC5:gR3u7nWZ21QBtzKibNoQpKwJh7UCRPzmiqncqGZJayA','2023-11-14 10:51:37.074233'),
('ccwkhvbktc6o7041gqsp8yc6t0j5elvr','.eJxVjMsKwjAQRf8laylpMpOHS8HvCNPMhBS1gmlW4r9LoYt2e-6556sS9bWm3uSTZlZXBepyZBPlhyzbQDm_-7K2YUdtuL9oft524fSq1OrWcj6aCBnQgRfPCAQWrLYai44Mkn0MbiSMBkVbNFNwhgFNCcIjF_X7AwN8MoE:1r2q96:kJYQsS_izaGZhkQim5x2Syie1pNgi-Xz8K9hMObBO84','2023-11-28 15:25:48.037972'),
('cz975mlpc0pbp3gjnxmze8wo3ejfumct','.eJxVi0sKwjAQQO-StZTppI0Zl0LPEeaTkqJWMM1KvLsKXej2fZ4ucdtKajU_0mLu5NAdfpmwXvL6Fax6b-tWux3Vbrrxcj3vwd9VuJbPoiRH9lE9B6KhR_CzDyQc-hARRlRlAYvEASQb2hjFD4qzEWSJou71BjnvNA4:1qnic5:BBNb6ZNOwhQPQW1inOU_7ooXL0cvMbuQ5yePng9d73A','2023-10-17 22:21:13.700675'),
('dxs7e07dwraw5lgthxybe1jc18ira7f1','.eJxVi0sKwjAQQO-StZTppI0Zl0LPEeaTkqJWMM1KvLsKXej2fZ4ucdtKajU_0mLu5NAdfpmwXvL6Fax6b-tWux3Vbrrxcj3vwd9VuJbPoiRH9lE9B6KhR_CzDyQc-hARRlRlAYvEASQb2hjFD4qzEWSJou71BjnvNA4:1r0S5b:tIj1RhsdTNe8IivV6-m8D1j1tbrv8y4JHQc4_yqoqrk','2023-11-22 01:20:19.170084'),
('eqsw16cj54d51kduv14dpnvb2wpilwfm','.eJxVi0sKwjAQQO-StZTppI0Zl0LPEeaTkqJWMM1KvLsKXej2fZ4ucdtKajU_0mLu5NAdfpmwXvL6Fax6b-tWux3Vbrrxcj3vwd9VuJbPoiRH9lE9B6KhR_CzDyQc-hARRlRlAYvEASQb2hjFD4qzEWSJou71BjnvNA4:1quDN2:Zq2x2hF129sXfyvTUnwQ9DKsUX9s5PB1f3fr6mx9mwc','2023-11-04 20:24:32.824893'),
('er9d0rh4qpvd2s3el8ztw2ywkactgija','.eJxVi0sKwjAQQO-StZTppI0Zl0LPEeaTkqJWMM1KvLsKXej2fZ4ucdtKajU_0mLu5NAdfpmwXvL6Fax6b-tWux3Vbrrxcj3vwd9VuJbPoiRH9lE9B6KhR_CzDyQc-hARRlRlAYvEASQb2hjFD4qzEWSJou71BjnvNA4:1qxqwY:4tZ8Ys7fZZoDNXHaT0_0wMFWDj7NA6IAu7iDxOF82j8','2023-11-14 21:16:14.027590'),
('esdygcovhngfhwahhihugzdemg6v8kjq','.eJxVi80KAiEQgN_Fcyw2Oup0DPY5ZBwVl2qDXE_Ru1ewh7p-P08VeWwtjl4eccnqpIw6_LLEcinrV7DIfaxbn3bUp_nGy_W8B39X494-C2obkhOXfXJ8RKloiUwFEB88aKMdkBj0TnSyVMWSF8oMiEFyAVGvNyVXMz0:1qvi2n:Vuv-Ue5ZqgKJmYARQdnnT2OybkXwRa6iGixrctcCNdg','2023-11-08 23:21:49.244974'),
('gbosqt3g8serv2xwacuncliqc8iizbqb','.eJxVi0sKwjAQQO-StZTppI0Zl0LPEeaTkqJWMM1KvLsKXej2fZ4ucdtKajU_0mLu5NAdfpmwXvL6Fax6b-tWux3Vbrrxcj3vwd9VuJbPoiRH9lE9B6KhR_CzDyQc-hARRlRlAYvEASQb2hjFD4qzEWSJou71BjnvNA4:1quDxX:TTrFkQ3AYHFSfmWmi_MKFbGhjlQwqtkqPRfTS_eHrBY','2023-11-04 21:02:15.430368'),
('hwoenb4vqj8xbaa23v6wicnhg8adt05m','.eJxVi0sKwjAQQO-StZTppI0Zl0LPEeaTkqJWMM1KvLsKXej2fZ4ucdtKajU_0mLu5NAdfpmwXvL6Fax6b-tWux3Vbrrxcj3vwd9VuJbPoiRH9lE9B6KhR_CzDyQc-hARRlRlAYvEASQb2hjFD4qzEWSJou71BjnvNA4:1qvW8m:y90fi-Xur-E5En_PM_nPP_HEA7kuYzSdqCk49deo_V4','2023-11-08 10:39:12.737827'),
('jecowpeyb88zmpum4xj91lyfjm3b9kg4','.eJxVi80KAiEQgN_Fcyw2Oup0DPY5ZBwVl2qDXE_Ru1ewh7p-P08VeWwtjl4eccnqpIw6_LLEcinrV7DIfaxbn3bUp_nGy_W8B39X494-C2obkhOXfXJ8RKloiUwFEB88aKMdkBj0TnSyVMWSF8oMiEFyAVGvNyVXMz0:1qxqOu:ko6eRf9Zjzjj6ut7FksmQeNGO4EfqFy8gEXd58CNz-U','2023-11-14 20:41:28.184017'),
('ju0ks8up6ynle0su9gu8bcegyqz13k8k','.eJxVi0sKwjAQQO-StZQknfxcCj1HmMyMpKgVTLMS794KXej2fd4qY19r7k1eeWZ1Vk6dfllBusnyFUj07MvahgO1YXrgfL8cwd9VsdV98TowFLJhNFpLFGvGEhKXawTwpB0CWE6GggnkIjgRMV77kpjJMoP6bCy8M4U:1r9NE7:GIEJfQBM1a7pRcmry85FbKFyL7bX8O0qZSGgU4Ri624','2023-12-16 15:57:59.708283'),
('mtzwhsnrekg6z8xh9pikuppagyl3iu0x','.eJxVi0EOwiAQRe_C2jTIDAO4NPEcZGBKaNSaSFkZ7y4mXehfvvffS0XuW429zc-4iDoppw6_LHG-zutXcM6Pvm5t2lGbLndebuf98FdVbnUk1ghbhqAtEHqdyBtmETIWUxCvNRnJFKjgUMdCY0jkggOA4jWq9wchmzJT:1r7ueU:7ht3tTlmB9BJC-f4JtYMQx6AM_srsQV38jEb6gttFM4','2023-12-12 15:15:10.170270'),
('oxl0nip8j4hyxqnp3nkhxxmqp52os17a','.eJxVi0sKwjAQQO-StZQknfxcCj1HmMyMpKgVTLMS794KXej2fd4qY19r7k1eeWZ1Vk6dfllBusnyFUj07MvahgO1YXrgfL8cwd9VsdV98TowFLJhNFpLFGvGEhKXawTwpB0CWE6GggnkIjgRMV77kpjJMoP6bCy8M4U:1r8H1t:4iaAkVnBR6ULLwF8YJGS-3GTx8D1V9q2iQxvoCVJmJI','2023-12-13 15:08:49.307908'),
('qqa1jhjc2m4d3mcn3nbtqdezmk74dujl','.eJxVi0sKwjAQQO-StZQmmQmJS8FzhPlBilrBNCvx7ip0odv3ebpKY2t1dHvURd3RRXf4ZUxysfUrSOQ-1q1PO-rT-UbL9bQHf1ej3j4LlhABEbNKUYAgIbNXVoQYzGv2GnwGn2YTAk6YkJNqZrUIPFNxrzcnlDOA:1r7I7x:lwlCWIf2uyfiuntGzY_yL4pD4CZdv7SGTpShR8kEMZ4','2023-12-10 22:07:01.657063'),
('r2dpf4fy9yif836wqhh8uimaj8ctwrjx','.eJxVi0sKwjAQQO-StZTppI0Zl0LPEeaTkqJWMM1KvLsKXej2fZ4ucdtKajU_0mLu5NAdfpmwXvL6Fax6b-tWux3Vbrrxcj3vwd9VuJbPoiRH9lE9B6KhR_CzDyQc-hARRlRlAYvEASQb2hjFD4qzEWSJou71BjnvNA4:1qxqFV:ZmIAoLMW_O8ldhkScotyU8aop86NY3UJRuCma9zrNUU','2023-11-14 20:31:45.665595'),
('uuibtvl5y3bgtz2qyusihmfmvp8plbkj','.eJxVi80KAiEQgN_Fcyw2Oup0DPY5ZBwVl2qDXE_Ru1ewh7p-P08VeWwtjl4eccnqpIw6_LLEcinrV7DIfaxbn3bUp_nGy_W8B39X494-C2obkhOXfXJ8RKloiUwFEB88aKMdkBj0TnSyVMWSF8oMiEFyAVGvNyVXMz0:1qvErk:gh35uYe19laFmcQUSYyZKLdhKYrd_n5bwGgC2YQ4AK0','2023-11-07 16:12:28.611347'),
('vz5232ahhyswru20hzm00fgauayjubty','.eJxVi0sKwjAQQO-StZQknfxcCj1HmMyMpKgVTLMS794KXej2fd4qY19r7k1eeWZ1Vk6dfllBusnyFUj07MvahgO1YXrgfL8cwd9VsdV98TowFLJhNFpLFGvGEhKXawTwpB0CWE6GggnkIjgRMV77kpjJMoP6bCy8M4U:1r8H2H:aubDqvT8bVExT4ms-1KsywzMMTzdcUg8S3U-b2lAhr0','2023-12-13 15:09:13.803377'),
('who8hlv6l5lqmf9eapwhvg5xq2bzeac2','.eJxVi0sKwjAQQO-StZQknfxcCj1HmMyMpKgVTLMS794KXej2fd4qY19r7k1eeWZ1Vk6dfllBusnyFUj07MvahgO1YXrgfL8cwd9VsdV98TowFLJhNFpLFGvGEhKXawTwpB0CWE6GggnkIjgRMV77kpjJMoP6bCy8M4U:1rBYGT:aAo-Iy8hF5IneJv9sv4hgxU8c2gLPhKjL7TvFyqC1fc','2023-12-22 16:09:25.982611'),
('zl9gl7bnw6ylgqpys7t7u3cvt151mq9r','.eJxVi0sKwjAQQO-StZTppI0Zl0LPEeaTkqJWMM1KvLsKXej2fZ4ucdtKajU_0mLu5NAdfpmwXvL6Fax6b-tWux3Vbrrxcj3vwd9VuJbPoiRH9lE9B6KhR_CzDyQc-hARRlRlAYvEASQb2hjFD4qzEWSJou71BjnvNA4:1r0ih0:3cr8gur-k4s9yR4yHVeipnVupISa_Bpk4PF8Pswxlzk','2023-11-22 19:04:02.745158');
/*!40000 ALTER TABLE `django_session` ENABLE KEYS */;
UNLOCK TABLES;

--
-- Table structure for table `notification_notification`
--

DROP TABLE IF EXISTS `notification_notification`;
/*!40101 SET @saved_cs_client     = @@character_set_client */;
/*!40101 SET character_set_client = utf8 */;
CREATE TABLE `notification_notification` (
  `id` bigint(20) NOT NULL AUTO_INCREMENT,
  `notification_type` smallint(6) NOT NULL,
  `title` varchar(100) NOT NULL,
  `image` varchar(100) DEFAULT NULL,
  `description` varchar(250) DEFAULT NULL,
  `created_at` datetime(6) NOT NULL,
  `room_id` bigint(20) NOT NULL,
  `is_readed` tinyint(1) NOT NULL,
  PRIMARY KEY (`id`),
  KEY `notification_notification_room_id_8f1daf65_fk_dashboard_room_id` (`room_id`),
  CONSTRAINT `notification_notification_room_id_8f1daf65_fk_dashboard_room_id` FOREIGN KEY (`room_id`) REFERENCES `dashboard_room` (`id`)
) ENGINE=InnoDB AUTO_INCREMENT=133 DEFAULT CHARSET=utf8mb4 COLLATE=utf8mb4_general_ci;
/*!40101 SET character_set_client = @saved_cs_client */;

--
-- Dumping data for table `notification_notification`
--

LOCK TABLES `notification_notification` WRITE;
/*!40000 ALTER TABLE `notification_notification` DISABLE KEYS */;
INSERT INTO `notification_notification` VALUES
(41,0,'From room 1115 an order has been placed.','',NULL,'2023-10-25 18:56:30.786849',101,0),
(42,0,'From room 1115 an order has been placed.','',NULL,'2023-10-26 18:41:21.567793',101,0),
(43,0,'From room 2005 an order has been placed.','',NULL,'2023-10-30 16:57:23.215731',92,0),
(44,0,'From room 1115 an order has been placed.','',NULL,'2023-10-30 18:12:54.641427',101,0),
(45,0,'From room 1115 an order has been placed.','',NULL,'2023-10-30 18:12:54.829871',101,0),
(46,0,'From room 1115 an order has been placed.','',NULL,'2023-10-30 18:28:33.598735',101,0),
(47,0,'From room 1115 an order has been placed.','',NULL,'2023-10-30 18:29:36.043113',101,0),
(48,0,'From room 1115 a complain has been placed.','',NULL,'2023-10-30 18:31:58.574430',101,0),
(49,0,'From room 1115 a complain has been placed.','',NULL,'2023-10-30 18:43:46.761767',101,0),
(50,0,'From room 316 an order has been placed.','',NULL,'2023-10-31 13:47:44.685960',138,0),
(51,0,'From room 310 an order has been placed.','',NULL,'2023-10-31 13:55:55.329148',132,0),
(52,0,'From room 310 an order has been placed.','',NULL,'2023-10-31 13:56:40.435681',132,0),
(53,0,'From room 307 an order has been placed.','',NULL,'2023-10-31 14:03:01.890542',129,0),
(54,0,'From room 314 an order has been placed.','',NULL,'2023-10-31 20:00:26.919402',136,0),
(55,0,'From room 314 an order has been placed.','',NULL,'2023-10-31 20:07:48.455834',136,0),
(56,0,'From room 307 an order has been placed.','',NULL,'2023-10-31 20:12:54.090045',129,0),
(57,0,'From room 1115 an order has been placed.','',NULL,'2023-10-31 20:44:06.116245',101,0),
(58,0,'From room 1115 an order has been placed.','',NULL,'2023-10-31 20:44:28.390150',101,0),
(59,0,'From room 1115 an order has been placed.','',NULL,'2023-10-31 20:49:44.313231',101,0),
(60,0,'From room 1115 an order has been placed.','',NULL,'2023-10-31 20:54:57.398233',101,0),
(61,0,'From room 1115 an order has been placed.','',NULL,'2023-10-31 21:13:26.418219',101,0),
(62,0,'From room 1115 an order has been placed.','',NULL,'2023-10-31 21:14:22.061167',101,0),
(63,0,'From room 1115 an order has been placed.','',NULL,'2023-10-31 21:16:23.292784',101,0),
(64,0,'From room 1115 an order has been placed.','',NULL,'2023-10-31 21:19:52.747760',101,0),
(65,0,'From room 1115 an order has been placed.','',NULL,'2023-10-31 21:21:32.057087',101,0),
(66,0,'From room 301 an order has been placed.','',NULL,'2023-11-01 21:10:12.796526',123,0),
(67,0,'From room 313 an order has been placed.','',NULL,'2023-11-04 02:53:08.218441',135,0),
(68,0,'From room 307 an order has been placed.','',NULL,'2023-11-06 08:10:57.686030',129,0),
(69,0,'From room 1115 an order has been placed.','',NULL,'2023-11-08 00:53:56.178720',101,0),
(70,0,'From room 1115 an order has been placed.','',NULL,'2023-11-08 01:03:31.010898',101,0),
(71,0,'From room 1115 an order has been placed.','',NULL,'2023-11-08 01:05:31.542059',101,0),
(72,0,'From room 1115 an order has been placed.','',NULL,'2023-11-08 01:07:03.102296',101,0),
(73,0,'From room 1115 an order has been placed.','',NULL,'2023-11-08 01:07:23.716052',101,0),
(74,0,'From room 1115 an order has been placed.','',NULL,'2023-11-08 01:11:31.318162',101,0),
(75,0,'From room 1115 an order has been placed.','',NULL,'2023-11-08 01:15:34.650779',101,0),
(76,0,'From room 1114 an order has been placed.','',NULL,'2023-11-08 01:16:29.698266',100,0),
(77,0,'From room 1111 an order has been placed.','',NULL,'2023-11-08 01:21:12.435344',98,0),
(78,0,'From room 1111 an order has been placed.','',NULL,'2023-11-08 01:22:09.943555',98,0),
(79,0,'From room 3003 an order has been placed.','',NULL,'2023-11-08 01:37:23.516249',96,0),
(80,0,'From room 3003 an order has been placed.','',NULL,'2023-11-08 01:45:03.919801',96,0),
(81,0,'From room 1115 an order has been placed.','',NULL,'2023-11-08 01:53:21.240266',101,0),
(82,0,'From room 1115 an order has been placed.','',NULL,'2023-11-08 01:55:21.796635',101,0),
(83,0,'From room 102 an order has been placed.','',NULL,'2023-11-08 12:59:31.385601',141,0),
(84,0,'From room 1115 an order has been placed.','',NULL,'2023-11-08 19:05:30.283802',101,0),
(85,0,'From room 1115 an order has been placed.','',NULL,'2023-11-08 19:07:10.371544',101,0),
(86,0,'From room 1115 an order has been placed.','',NULL,'2023-11-08 19:11:36.298908',101,0),
(87,0,'From room 1112 an order has been placed.','',NULL,'2023-11-11 11:28:41.007738',99,0),
(88,0,'From room 305 an order has been placed.','',NULL,'2023-11-11 23:16:51.562854',127,0),
(89,0,'From room 1112 an order has been placed.','',NULL,'2023-11-12 11:21:51.859400',99,0),
(90,0,'From room 1115 an order has been placed.','',NULL,'2023-11-14 20:21:26.806473',101,0),
(91,0,'From room 1114 an order has been placed.','',NULL,'2023-11-14 20:23:04.482302',100,0),
(92,0,'From room 1115 an order has been placed.','',NULL,'2023-11-14 20:25:58.345757',101,0),
(93,0,'From room 1115 an order has been placed.','',NULL,'2023-11-14 20:26:29.335912',101,0),
(96,0,'From room 304 an order has been placed.','',NULL,'2023-11-23 12:34:18.613873',126,0),
(110,0,'From room 315 an order has been placed.','',NULL,'2023-11-24 09:28:28.506202',137,0),
(111,0,'From room 207 a complain has been placed.','',NULL,'2023-11-24 23:20:04.739684',113,0),
(112,0,'From room 207 an order has been placed.','',NULL,'2023-11-25 09:14:16.396340',113,0),
(115,0,'From room 303 an order has been placed.','',NULL,'2023-11-28 17:02:46.634123',125,0),
(116,0,'From room 308 an order has been placed.','',NULL,'2023-11-29 18:38:03.409882',130,0),
(117,0,'From room 102 an order has been placed.','',NULL,'2023-12-02 14:40:45.831792',141,0),
(118,0,'From room 302 an order has been placed.','',NULL,'2023-12-03 20:38:30.010312',124,0),
(119,0,'From room 105 an order has been placed.','',NULL,'2023-12-04 15:23:47.747702',146,0),
(120,0,'From room 102 an order has been placed.','',NULL,'2023-12-06 19:00:59.354444',141,0),
(121,0,'From room 102 an order has been placed.','',NULL,'2023-12-06 19:04:32.331794',141,0),
(122,0,'From room 102 an order has been placed.','',NULL,'2023-12-06 19:11:27.261152',141,0),
(123,0,'From room 102 an order has been placed.','',NULL,'2023-12-06 19:12:03.318839',141,0),
(124,0,'From room 102 an order has been placed.','',NULL,'2023-12-06 19:12:37.528728',141,0),
(125,0,'From room 102 an order has been placed.','',NULL,'2023-12-07 17:13:41.627925',141,0),
(126,0,'From room 102 an order has been placed.','',NULL,'2023-12-07 18:06:43.567275',141,0),
(127,0,'From room 102 an order has been placed.','',NULL,'2023-12-07 21:24:20.814366',142,0),
(128,0,'From room 101 an order has been placed.','',NULL,'2023-12-08 15:12:14.748952',140,0),
(129,0,'From room 101 an order has been placed.','',NULL,'2023-12-08 15:12:34.354347',140,0),
(130,0,'From room 101 an order has been placed.','',NULL,'2023-12-08 15:47:53.835551',140,0),
(131,0,'From room 102 a complain has been placed.','',NULL,'2023-12-08 15:53:09.032263',141,0),
(132,0,'From room 102 an order has been placed.','',NULL,'2023-12-08 15:54:30.448707',141,0);
/*!40000 ALTER TABLE `notification_notification` ENABLE KEYS */;
UNLOCK TABLES;

--
-- Table structure for table `push_notifications_apnsdevice`
--

DROP TABLE IF EXISTS `push_notifications_apnsdevice`;
/*!40101 SET @saved_cs_client     = @@character_set_client */;
/*!40101 SET character_set_client = utf8 */;
CREATE TABLE `push_notifications_apnsdevice` (
  `id` bigint(20) NOT NULL AUTO_INCREMENT,
  `name` varchar(255) DEFAULT NULL,
  `active` tinyint(1) NOT NULL,
  `date_created` datetime(6) DEFAULT NULL,
  `device_id` char(32) DEFAULT NULL,
  `registration_id` varchar(200) NOT NULL,
  `user_id` bigint(20) DEFAULT NULL,
  `application_id` varchar(64) DEFAULT NULL,
  PRIMARY KEY (`id`),
  KEY `push_notifications_a_user_id_44cc44d2_fk_accounts_` (`user_id`),
  KEY `push_notifications_apnsdevice_device_id_0ac3cde3` (`device_id`),
  CONSTRAINT `push_notifications_a_user_id_44cc44d2_fk_accounts_` FOREIGN KEY (`user_id`) REFERENCES `accounts_user` (`id`)
) ENGINE=InnoDB DEFAULT CHARSET=utf8mb4 COLLATE=utf8mb4_general_ci;
/*!40101 SET character_set_client = @saved_cs_client */;

--
-- Dumping data for table `push_notifications_apnsdevice`
--

LOCK TABLES `push_notifications_apnsdevice` WRITE;
/*!40000 ALTER TABLE `push_notifications_apnsdevice` DISABLE KEYS */;
/*!40000 ALTER TABLE `push_notifications_apnsdevice` ENABLE KEYS */;
UNLOCK TABLES;

--
-- Table structure for table `push_notifications_gcmdevice`
--

DROP TABLE IF EXISTS `push_notifications_gcmdevice`;
/*!40101 SET @saved_cs_client     = @@character_set_client */;
/*!40101 SET character_set_client = utf8 */;
CREATE TABLE `push_notifications_gcmdevice` (
  `id` bigint(20) NOT NULL AUTO_INCREMENT,
  `name` varchar(255) DEFAULT NULL,
  `active` tinyint(1) NOT NULL,
  `date_created` datetime(6) DEFAULT NULL,
  `device_id` bigint(20) unsigned DEFAULT NULL,
  `registration_id` longtext NOT NULL,
  `user_id` bigint(20) DEFAULT NULL,
  `cloud_message_type` varchar(3) NOT NULL,
  `application_id` varchar(64) DEFAULT NULL,
  PRIMARY KEY (`id`),
  KEY `push_notifications_g_user_id_f3752f1b_fk_accounts_` (`user_id`),
  KEY `push_notifications_gcmdevice_device_id_0b22a9c4` (`device_id`),
  CONSTRAINT `push_notifications_g_user_id_f3752f1b_fk_accounts_` FOREIGN KEY (`user_id`) REFERENCES `accounts_user` (`id`)
) ENGINE=InnoDB AUTO_INCREMENT=14 DEFAULT CHARSET=utf8mb4 COLLATE=utf8mb4_general_ci;
/*!40101 SET character_set_client = @saved_cs_client */;

--
-- Dumping data for table `push_notifications_gcmdevice`
--

LOCK TABLES `push_notifications_gcmdevice` WRITE;
/*!40000 ALTER TABLE `push_notifications_gcmdevice` DISABLE KEYS */;
INSERT INTO `push_notifications_gcmdevice` VALUES
(10,'',0,'2023-11-08 19:02:57.552672',0,'fC3h5dWoA0LLtKkFwrdrAd:APA91bFexYOW1Pp-eeaQFua3oYUtR3UqKmSiVEKNVdkGroPX2IeFjSKvQq5ilT84OhZEB4XTdMg4B2MBLSsbVj9vPk3bwT8HsUezLPM5pbUW2GgYvMEIOv4sEaYCcnkdsXfvBzUY6Jl3',2,'FCM',NULL),
(11,'',1,'2023-11-14 20:20:19.474263',0,'d00mELMGTVLULnONOIRpgh:APA91bGbyEMbfoF5L8-eBJ2ZX2ka0Q73ps0F6SEdTgxa0p2IINEpFgTUyYDGP1lF_uTYtYr5c6YSTj6gIhkXIdlsjfPYfBKQ_B03l8aJp3L3Ka4CqY8Mux4KH7oip7t5Uxrto1McmPYk',2,'FCM',NULL),
(12,'',1,'2023-11-23 16:41:18.205898',0,'e3h7Q_UwBKQV3FDlMwxG1G:APA91bGM_VNWLhg23uC3H4BACIJIdrb6_u14TMrYeOdeUnbhtkMqAJ0tbzUmQrP-a7VHm4flImDZ5syd-hDtCp0_GFizcquYtCoWJNENM7sroQG47irUWZsVe9n8LzDM4wtQNPocGrnN',5,'FCM',NULL),
(13,'',1,'2023-11-29 15:09:09.160578',0,'dvZcuwxY0UDm4BhB5ioCKC:APA91bHW2stmN7eMque_JG3CB6PAJQrb8rv17J44on2uBDDRH19y_sY95UChKoc8HOKSjpWxgtZIATonYXUypGnnRTZG6LCibjjlWIDVkkZ5K_7Pesr_iNimaHmv3PR5lSMjS4jU9IWp',5,'FCM',NULL);
/*!40000 ALTER TABLE `push_notifications_gcmdevice` ENABLE KEYS */;
UNLOCK TABLES;

--
-- Table structure for table `push_notifications_webpushdevice`
--

DROP TABLE IF EXISTS `push_notifications_webpushdevice`;
/*!40101 SET @saved_cs_client     = @@character_set_client */;
/*!40101 SET character_set_client = utf8 */;
CREATE TABLE `push_notifications_webpushdevice` (
  `id` bigint(20) NOT NULL AUTO_INCREMENT,
  `name` varchar(255) DEFAULT NULL,
  `active` tinyint(1) NOT NULL,
  `date_created` datetime(6) DEFAULT NULL,
  `application_id` varchar(64) DEFAULT NULL,
  `registration_id` longtext NOT NULL,
  `p256dh` varchar(88) NOT NULL,
  `auth` varchar(24) NOT NULL,
  `browser` varchar(10) NOT NULL,
  `user_id` bigint(20) DEFAULT NULL,
  PRIMARY KEY (`id`),
  KEY `push_notifications_w_user_id_e867e0a1_fk_accounts_` (`user_id`),
  CONSTRAINT `push_notifications_w_user_id_e867e0a1_fk_accounts_` FOREIGN KEY (`user_id`) REFERENCES `accounts_user` (`id`)
) ENGINE=InnoDB DEFAULT CHARSET=utf8mb4 COLLATE=utf8mb4_general_ci;
/*!40101 SET character_set_client = @saved_cs_client */;

--
-- Dumping data for table `push_notifications_webpushdevice`
--

LOCK TABLES `push_notifications_webpushdevice` WRITE;
/*!40000 ALTER TABLE `push_notifications_webpushdevice` DISABLE KEYS */;
/*!40000 ALTER TABLE `push_notifications_webpushdevice` ENABLE KEYS */;
UNLOCK TABLES;

--
-- Table structure for table `push_notifications_wnsdevice`
--

DROP TABLE IF EXISTS `push_notifications_wnsdevice`;
/*!40101 SET @saved_cs_client     = @@character_set_client */;
/*!40101 SET character_set_client = utf8 */;
CREATE TABLE `push_notifications_wnsdevice` (
  `id` bigint(20) NOT NULL AUTO_INCREMENT,
  `name` varchar(255) DEFAULT NULL,
  `active` tinyint(1) NOT NULL,
  `date_created` datetime(6) DEFAULT NULL,
  `device_id` char(32) DEFAULT NULL,
  `registration_id` longtext NOT NULL,
  `user_id` bigint(20) DEFAULT NULL,
  `application_id` varchar(64) DEFAULT NULL,
  PRIMARY KEY (`id`),
  KEY `push_notifications_w_user_id_670eff0d_fk_accounts_` (`user_id`),
  KEY `push_notifications_wnsdevice_device_id_7e1c24c4` (`device_id`),
  CONSTRAINT `push_notifications_w_user_id_670eff0d_fk_accounts_` FOREIGN KEY (`user_id`) REFERENCES `accounts_user` (`id`)
) ENGINE=InnoDB DEFAULT CHARSET=utf8mb4 COLLATE=utf8mb4_general_ci;
/*!40101 SET character_set_client = @saved_cs_client */;

--
-- Dumping data for table `push_notifications_wnsdevice`
--

LOCK TABLES `push_notifications_wnsdevice` WRITE;
/*!40000 ALTER TABLE `push_notifications_wnsdevice` DISABLE KEYS */;
/*!40000 ALTER TABLE `push_notifications_wnsdevice` ENABLE KEYS */;
UNLOCK TABLES;

--
-- Table structure for table `stores_cart`
--

DROP TABLE IF EXISTS `stores_cart`;
/*!40101 SET @saved_cs_client     = @@character_set_client */;
/*!40101 SET character_set_client = utf8 */;
CREATE TABLE `stores_cart` (
  `id` bigint(20) NOT NULL AUTO_INCREMENT,
  `quantity` int(11) NOT NULL,
  `created_at` datetime(6) NOT NULL,
  `item_id` bigint(20) NOT NULL,
  `room_id` bigint(20) NOT NULL,
  `price` int(11) NOT NULL,
  PRIMARY KEY (`id`),
  UNIQUE KEY `stores_cart_room_id_item_id_6b437c3a_uniq` (`room_id`,`item_id`),
  KEY `stores_cart_item_id_631f75f1_fk_stores_item_id` (`item_id`),
  CONSTRAINT `stores_cart_item_id_631f75f1_fk_stores_item_id` FOREIGN KEY (`item_id`) REFERENCES `stores_item` (`id`),
  CONSTRAINT `stores_cart_room_id_dd17eb39_fk_dashboard_room_id` FOREIGN KEY (`room_id`) REFERENCES `dashboard_room` (`id`)
) ENGINE=InnoDB AUTO_INCREMENT=150 DEFAULT CHARSET=utf8mb4 COLLATE=utf8mb4_general_ci;
/*!40101 SET character_set_client = @saved_cs_client */;

--
-- Dumping data for table `stores_cart`
--

LOCK TABLES `stores_cart` WRITE;
/*!40000 ALTER TABLE `stores_cart` DISABLE KEYS */;
INSERT INTO `stores_cart` VALUES
(47,1,'2023-10-31 20:11:29.512934',410,128,0),
(94,1,'2023-11-16 15:44:04.311671',379,101,575),
(95,1,'2023-11-17 17:15:04.448045',491,132,30),
(125,2,'2023-12-01 17:08:19.757154',493,132,99),
(145,8,'2023-12-07 22:11:38.487212',569,142,25);
/*!40000 ALTER TABLE `stores_cart` ENABLE KEYS */;
UNLOCK TABLES;

--
-- Table structure for table `stores_category`
--

DROP TABLE IF EXISTS `stores_category`;
/*!40101 SET @saved_cs_client     = @@character_set_client */;
/*!40101 SET character_set_client = utf8 */;
CREATE TABLE `stores_category` (
  `id` bigint(20) NOT NULL AUTO_INCREMENT,
  `name` varchar(150) NOT NULL,
  `user_id` bigint(20) NOT NULL,
  PRIMARY KEY (`id`),
  UNIQUE KEY `stores_category_user_id_name_199b5145_uniq` (`user_id`,`name`),
  KEY `stores_category_name_0f0bbc32` (`name`),
  CONSTRAINT `stores_category_user_id_7a4577ea_fk_accounts_user_id` FOREIGN KEY (`user_id`) REFERENCES `accounts_user` (`id`)
) ENGINE=InnoDB AUTO_INCREMENT=51 DEFAULT CHARSET=utf8mb4 COLLATE=utf8mb4_general_ci;
/*!40101 SET character_set_client = @saved_cs_client */;

--
-- Dumping data for table `stores_category`
--

LOCK TABLES `stores_category` WRITE;
/*!40000 ALTER TABLE `stores_category` DISABLE KEYS */;
INSERT INTO `stores_category` VALUES
(1,'a\'la carte breakfast (8.30am-11am)',2),
(4,'Bar',2),
(9,'Beverages (1.30-10.30pm)',2),
(11,'Burgers, Pizzas & Pastas(1.30pm-11.30pm)',2),
(10,'Desserts (1.30-10.30pm)',2),
(3,'Indian (1.30-10.30pm)',2),
(5,'Oriental (1.30-10.30pm)',2),
(2,'Snack time quick bites ( 11am-1pm & 4-7pm)',2),
(18,'Beverages',3),
(24,'Breads',3),
(6,'BREAKFAST (8A.M. TO 10A.M.)',3),
(21,'Chinese',3),
(12,'Complimentary Breakfast (8A.M. to 10A.M.)',3),
(25,'Desserts',3),
(17,'Hot & cold',3),
(7,'Juices',3),
(23,'Mains Course (non veg)',3),
(22,'Mains Course veg',3),
(20,'Rice &Biryani',3),
(19,'Rolls',3),
(15,'Salads & Raita',3),
(8,'Shake',3),
(14,'Snacks  ( non veg)',3),
(13,'Snacks (veg)',3),
(16,'Soups',3),
(37,'24*7 Services',4),
(26,'A-La- Carte',4),
(49,'BAR',4),
(27,'Beverages',4),
(48,'BREAKFAST (7: 30A.M. TO 10A.M.)',4),
(39,'Chinese & Continental',4),
(38,'Desserts',4),
(31,'Indian breads',4),
(34,'Lentils',4),
(35,'Main Course (vegetarian)',4),
(32,'Non veg',4),
(29,'Non Vegetarian',4),
(33,'Rice & Biryani',4),
(36,'Salad & Raita',4),
(28,'Snakcs &kabab vegetarian (12pm to 3.30pm ) &( 7:30pm to 11 pm)',4),
(30,'Soup and Shorba',4),
(40,'a\'la carte breakfast (8.30am-11am)',5),
(47,'Bar',5),
(46,'Beverages (1.30-10.30pm)',5),
(44,'Burgers, pizzas & pastas (1.30pm-11.30pm) perfect for late night cravings',5),
(50,'Departmental Store',5),
(45,'Desserts (1.30-10.30pm)',5),
(42,'Indian (1.30-10.30pm)',5),
(43,'Oriental (1.30-10.30pm)',5),
(41,'Snack time quick bites  (11am-1pm & 4-7pm)',5);
/*!40000 ALTER TABLE `stores_category` ENABLE KEYS */;
UNLOCK TABLES;

--
-- Table structure for table `stores_image`
--

DROP TABLE IF EXISTS `stores_image`;
/*!40101 SET @saved_cs_client     = @@character_set_client */;
/*!40101 SET character_set_client = utf8 */;
CREATE TABLE `stores_image` (
  `id` bigint(20) NOT NULL AUTO_INCREMENT,
  `file` varchar(100) NOT NULL,
  PRIMARY KEY (`id`)
) ENGINE=InnoDB DEFAULT CHARSET=utf8mb4 COLLATE=utf8mb4_general_ci;
/*!40101 SET character_set_client = @saved_cs_client */;

--
-- Dumping data for table `stores_image`
--

LOCK TABLES `stores_image` WRITE;
/*!40000 ALTER TABLE `stores_image` DISABLE KEYS */;
/*!40000 ALTER TABLE `stores_image` ENABLE KEYS */;
UNLOCK TABLES;

--
-- Table structure for table `stores_item`
--

DROP TABLE IF EXISTS `stores_item`;
/*!40101 SET @saved_cs_client     = @@character_set_client */;
/*!40101 SET character_set_client = utf8 */;
CREATE TABLE `stores_item` (
  `id` bigint(20) NOT NULL AUTO_INCREMENT,
  `title` varchar(150) NOT NULL,
  `image` varchar(100) NOT NULL,
  `description` longtext DEFAULT NULL,
  `created_at` datetime(6) NOT NULL,
  `updated_at` datetime(6) NOT NULL,
  `user_id` bigint(20) NOT NULL,
  `quantity` int(11) NOT NULL,
  `sub_category_id` bigint(20) DEFAULT NULL,
  `item_type` varchar(20) NOT NULL,
  `category_id` bigint(20) NOT NULL,
  PRIMARY KEY (`id`),
  KEY `stores_item_user_id_ad019c93_fk_accounts_user_id` (`user_id`),
  KEY `stores_item_sub_category_id_350fa29b_fk_stores_subcategory_id` (`sub_category_id`),
  KEY `stores_item_category_id_cf19aa4c_fk_stores_category_id` (`category_id`),
  CONSTRAINT `stores_item_category_id_cf19aa4c_fk_stores_category_id` FOREIGN KEY (`category_id`) REFERENCES `stores_category` (`id`),
  CONSTRAINT `stores_item_sub_category_id_350fa29b_fk_stores_subcategory_id` FOREIGN KEY (`sub_category_id`) REFERENCES `stores_subcategory` (`id`),
  CONSTRAINT `stores_item_user_id_ad019c93_fk_accounts_user_id` FOREIGN KEY (`user_id`) REFERENCES `accounts_user` (`id`)
) ENGINE=InnoDB AUTO_INCREMENT=894 DEFAULT CHARSET=utf8mb4 COLLATE=utf8mb4_general_ci;
/*!40101 SET character_set_client = @saved_cs_client */;

--
-- Dumping data for table `stores_item`
--

LOCK TABLES `stores_item` WRITE;
/*!40000 ALTER TABLE `stores_item` DISABLE KEYS */;
INSERT INTO `stores_item` VALUES
(1,'Continental Breakfast','foods/items/breakfast.png','Glass of juice, toasts, preserves, tea / coffee','2023-09-26 16:40:41.570165','2023-10-26 20:50:37.106518',2,15,NULL,'Veg',1),
(2,'Executive Breakfast','foods/items/breakfast.png1.png','Eggs to order, glass of juice, toasts, preserves,\r\ntea/ coffee','2023-09-26 16:43:35.515638','2023-10-26 20:51:25.053967',2,21,NULL,'Non Veg',1),
(3,'American Breakfast','foods/items/breakfast2.png','Eggs to order, grilled tomato, hash brown,\r\nsausage, cereal with milk, juice, toasts,\r\npreserves, served with tea/coffee','2023-09-26 16:46:04.077725','2023-09-26 16:46:04.077850',2,15,1,'Non Veg',1),
(4,'North Indian Breakfast','foods/items/Parantha_with_curd__pickle_-_aloo_pyaaz2_Jbphsxo.png','Parantha with curd & pickle - aloo, pyaaz,\r\nmixed /Puri Bhaji/ Chana Bhatura/ Pao Bhaji\r\nServed with tea / coffee/ lassi','2023-09-26 16:51:57.186812','2023-09-26 16:51:57.186846',2,15,1,'Veg',1),
(5,'South Indian Breakfast','foods/items/kkkk_PbCfOZA.png','Dosa - Plain/ Masala: Served with\r\nsambhar and chutney\r\nIdli/ Vada/ Uttapam served with\r\nsambhar and chutney\r\nServed with tea/ coffee/ lassi','2023-09-26 16:55:13.311255','2023-09-26 16:55:13.311292',2,20,1,'Veg',1),
(6,'Only Eggs','foods/items/only_eggs.png','Boiled eggs/ Sunny side up / Double fried egg/\r\nScrambled eggs/ Omelettes (Plain / Cheese/\r\nMasala / Mushroom / Onion & Tomato','2023-09-26 17:02:12.801579','2023-09-27 15:50:32.224218',2,20,2,'Non Veg',1),
(7,'Eggs with sides','foods/items/only_eggs_with_sides.png','Eggs to order served with sausages, grilled\r\ntomato and hash brown potatoes','2023-09-26 17:04:28.699677','2023-09-26 17:04:28.699744',2,30,2,'Non Veg',1),
(8,'Toasts','foods/items/toast_with_am.png','Served with jam and preserves','2023-09-26 17:07:15.283713','2023-09-26 17:07:15.283779',2,20,3,'Veg',1),
(9,'French Fries or Masala Fries','foods/items/french_fries.png','The finger food loved by kids and adults alike!','2023-09-26 17:12:43.064841','2023-09-26 17:12:43.064908',2,20,4,'Veg',2),
(10,'Vegetable Sandwich','foods/items/veg_sandwich_TgQTvy4.png','Ideal for any time of the day, anywhere in the\r\nworld, the classic vegetable sandwich','2023-09-26 17:14:43.624438','2023-09-26 17:14:43.624503',2,15,4,'Veg',2),
(11,'Chicken Sandwich','foods/items/chicken_sandwich.png','Classic sandwich perfect for any time of the day\r\n- mayonnaise and shredded chicken','2023-09-26 17:17:10.220085','2023-09-26 17:17:10.220151',2,40,5,'Non Veg',2),
(12,'Hotspot Chicken Pizza','foods/items/chicken_pizza.png','Pizza topped with spicy grilled chicken and\r\nmozarella','2023-09-26 17:19:17.113494','2023-09-26 17:19:17.113559',2,20,5,'Non Veg',2),
(13,'Garden Fresh Salad','foods/items/green_salad_IRVCTU4.png','Freshly cut cucumber, carrots, radish, onions\r\nand tomatoes. A riot of colours. Good with every\r\nmeal!','2023-09-26 17:25:49.008934','2023-09-26 17:25:49.008998',2,15,6,'Veg',3),
(14,'Pineapple Corn Salad','foods/items/pineapple_corn_salad.png','Our take on the all time favourite Indian\r\nKachumber salad with juicy pineapple','2023-09-26 17:28:08.650298','2023-09-26 17:28:08.650363',2,20,6,'Veg',3),
(15,'Tamatar Dhania ka Shorba','foods/items/tamatar_dhania_shorba.png','A mildly spiced tomato broth flavoured with\r\nfresh coriande','2023-09-26 17:30:34.277818','2023-09-26 17:30:34.277886',2,20,7,'Veg',3),
(16,'Murgh Badami Shorba','foods/items/murgh_badami_shorba.png','Flavourful chicken broth enriched with almonds','2023-09-26 17:33:06.176915','2023-09-26 17:33:06.176982',2,20,7,'Non Veg',3),
(17,'Veg Seekh Kebab','foods/items/veg_kabab_sg7RTVh.png','Mashed medley of vegetables flavoured with\r\nIndian spices cooked in a traditional clay oven','2023-09-26 17:35:55.950598','2023-09-26 17:35:55.950663',2,12,8,'Veg',3),
(18,'Paneer Tikka','foods/items/paneer_tikka.png','Choice of Paneer Tikka / Achari paneer tikka\r\n/ Haryali Paneer tikka, cooked to perfection','2023-09-27 13:12:11.358824','2023-09-27 13:12:11.358892',2,20,8,'Veg',3),
(19,'Chicken Tikka','foods/items/chicken_tikka.png','Tandoor roasted chicken morsels marinated with\r\nbrown onion and Indian spices','2023-09-27 13:18:35.627239','2023-09-27 13:18:35.627305',2,20,9,'Non Veg',3),
(20,'Murgh Malai Tikka','foods/items/murgh_malai_tikka.png','Creamy marinated pieces of boneless chicken\r\ncooked in a traditional clay oven','2023-09-27 13:24:51.546448','2023-09-27 13:24:51.546515',2,20,9,'Non Veg',3),
(21,'Paneer Makhani','foods/items/paneerrrr.png','Cottage cheese cooked in tomato cashewnut gravy','2023-09-27 13:28:54.694747','2023-09-27 13:28:54.694814',2,20,10,'Veg',3),
(22,'Paneer Khatta Pyaaz','foods/items/paneer_khatta_pyaaz.png','Cottage cheese cooked along wth pickled onions\r\nand Indian masalas','2023-09-27 13:30:48.256426','2023-09-27 13:30:48.256494',2,20,10,'Veg',3),
(23,'Chicken Chettinad','foods/items/Chicken_Chettinad.png','Chicken cooked in a fiery South Indian Masala','2023-09-27 13:34:56.901378','2023-09-27 13:34:56.901444',2,10,11,'Non Veg',3),
(24,'Murgh Bemisaal','foods/items/Murgh_Bemisaal.png','Chicken tikka cooked in a rich tomato gravy\r\ntopped with cream','2023-09-27 13:38:12.683570','2023-09-27 13:38:12.683637',2,20,11,'Non Veg',3),
(25,'French Toast','foods/items/french_toast.png','Sweet or Salted','2023-09-27 13:45:56.179938','2023-09-27 13:45:56.179998',2,25,2,'Non Veg',1),
(26,'Chicken Franks','foods/items/Chicken_Franks.png','Chicken sausages served with grilled\r\ntomato and hash brown potato','2023-09-27 13:48:53.491477','2023-09-27 13:48:53.491543',2,40,2,'Non Veg',1),
(27,'Cereals','foods/items/cereals.png','Cornflakes/ Wheat Flakes/ Muesli / Chocos/\r\nPorridge. Served with hot or cold milk','2023-09-27 13:51:00.611417','2023-09-27 15:31:09.124470',2,19,2,'Veg',1),
(28,'Extra Portion','foods/items/extra_portion.png','Parantha/ Pao/ Puri/ Bhatura/\r\nChole/Bhaji/ Curd','2023-09-27 13:55:30.469373','2023-09-27 15:30:42.992861',2,19,3,'Veg',1),
(29,'Fresh Fruit Platter','foods/items/fruit_platter.png','Fruits of the season cut and served fresh\r\nA healthy start to the day','2023-09-27 13:57:27.205593','2023-09-27 13:57:27.205660',2,20,3,'Veg',1),
(30,'Pancakes / Waffles','foods/items/Pancakes__Waffles.png','Served with Maple syrup/ honey','2023-09-27 13:59:59.851469','2023-09-27 13:59:59.851534',2,20,3,'Non Veg',1),
(31,'Morning Bakery Basket','foods/items/Morning_Bakery_Basket.png','Four pieces of your choice served with butter\r\n& preserves ( Danish/ Croissants/ Cake/\r\nMuffins/ Doughnuts (plain / chocolate)','2023-09-27 14:03:16.410526','2023-09-27 15:24:13.043348',2,18,3,'Non Veg',1),
(32,'Veggie Fingers','foods/items/veggie_fries.png','Crispy flavourful fingers packed with veggies','2023-09-27 14:22:35.599535','2023-09-27 14:22:35.599603',2,25,4,'Veg',2),
(33,'Corn Cheese Nuggets','foods/items/Corn_Cheese_Nuggets.png','Golden brown crisp nuggets with corn &\r\ncheese that\'ll melt in your mouth','2023-09-27 14:24:49.062725','2023-09-27 14:24:49.062781',2,20,4,'Veg',2),
(34,'Paneer Pakora','foods/items/paneer_pakora.png','India\'s favourite snack perfect for cold or rainy\r\nevenings, with cottage cheese','2023-09-27 14:26:39.363206','2023-09-27 14:26:39.363272',2,20,4,'Veg',2),
(35,'Vegetable Pakora','foods/items/veg_pakora_q9YD65q.png','India\'s favourite snack perfect for cold or rainy\r\nevenings, with assorted vegetables','2023-09-27 14:28:51.543304','2023-09-28 10:44:46.425483',2,16,4,'Veg',2),
(36,'Maggi: Cheese/ Chilly/ Makhani','foods/items/maggie.png','Maggi gets a gourmet makeover with extra cheese\r\nor chinese chilly sauces or Indian makhani curry','2023-09-27 14:30:49.452214','2023-09-27 14:30:49.452280',2,20,4,'Veg',2),
(37,'Double Decker Veg Burger','foods/items/burger.png','King of all burgers with two scrumptous\r\nveg patties to satisfy all those burger cravings','2023-09-27 14:32:31.691922','2023-09-27 14:32:31.691991',2,20,4,'Veg',2),
(38,'Paneer Kathi Roll','foods/items/kathi_roll.png','Tandoor cooked cottage cheese in a flaky paramth','2023-09-27 14:34:29.183816','2023-09-27 14:34:29.183883',2,20,4,'Veg',2),
(39,'South Indian Meal','foods/items/111.png','Choice of Idli Sambhar / Dosa Sambhar / Vada\r\nSambhar / Uttapam Sambhar.\r\n** Available only uptil 1pm','2023-09-27 15:21:12.187066','2023-09-27 15:21:12.187132',2,20,4,'Veg',2),
(40,'Grilled Double Cheese Sandwich','foods/items/Grilled_Double_Cheese_Sandwich.png','Buttery and stuffed with melty cheese - the perfect\r\nsnack for hill station weather','2023-09-27 15:28:59.700291','2023-09-27 15:28:59.700357',2,12,4,'Veg',2),
(41,'Apple Cider','foods/items/beers.png','HANDCRAFTED BEERS BREWED IN-HOUSE AT OUR OWN SHIMLA\r\nBREWING COMPANY WITH AUTHENTIC BELGIAN MALTS, AMERICAN\r\nHOPS & LOCALLY SOURCED INGREDIENTS. RECIPES DESIGNED BY OUR\r\nMASTER BREWER ISHAN GROVER, INSPIRED BY SHIMLA & SERVED WITH\r\nWARM HIMACHALI HOSPITALITY.','2023-09-27 15:34:06.900967','2023-10-26 20:01:49.599329',2,30,NULL,'None',4),
(42,'Grilled Mushroom & Cheese Sandwich','foods/items/Grilled_Mushroom__Cheese_Sandwich.png','Sandwich stuffed with mushrooms and melty cheese\r\nand grilled to perfection','2023-09-27 15:36:52.498218','2023-09-27 15:36:52.498285',2,12,4,'Veg',2),
(43,'Veg. Club Sandwich','foods/items/Veg._Club_Sandwich.png','Triple decker sandwich with cottage cheese, tomato,\r\ncucumber, onion and lettuce','2023-09-27 15:38:42.616748','2023-09-27 15:38:42.616816',2,20,4,'Veg',2),
(44,'Chilli Cheese Toast','foods/items/mm.png','The ideal all day snack - toast loaded with cheese,\r\nchilies, and veggies','2023-09-27 15:41:03.630177','2023-09-27 15:41:03.630247',2,20,4,'Veg',2),
(45,'Margherita Pizza','foods/items/pizza.png','Classic 12inch thin crust pizza with tomato basil\r\nconcasse, mozarella and fresh basil','2023-09-27 15:44:10.935108','2023-09-27 15:44:10.935176',2,20,4,'Veg',2),
(46,'Farmville Pizza','foods/items/pizaaaa.png','Pizza topped with exotic farm fresh veggies -\r\nbrocolli, bell peppers and zucchini','2023-09-27 15:46:39.248671','2023-09-27 15:46:39.248738',2,20,4,'Veg',2),
(47,'Peri Peri Paneer Pizza','foods/items/peri_peri_pizaa.png','One for Paneer lovers - hot and spicy peppy paneer','2023-09-27 15:48:08.358578','2023-09-27 15:48:08.358607',2,20,4,'Veg',2),
(48,'Spicy Noodle Salad','foods/items/spicy_noodles_salad.png','Crispy noodles tossed with onions and\r\npeppers in a sweet and spicy sauce','2023-09-27 15:53:49.311452','2023-09-27 15:53:49.311521',2,20,13,'Veg',5),
(49,'Kimchi Salad','foods/items/kimchi_salad.png','Chinese cabbage and green onions tossed\r\nin a spicy sauce','2023-09-27 15:55:46.403385','2023-09-27 15:55:46.403452',2,12,13,'Veg',5),
(51,'Egg Sandwich','foods/items/egg_sanwich.png','Classic sandwich made with hard-boiled eggs\r\nmixed with mayonnaise','2023-09-27 16:02:09.156479','2023-09-27 16:02:09.156547',2,20,5,'Non Veg',2),
(52,'Grilled Ham and Cheese Sandwich','foods/items/Grilled_Ham_and_Cheese_Sandwich.png','Buttery toast, melty cheese, and chicken ham\r\nare all flavors that make this perfectly made\r\nsandwich','2023-09-27 16:04:07.686003','2023-09-27 16:04:07.686071',2,32,5,'Non Veg',2),
(53,'Grilled Chicken & Cheese Sandwich','foods/items/22_T7x451q.png','Sandwich stuffed with chicken and melty cheese\r\nand grilled to perfection','2023-09-27 16:08:53.367237','2023-09-27 16:08:53.367304',2,12,5,'Non Veg',2),
(54,'Hot milk','foods/items/hot_milk_r1TWopP.png','Hot milk','2023-09-27 16:21:01.058448','2023-09-27 16:21:01.058477',3,15,NULL,'Veg',6),
(55,'Veg sandwich','foods/items/veg_sandwich_KlTXNVw.png','Veg sandwich','2023-09-27 16:23:57.015209','2023-09-27 16:23:57.015277',3,15,NULL,'Veg',6),
(56,'Veg.grilled sandwich','foods/items/grilled_sandwich.png','Veg.grilled sandwich','2023-09-27 16:26:59.332992','2023-10-31 20:43:18.648180',3,49,NULL,'Veg',6),
(57,'Bournvita milk','foods/items/bournvita_milk_865CYD6.png','Bournvita milk','2023-09-27 16:29:17.237575','2023-09-27 16:29:17.237642',3,12,NULL,'Veg',6),
(58,'Cornflakes milk','foods/items/cornflakes.png','Cornflakes milk','2023-09-27 16:32:53.298983','2023-09-27 16:32:53.299050',3,12,NULL,'Veg',6),
(59,'Butter toast','foods/items/butter.png','Butter toast','2023-09-27 16:35:23.476802','2023-09-27 16:35:23.476870',3,25,NULL,'Veg',6),
(60,'Orange juice','foods/items/butter_JnWSK3E.png','Orange juice','2023-09-27 16:43:41.244906','2023-09-27 16:43:41.244974',3,15,NULL,'Veg',7),
(61,'Mango juice','foods/items/mango_DUFp7kT.png','Mango juice','2023-09-27 16:45:03.173180','2023-09-27 16:45:03.173247',3,15,NULL,'Veg',7),
(62,'Apple juice','foods/items/apple.png','Apple juice','2023-09-27 16:48:45.506730','2023-09-27 16:48:45.506798',3,15,NULL,'Veg',7),
(63,'Pine Apple juice','foods/items/pineee.png','Pine Apple juice','2023-09-27 16:51:26.995932','2023-09-27 16:51:26.996000',3,25,NULL,'Veg',7),
(64,'Cranberry','foods/items/cranberry.png','Cranberry','2023-09-27 17:39:25.788313','2023-09-27 17:39:25.788381',3,15,NULL,'Veg',7),
(65,'Mix juice','foods/items/mix_0iAlbKW.png','Mix juice','2023-09-27 17:41:42.652466','2023-09-27 17:41:42.652534',3,15,NULL,'Veg',7),
(66,'Banana Shake','foods/items/banana_Dc1PEVz.png','Banana Shake','2023-09-27 17:43:59.366781','2023-09-27 17:43:59.366813',3,15,NULL,'Veg',8),
(67,'Mango Shake','foods/items/mango_zGRisks.png','Mango Shake','2023-09-27 17:45:36.256194','2023-09-27 17:45:36.256261',3,31,NULL,'Veg',8),
(68,'Chocolate shake','foods/items/chocolate_shake.png','Chocolate shake','2023-09-27 17:49:05.138516','2023-09-27 17:49:05.138539',3,40,NULL,'Veg',8),
(69,'Strawberry','foods/items/strawbeyyy.png','Strawberry','2023-09-27 17:50:31.703439','2023-09-27 17:50:31.703471',3,15,NULL,'Veg',8),
(70,'Oreo shake','foods/items/oreo_QtDxliq.png','Oreo shake','2023-09-27 17:51:45.516533','2023-09-27 17:51:45.516582',3,15,NULL,'Veg',8),
(71,'Non Veg Club Sandwich','foods/items/non_veg.png','Triple decker sandwich with chicken ham, grilled\r\nchicken and fried egg','2023-09-28 11:02:23.412031','2023-09-28 11:02:23.412072',2,15,5,'Non Veg',2),
(72,'Ultimate Chicken Burger','foods/items/nnnnnn.png','The much loved classic - soft buns, succulent\r\nand juicy chicken patty and the perfect sauce','2023-09-28 11:07:44.183554','2023-09-28 11:07:44.183591',2,15,5,'Non Veg',2),
(74,'Meat Lovers Pizza','foods/items/mmmmmmmmmm.png','Ideal for meat eaters - topped with chicken\r\nsausages and pork pepperoni','2023-09-28 11:16:58.494018','2023-09-28 11:16:58.494098',2,15,5,'Non Veg',2),
(75,'Chicken Tikka Pizza','foods/items/kkkkk.png','The perfect blend of desi spices, chicken\r\ntikka chunks and Italian herbs','2023-09-28 11:19:28.990171','2023-09-28 11:19:28.990218',2,15,5,'Non Veg',2),
(76,'Pepperoni Pizza','foods/items/moon.png','Ideal for meat eaters- topped with\r\nmozarella and pepperoni','2023-09-28 11:23:33.597669','2023-09-28 11:23:33.597736',2,15,5,'Non Veg',2),
(77,'Chicken Kathi Roll','foods/items/roti.png','Tandoor cooked chicken tikka in a flaky Indian\r\nparantha','2023-09-28 11:26:54.761046','2023-09-28 11:26:54.761142',2,15,5,'Non Veg',2),
(78,'Platter of cookies or todays pastry','foods/items/cookies.png','The ideal evening snack.\r\nAsk your server for the special of the day','2023-09-28 11:33:15.496104','2023-09-28 11:33:15.496196',2,15,4,'Veg',2),
(79,'Platter of cookies or todays pastry','foods/items/155.png','The ideal evening snack.\r\nAsk your server for the special of the day','2023-09-28 11:36:07.030153','2023-10-09 16:16:38.317176',2,18,5,'Non Veg',2),
(80,'Tandoori Mushroom','foods/items/143.png','Farm fresh mushrooms marinated in Indian\r\nspices and cooked in a traditional clay oven','2023-09-28 11:40:38.345355','2023-09-28 11:40:38.345439',2,15,8,'Veg',3),
(81,'Dahi ke Sholey','foods/items/14147.png','Rich and creamy hung curd and paneer delicacy','2023-09-28 11:43:16.347522','2023-09-28 11:43:16.347615',2,15,10,'Veg',3),
(82,'Hara Bhara Kebab','foods/items/5555.png','Kebab of green peas spinach and other\r\nvegetables','2023-09-28 11:46:08.675944','2023-09-28 11:46:08.676036',2,15,8,'Veg',3),
(83,'Assorted Veg. Kebab platter','foods/items/1789.png','Assorted kebabs from our tandoori section\r\nserved on a platter','2023-09-28 11:50:35.066300','2023-09-28 11:50:35.066390',2,15,8,'Veg',3),
(84,'Tandoori Tangri Kebab','foods/items/145.png','Chicken drumsticks marinated with Indian\r\nspices and cooked in a traditional clay oven','2023-09-28 11:53:11.426318','2023-09-28 11:53:11.426354',2,15,9,'Non Veg',3),
(85,'Ajwaini Fish Tikka','foods/items/163.png','Carrom and mustard flavoured cubes of fish,\r\ncooked in a traditional clay oven','2023-09-28 11:56:24.456262','2023-09-28 11:56:24.456332',2,150,9,'Non Veg',3),
(86,'Tandoori Chicken','foods/items/158.png','Assorted pieces of tandoori chicken\r\nserved on a platter','2023-09-28 12:08:30.773144','2023-09-28 12:08:30.773185',2,52,9,'Non Veg',3),
(87,'Chicken Seekh Kebab','foods/items/199.png','Minced chicken kebabs cooked to perfection','2023-09-28 12:11:24.432733','2023-09-28 12:11:24.432804',2,25,9,'Non Veg',3),
(88,'Amritsari Fish','foods/items/2000.png','The popular street food of Amritsar and all time\r\nfavourite of Punjabi households','2023-09-28 12:15:43.342963','2023-09-28 12:15:43.343059',2,15,9,'Non Veg',3),
(89,'Assorted N.Veg Kebab platter','foods/items/100_rpHGHaW.png','Platter of assorted tandoori non veg starters','2023-09-28 12:23:08.652733','2023-09-28 12:23:08.652766',2,30,9,'Non Veg',3),
(90,'Shahi Paneer','foods/items/20.png','Chunks of cottage cheese cooked in creamy gravy','2023-09-28 12:28:20.112350','2023-09-28 12:28:20.112444',2,15,10,'Veg',3),
(91,'Kadhai Paneer','foods/items/25.png','Cottage cheese , tomato, onion, capsicum cooked\r\nwith Indian spices','2023-09-28 12:31:12.699744','2023-09-28 12:31:12.699836',2,50,10,'Veg',3),
(92,'Palak Paneer','foods/items/24.png','Cubes of cottage cheese cooked in cream & spinach','2023-09-28 12:35:53.074270','2023-09-28 12:35:53.074356',2,15,10,'Veg',3),
(93,'Paneer Lababdar','foods/items/23.png','cottage cheese in a creamy rich tomato onion gravy','2023-09-28 12:39:37.319316','2023-09-28 12:39:37.319348',2,30,10,'Veg',3),
(94,'Home Style Paneer Bhurji','foods/items/26.png','Comfort food - crumbled paneer, veggies, spices','2023-09-28 12:42:10.994614','2023-09-28 12:42:10.994711',2,15,10,'Veg',3),
(95,'Tawa Khumb Bhutta Masala','foods/items/27.png','Mushrooms and baby corn cooked on the\r\ntawa with Indian masalas','2023-09-28 12:44:13.326728','2023-09-28 12:44:13.326828',2,12,10,'Veg',3),
(96,'Paneer Butter Masala','foods/items/28.png','Cottage cheese in a creamy luscious tomato gravy','2023-09-28 12:46:43.630761','2023-09-28 12:46:43.630853',2,15,10,'Veg',3),
(97,'Vegetable Jalfrezi','foods/items/29.png','Spicy and tangy medley of vegetables','2023-09-28 12:48:39.063095','2023-09-28 12:48:39.063137',2,10,10,'Veg',3),
(98,'Mushroom Masala','foods/items/30.png','Mushrooms cooked with capsicum, onion, tomato in Indian spices','2023-09-28 12:50:49.373970','2023-09-28 12:50:49.374041',2,14,10,'Veg',3),
(99,'Malai Kofta','foods/items/31.png','Cottage cheese dumplings dipped in rich cashew\r\nnut gravy topped with cream','2023-09-28 12:52:27.469691','2023-09-28 12:52:27.469831',2,15,10,'Veg',3),
(100,'Dum Aloo','foods/items/32.png','Round potatoes cooked in rich tomato butter gravy','2023-09-28 12:57:40.092496','2023-09-28 12:57:40.092593',2,55,10,'Veg',3),
(101,'Chana Masala','foods/items/33.png','Chick peas cooked in a spicy gravy','2023-09-28 13:05:11.775314','2023-09-28 13:05:11.775348',2,22,10,'Veg',3),
(102,'Pahadi Rajma Curry','foods/items/34.png','Simple authentic rajma curry from Himachal','2023-09-28 13:07:18.185668','2023-09-28 15:59:44.216385',2,24,10,'Veg',3),
(103,'Kadhai Chicken','foods/items/35_cYIQb9t.png','Chicken cooked with traditional Indian\r\nherbs & spices','2023-09-28 13:09:29.339862','2023-10-26 18:43:17.729815',2,19,11,'Non Veg',3),
(104,'Butter Chicken','foods/items/36.png','Tandoori chicken simmered in rich tomato\r\nbutter gravy','2023-09-28 13:12:52.010574','2023-09-28 13:12:52.010661',2,25,11,'Non Veg',3),
(105,'Chicken Ghee Roast','foods/items/37.png','South Indian chicken cooked with cashew\r\nnuts & chillies','2023-09-28 13:14:39.416260','2023-09-28 13:14:39.416331',2,45,11,'Non Veg',3),
(106,'Laal Maas','foods/items/38.png','Rajasthani chilli marinated boneless mutton\r\ncooked in its own juices','2023-09-28 13:17:23.365694','2023-09-28 13:17:23.365809',2,15,11,'Non Veg',3),
(107,'Himachali Rara Meat','foods/items/39.png','Himachali ,speciality, Mutton prepared in a\r\ndelicious keema curry','2023-09-28 13:19:24.480860','2023-09-28 13:19:24.480946',2,26,11,'Non Veg',3),
(108,'Rogan Josh','foods/items/40.png','All time favourite Mutton speciality','2023-09-28 13:21:27.200737','2023-09-28 13:21:27.200811',2,25,11,'Non Veg',3),
(109,'Bengali Chicken Curry','foods/items/42.png','Spicy, delicious chicken curry cooked with spices\r\n& potatoes','2023-09-28 13:42:45.265635','2023-09-28 13:42:45.265668',2,26,11,'Non Veg',3),
(110,'Kolhapuri Egg Curry','foods/items/43.png','Also called Anda Rassa, a Maharahtrian egg curry','2023-09-28 13:44:50.439058','2023-09-28 13:44:50.439126',2,20,11,'Non Veg',3),
(111,'Chicken Keema Masala','foods/items/44_Jxxe3CA.png','Popular Indian dish made with chicken mince,\r\nspices, herbs, onions and tomatoes','2023-09-28 14:09:09.355236','2023-09-28 14:09:09.355305',2,25,11,'Non Veg',3),
(112,'Khamod Meat','foods/items/45.png','Popular Himachali Mutton dish','2023-09-28 14:10:49.407790','2023-09-28 14:10:49.407860',2,15,11,'Non Veg',3),
(113,'Goan Fish Curry','foods/items/46.png','Fish morsels cooked in coconut, herbs and spices in\r\nGoan style','2023-09-28 14:12:09.561863','2023-09-28 14:12:09.561935',2,15,11,'Non Veg',3),
(114,'Fish Masala Curry','foods/items/47.png','Fish morsels cooked in North Indian flavourful\r\naromatic tomato - onion curry','2023-09-28 14:13:48.404247','2023-09-28 14:13:48.404334',2,26,11,'Non Veg',3),
(115,'Chicken Tikka Masala','foods/items/Chicken_Tikka_Masala.png','Roasted marinated chicken tikkas in a spiced\r\ncreamy curry','2023-09-28 14:15:33.572343','2023-09-28 14:15:33.572411',2,26,11,'Non Veg',3),
(116,'Prawn Curry','foods/items/Prawn_Curry.png','Aromatic tomato-onion based Punjabi style\r\nprawn curry','2023-09-28 14:17:20.717988','2023-09-28 14:17:20.718080',2,26,11,'Non Veg',3),
(117,'Ghee Roast Prawns','foods/items/Ghee_Roast_Prawns.png','Prawns cooked with fragrant ghee masala\r\npaste with a burst of chilli, pepper, and\r\nsourness from tamarind','2023-09-28 14:19:06.632080','2023-09-28 14:19:06.632149',2,25,11,'Non Veg',3),
(118,'Hyderabad Non Veg Biryani','foods/items/Hyderabad_Non_Veg_Biryani.png','Indian Basmati flavoured with herbs and spices,\r\nlayered with chicken and given a \'dum\' along\r\nwith saffron, brown onion and mint.\r\nServed with Raita','2023-09-28 14:21:15.423026','2023-09-28 14:21:15.423094',2,20,11,'Non Veg',3),
(119,'Jeera Aloo','foods/items/Jeera_Aloo1_qsKtZtk.png','Potato flavoured with cumin seeds and topped\r\nwith fresh green coriander','2023-09-28 14:22:59.752002','2023-09-28 14:22:59.752095',2,41,10,'Veg',3),
(120,'Taaza Subzi','foods/items/taza_subji.png','Medley of season\'s fresh vegetables cooked\r\nwith Indian spices','2023-09-28 14:25:32.185957','2023-09-28 14:25:32.186049',2,15,10,'Veg',3),
(121,'Daal Makhani','foods/items/Daal_Makhani1_tQ3Rx6F.png','Combination of lentils simmered overnight\r\ntempered with butter and cream','2023-09-28 14:26:42.909974','2023-09-28 15:59:44.220602',2,13,10,'Veg',3),
(122,'Peeli Daal Tarka','foods/items/Yellow_lentils_tempered_with_onion_chilli.jpg','Yellow lentils tempered with onion, chilli,\r\ntomatoes','2023-09-28 16:30:52.726152','2023-09-28 16:30:52.726220',2,20,10,'Veg',3),
(123,'Tandoori Roti','foods/items/Tandoori_Roti1_mF6psCb.png','Tandoori Roti','2023-09-28 16:32:33.587262','2023-09-28 16:32:33.587292',2,15,10,'Veg',3),
(124,'Missi Roti','foods/items/Missi_Roti1_aBSXz4P.png','Missi Roti','2023-09-28 16:33:40.590444','2023-09-28 16:33:40.590513',2,15,10,'Veg',3),
(125,'Naan','foods/items/naan1_2kmbgtG.png','Plain / Butter / Garlic','2023-09-28 16:35:22.640998','2023-09-28 16:35:22.641067',2,15,10,'Veg',3),
(126,'Parantha','foods/items/Malabari1_bRrStb4.png','Malabari / Pudina/ Lachha/\r\nMirchi/ Garlic','2023-09-28 16:37:00.781019','2023-09-28 16:37:00.781088',2,15,10,'Veg',3),
(127,'Kulcha','foods/items/kulcha.png','Aloo / Onion / Mix / Masala','2023-09-28 16:39:33.451642','2023-09-28 16:39:33.451713',2,15,10,'Veg',3),
(128,'Achari Paneer Kathi Roll','foods/items/Tandoor_cooked_cottage_cheese_in_a_1_k6vQTSL.png','Tandoor cooked cottage cheese in a flaky\r\nparamtha','2023-09-28 17:14:02.780043','2023-09-28 17:14:02.780111',2,15,10,'Veg',3),
(129,'Chicken Kathi Roll','foods/items/chicken_kathi_rool.png','tandoor cooked chicken tikka in a flaky\r\nIndian parantha','2023-09-28 17:18:35.973071','2023-09-28 17:18:35.973140',2,15,11,'Non Veg',3),
(130,'Steamed Rice','foods/items/Steamed_Rice_MprnyYy.png','Steamed Rice','2023-09-28 17:19:42.485146','2023-09-28 17:19:42.485214',2,26,10,'Veg',3),
(131,'Pulao','foods/items/Pulao_EJZlvHE.png','Matar / Vegetable / Jeera','2023-09-28 17:20:57.159709','2023-09-28 17:20:57.159776',2,15,10,'Veg',3),
(132,'Kashmiri Pulao','foods/items/pulaw_iaZDJF0.png','Kashmiri Pulao','2023-09-28 17:22:37.642205','2023-09-28 17:22:37.642236',2,15,10,'Veg',3),
(133,'Hyderabadi Veg. Biryani','foods/items/hyderabadi_biryani_Q0ZelYx.png','Hyderabadi Veg. Biryani / 455','2023-09-28 17:23:35.566534','2023-09-28 17:23:35.566604',2,15,10,'Non Veg',3),
(134,'Raita of your choice','foods/items/raita.png','Aloo/Kheera/Mint/Boondi/Pineapple/Mixed','2023-09-28 17:25:08.036524','2023-09-28 17:25:08.036592',2,15,10,'Veg',3),
(135,'Roasted Papad','foods/items/roast1_uyjfxCp.png','Roasted Papad','2023-09-28 17:25:56.275472','2023-09-28 17:25:56.275540',2,15,11,'Veg',3),
(136,'Masala Papad','foods/items/masala_papad_Eg8Ubzl.png','Masala Papad','2023-09-28 17:29:46.613941','2023-09-28 17:29:46.614009',2,15,10,'Veg',3),
(137,'Idli Sambhar','foods/items/idli_XvxdDhs.png','Idli Sambhar','2023-09-28 17:32:29.603778','2023-09-28 17:32:29.603847',2,15,10,'Veg',3),
(138,'Masala Dosa Sambhar','foods/items/masala_dosa.png','Masala Dosa Sambhar','2023-09-28 17:35:49.545435','2023-09-28 17:35:49.545464',2,15,10,'Veg',3),
(139,'Uttapam Sambhar','foods/items/uttapm.png','Uttapam Sambhar','2023-09-28 17:38:05.640709','2023-09-28 17:38:05.640777',2,15,10,'Veg',3),
(140,'Vada Sambhar','foods/items/vada_hPGvAfc.png','Vada Sambhar','2023-09-28 17:39:24.084684','2023-09-28 17:39:24.084752',2,15,10,'Veg',3),
(141,'Chilli Baby Corn Mushroom','foods/items/Chilli_Baby_Corn_Mushroom_wk1VMUl.png','Crispy baby corn mushrooms with basil\r\nchilli paste','2023-09-29 10:45:11.442308','2023-09-29 10:45:11.442378',2,15,15,'Veg',5),
(142,'Tofu Fries','foods/items/tofffuuu.png','Tofu fingers marinated with chinese herbs\r\nand fried','2023-09-29 10:49:28.265019','2023-09-29 10:49:28.265087',2,15,15,'Veg',5),
(143,'Chilly Mushroom','foods/items/chilley_mushroom.png','Crispy mushrooms in sweet spicy chilli sauceCrispy mushrooms in sweet spicy chilli sauce','2023-09-29 10:53:38.204888','2023-09-29 10:53:38.204957',2,15,15,'Veg',5),
(144,'Vegetable Wontons','foods/items/GettyImages-1154465848-9e7635dd6ccc439890bb2acd5532dbc7.jpg','Deep fried wontons stuffed with a vegetable\r\nmixture served with hot garlic sauce','2023-09-29 10:56:39.676701','2023-10-26 22:32:21.441984',2,15,NULL,'Veg',5),
(145,'Veg. Sui Mai Dimsum','foods/items/Veg._Sui_Mai_Dimsum_oKaazlK.png','Steamed vegetable dumplings served with\r\nour own delectable sauces','2023-09-29 10:58:19.016556','2023-09-29 10:58:19.016624',2,15,15,'Veg',5),
(146,'Crispy Honey Chilli Potatoes','foods/items/Crispy_Honey_Chilli_Potatoe_1QeG2T8.png','Fried potato fingers in a honey chilli sauce','2023-09-29 10:59:58.915371','2023-09-29 10:59:58.915440',2,15,15,'Veg',5),
(147,'Asian Chilli Cottage Cheese','foods/items/Asian_Chilli_Cottage_Cheese_DleVfea.png','Crispy cottage cheese in a sweet, sour,\r\nspicy sauce','2023-09-29 11:01:34.873617','2023-09-29 11:01:34.873685',2,15,15,'Veg',5),
(148,'Crispy Veg. Rolls','foods/items/Crispy_Veg._Rolls_ggeAxJW.png','Deep fried rolls stuffed with chinese veggies','2023-09-29 11:05:44.675566','2023-09-29 11:05:44.675634',2,15,15,'Veg',5),
(149,'Vegetable Salt & Pepper','foods/items/Salt-and-pepper-squid-with-red-and-green-peppers-1024x1024.jpg','Crispy fried vegetables seasoned with\r\nsalt & pepper','2023-09-29 11:07:47.590313','2023-10-26 22:31:31.786692',2,15,NULL,'Veg',5),
(150,'Chicken Chengdu','foods/items/Chicken_Chengdu.png','Stir fried sliced chicken tossed together with\r\nonions and peppers in a spicy sauce','2023-09-29 11:11:23.250371','2023-09-29 11:11:23.250440',2,15,16,'Non Veg',5),
(151,'Crispy Chicken Rolls','foods/items/chicken_crispy_roll.png','Deep fried minced chicken rolls with oyster\r\nsauce','2023-09-29 11:17:23.666326','2023-09-29 11:17:23.666356',2,15,16,'Non Veg',5),
(152,'Pan Fried Chilli Chicken','foods/items/Pan_Fried_Chilli_Chicken.png','Diced chicken with onion & capsicum,\r\ncoated with a spicy soya tomato sauce','2023-09-29 11:19:25.450318','2023-09-29 11:19:25.450386',2,15,16,'Non Veg',5),
(153,'Chicken Kothe Dimsums','foods/items/Chicken_Kothe_Dimsums.png','Pan fried minced chicken dumplings\r\nserved with our own delectable sauces','2023-09-29 11:21:29.520104','2023-09-29 11:21:29.520172',2,15,16,'Non Veg',5),
(154,'Chicken Kothe Dimsums','foods/items/Chicken_Kothe_Dimsums_KXq6N1L.png','Pan fried minced chicken dumplings\r\nserved with our own delectable sauces','2023-09-29 11:21:29.938228','2023-09-29 11:21:29.938264',2,15,16,'Non Veg',5),
(155,'Crispy Chicken Honey Chilli','foods/items/Crispy_Chicken_Honey_Chilli.png','Dry shredded chicken cooked with\r\nhoney & chilli','2023-09-29 11:23:34.631001','2023-09-29 11:23:34.631069',2,15,16,'Non Veg',5),
(156,'Shrimp Sui Mai','foods/items/Shrimp_Sui_Mai.png','Steamed shrimp dumplings served along with\r\nour own delectable sauces','2023-09-29 11:25:25.516561','2023-09-29 11:25:25.516629',2,15,16,'Non Veg',5),
(157,'Prawns Salt and Pepper','foods/items/Prawns_Salt_and_Pepper.png','Crispy fried prawns tossed with pepper and salt','2023-09-29 11:27:23.615727','2023-09-29 11:27:23.615794',2,15,16,'Non Veg',5),
(158,'Chilli Lamb','foods/items/Chilli_Lamb.png','Sliced lamb cooked with chilli sesame seeds','2023-09-29 11:32:00.078393','2023-09-29 11:32:00.078460',2,15,16,'Non Veg',5),
(159,'Tom Yum','foods/items/tom_yum_JjHR6pB.png','National soup of Thailand. Blend of Thai herbs\r\nspiked with lemon juice and coriander','2023-09-29 11:36:06.408402','2023-09-29 11:36:06.408474',2,15,14,'Veg',5),
(160,'Tom Yum','foods/items/tom_prawn.png','Prawn','2023-09-29 11:38:54.363613','2023-09-29 11:38:54.363681',2,15,14,'Non Veg',5),
(161,'Tom yum','foods/items/tom_chicken.png','Chicken','2023-09-29 11:40:47.911353','2023-09-29 11:40:47.911421',2,15,14,'Non Veg',5),
(162,'Noodle Soup','foods/items/noodle_soup.png','A clear broth with noodles topped with vegetables','2023-09-29 11:42:56.452932','2023-09-29 11:42:56.452998',2,0,14,'Veg',5),
(163,'Noodle Soup','foods/items/noodle_soup_EEfDSnw.png','A clear broth with noodles topped with chicken','2023-09-29 11:45:09.892547','2023-09-29 11:45:09.892627',2,15,14,'Non Veg',5),
(164,'Sweet Corn Soup','foods/items/sweet_corn_H7SYwOp.png','veg','2023-09-29 11:46:12.533718','2023-09-29 11:46:12.533834',2,13,14,'Veg',5),
(165,'Sweet Corn Soup','foods/items/sweet_corn__non_veg_kX3975s.png','Chicken','2023-09-29 11:47:37.020321','2023-09-29 11:47:37.020388',2,34,14,'Non Veg',5),
(166,'Hot and Sour Soup','foods/items/hot_and_sour_soup_veg.png','veg','2023-09-29 11:48:36.316739','2023-09-29 11:51:40.359657',2,34,14,'Veg',5),
(167,'Hot and Sour Soup','foods/items/Hot_and_Sour_Soup_FMo1RwU.png','Chicken','2023-09-29 11:49:29.584538','2023-09-29 11:49:29.584569',2,40,14,'Non Veg',5),
(168,'Manchow Soup','foods/items/Manchow_Soupveg_yD7EkI0.png','veg','2023-09-29 11:52:59.699217','2023-09-29 11:52:59.699285',2,14,13,'Veg',5),
(169,'Manchow Soup','foods/items/Manchow_Soup_non_veg_DgsdOQO.png','chicken','2023-09-29 11:53:51.583785','2023-09-29 11:55:16.964065',2,15,14,'Non Veg',5),
(170,'Talu Mein Soup','foods/items/Talu_Mein_Soup_pg5wRxT.png','veg','2023-09-29 11:54:54.024619','2023-09-29 11:54:54.024688',2,15,14,'Veg',5),
(171,'Talu Mein Soup','foods/items/Talu_Mein_Soup_non_veg_aMQ4oII.png','chicken','2023-09-29 11:56:05.798645','2023-09-29 11:56:05.798713',2,15,14,'Non Veg',5),
(172,'Clear Soup','foods/items/clear_soup_3PvPkoQ.png','veg','2023-09-29 11:58:14.128684','2023-09-29 11:58:14.128751',2,15,14,'Veg',5),
(173,'Clear Soup','foods/items/clear_soup_non_veg_YDAR6s5.png','Chicken','2023-09-29 11:59:24.992787','2023-09-29 11:59:24.992855',2,15,14,'Non Veg',5),
(174,'Oriental Veg in Garlic Sauce','foods/items/1598.png','Chinese vegetables & mushrooms tossed in\r\nthe sauce of choice - hot garlic or soy garlic','2023-09-29 12:05:07.608354','2023-09-29 12:05:07.608422',2,15,17,'Veg',5),
(175,'Tofu Veggies Chilli Cashew','foods/items/28585.png','Tofu, vegetables and cashewnut braised\r\nin soya and chilli','2023-09-29 12:11:10.102478','2023-09-29 12:11:10.102545',2,25,17,'Veg',5),
(176,'Asian Greens Black Mushroom','foods/items/Asian_Greens_Black_Mushroom.png','Stir fried Asian greens topped with braised\r\nblack mushrooms','2023-09-29 12:27:33.998098','2023-09-29 12:27:33.998167',2,15,17,'Veg',5),
(177,'Kung Pao Cottage Cheese','foods/items/Kung_Pao_Cottage_Cheese.png','Cottage cheese tossed in a sweet spicy\r\nKung pao sauce and nuts','2023-09-29 12:31:50.480636','2023-09-29 12:31:50.480704',2,0,17,'Veg',5),
(178,'Veggies Sweet & Sour Sauce','foods/items/Veggies_Sweet__Sour_Sauce.png','Lip smacking dish - crispy fried veggies in\r\nsweet and sour sauce','2023-09-29 12:37:43.250755','2023-09-29 12:37:43.250786',2,15,17,'Veg',5),
(179,'Mixed Mushrooms Chilli Lemon','foods/items/Mixed_Mushrooms_Chilli_Lemon.png','Medley of mushroom braised in chilli and\r\nmildly flavoured with lemon zest','2023-09-29 12:40:35.659951','2023-09-29 12:40:35.660016',2,15,17,'Veg',5),
(180,'Veggies Black Pepper Sauce','foods/items/Veggies_Black_Pepper_Sauce1_vzOwTjY.png','Chinese vegetables and mushrooms tossed\r\nin a black pepper sauce','2023-09-29 12:42:35.259624','2023-09-29 12:42:35.259693',2,15,17,'Veg',5),
(181,'Indo-Chinese Veg. Dumplings','foods/items/veg-manchurian.jpg','An Indo-Chinese fusion classic - vegetable\r\ndumplings pan-fried in a spicy sauce','2023-09-29 12:43:49.429883','2023-10-26 22:49:19.145251',2,15,NULL,'Veg',5),
(182,'Chicken in Hot Garlic Sauce','foods/items/Chicken_in_Hot_Garlic_Sauce1_32ErgkS.png','Pan fried chicken topped with hot garlic sauce','2023-09-29 12:49:42.578914','2023-09-29 12:49:42.578981',2,15,18,'Non Veg',5),
(183,'Diced Chicken Kung Pao','foods/items/Diced_Chicken_Kung_Pao1_DyfRqLf.png','Stir fried chicken tossed in smoked dry red\r\nchillies and cashew nut','2023-09-29 12:50:57.016481','2023-09-29 12:50:57.016549',2,15,18,'None',5),
(184,'Sliced Chicken Hot Bean','foods/items/Sliced_Chicken_Hot_Bean.png','Black bean flavoured sliced breast of\r\nchicken spiked with chilli paste','2023-09-29 12:53:34.085525','2023-09-29 12:53:34.085591',2,15,18,'Non Veg',5),
(185,'Thai Chicken Nam Prik Pao','foods/items/Thai_Chicken_Nam_Prik_Pao.png','Sliced chicken tossed with garlic, chilli and basil\r\nin nam prik pao sauce','2023-09-29 12:57:44.272354','2023-09-29 12:57:44.272423',2,15,18,'Non Veg',5),
(186,'Sliced Lamb Sichuan','foods/items/Sliced_Lamb_Sichuan.png','One from the sichuan  province, marinated\r\nlamb, onions & peppers cooked in spicy sauce','2023-09-29 12:59:43.960947','2023-09-29 12:59:43.961009',2,15,18,'Non Veg',5),
(187,'Wok Tossed Prawns in Choice of Chinese Sauce','foods/items/Wok_Tossed_Prawns_in_Choice_of1_rPI7eN2.png','In a choice of hot garlic, chilli soy, black\r\npepper, lemon coriander sauce','2023-09-29 13:01:20.997620','2023-09-29 13:01:20.997688',2,15,18,'Non Veg',5),
(188,'Steamed Fish OR Crispy Fish in Choice of Chinese Sauce','foods/items/In_a_choice_of_hot_garlic_chilli_soy_black1_1WmuuaM.png','In a choice of hot garlic, chilli soy, black\r\npepper, lemon coriander sauce','2023-09-29 13:04:29.448792','2023-09-29 13:04:29.448861',2,15,18,'Non Veg',5),
(189,'Milk Shakes','foods/items/milk_shakes.png','Vanilla / strawberry / banana/\r\nchocolate / mango (Seasonal)','2023-09-29 13:11:40.795918','2023-09-29 13:11:40.795984',2,0,19,'Veg',9),
(190,'Cold Coffee','foods/items/cold_coffee_rnD31oe.png','with or without ice cream','2023-09-29 13:13:08.543025','2023-09-29 13:13:08.543093',2,15,19,'Veg',9),
(191,'Tea & Coffee','foods/items/tea_and_coffee.png','Separate / readymade\r\n/ masala / coffee','2023-09-29 13:16:00.090188','2023-09-29 13:16:00.090256',2,15,19,'Veg',9),
(192,'Flavoured Tea','foods/items/flavoured_tea.png','Assam / English Breakfast /\r\nDarjeeling / Green','2023-09-29 13:26:04.852782','2023-09-29 13:26:04.852851',2,15,19,'Veg',9),
(193,'Cappuccino','foods/items/cappucinno.png','Cappuccino','2023-09-29 13:28:04.479464','2023-09-29 13:28:04.479531',2,15,19,'Veg',9),
(194,'Latte','foods/items/latte.png','Latte','2023-09-29 13:29:38.565182','2023-09-29 13:29:38.565249',2,15,19,'None',9),
(195,'Espresso','foods/items/Espresso_iF1vnV6.png','Espresso','2023-09-29 13:31:22.223190','2023-09-29 13:31:22.223257',2,15,19,'None',9),
(196,'Americano','foods/items/Americano_q8v2c9c.png','Americano','2023-09-29 13:33:23.754221','2023-09-29 13:33:23.754288',2,15,19,'None',9),
(197,'Mocha','foods/items/mocha.png','Mocha','2023-09-29 13:35:02.545548','2023-09-29 13:35:02.545616',2,15,19,'None',9),
(198,'Hot Chocolate','foods/items/hot_chocolate.png','Hot Chocolate','2023-09-29 13:36:51.453523','2023-09-29 13:36:51.453592',2,15,19,'Veg',9),
(199,'Canned Fruit Juice','foods/items/canned_juice.png','Apple/ Pineapple/ Orange/ Mango/mix','2023-09-29 13:39:32.008467','2023-09-29 13:39:32.008534',2,51,19,'Veg',9),
(200,'Lassi','foods/items/lassi_6VHUgZ0.png','Sweet / Salted','2023-09-29 13:41:29.653842','2023-09-29 13:41:29.653912',2,15,19,'Veg',9),
(201,'Aerated Drink','foods/items/Aerated_Drink.png','Aerated Drink','2023-09-29 13:43:19.973663','2023-09-29 13:43:19.973730',2,15,19,'Veg',9),
(202,'Fresh Lime Water or Soda','foods/items/lime_soda.png','Sweet / Salted','2023-09-29 13:45:06.702113','2023-09-29 13:45:06.702181',2,15,19,'Veg',9),
(203,'Ice Tea','foods/items/ice_tea_Qtmykg5.png','Ice Tea','2023-09-29 13:46:41.569159','2023-09-29 13:46:41.569228',2,15,19,'Veg',9),
(204,'Bottled Water','foods/items/bottled_water_QyL3lnv.png','Bottled Water','2023-09-29 13:48:46.157344','2023-09-29 13:48:46.157410',2,15,19,'None',9),
(205,'Tiramisu','foods/items/Tiramisu.png','A classic from Italy, mascarpone cheese,\r\negg & finger biscuits soaked in kahlua &\r\nlayered','2023-09-29 13:59:58.648968','2023-09-29 13:59:58.649040',2,15,NULL,'Non Veg',10),
(206,'Chocolate Mousse','foods/items/Chocolate_Mousse.png','Creamy Thick chocolate delight - heaven \r\nfor chocolates lovers','2023-09-29 14:02:36.797617','2023-09-29 14:02:36.797687',2,15,NULL,'Non Veg',10),
(207,'Brownie Blast','foods/items/Brownie_Blast.png','Brownie topped with vanilla ice cream and hot\r\nchocolate sauce served on a sizzling platter','2023-09-29 14:05:24.169526','2023-09-29 14:05:24.169595',2,15,NULL,'None',10),
(208,'Warm Apple Crumble','foods/items/Warm_Apple_Crumble.png','Cinnamon apple stew encased in a crust\r\npastry & baked, served with vanilla ice\r\ncream','2023-09-29 14:08:03.659065','2023-09-29 14:08:03.659134',2,15,NULL,'Veg',10),
(209,'Blueberry Cheesecake','foods/items/Blueberry_Cheesecake.png','Combination of marsacapone cheese and fresh\r\ncream, topped with blueberries','2023-09-29 14:10:20.752076','2023-09-29 14:10:20.752141',2,15,NULL,'Veg',10),
(210,'Gulab Jamun','foods/items/gulab_jamun_S86Jud4.png','Two pieces of the traditional Indian sweet','2023-09-29 14:12:03.541698','2023-09-29 14:12:03.541809',2,15,NULL,'Veg',10),
(211,'Banana Split','foods/items/Banana_Split.png','An all American dessert: banana with three\r\nflavours of ice cream','2023-09-29 14:17:17.376652','2023-09-29 14:17:17.376721',2,15,NULL,'Veg',10),
(212,'Fruit Sundae','foods/items/Fruit_Sundae.png','A deadly combination of fruits, ice cream, syrups\r\nand sauces','2023-09-29 14:19:14.311269','2023-09-29 14:19:14.311336',2,15,NULL,'Veg',10),
(213,'Ice cream of your choice','foods/items/Ice_cream_of_your_choice.png','Three scoops of ice cream','2023-09-29 14:21:08.161820','2023-09-29 14:21:08.161889',2,15,NULL,'Veg',10),
(214,'Kulfi with Rabri','foods/items/Kulfi_with_Rabri.png','Creamy Malai Kulfi served on a bed of rabri along\r\nwith a deconstructed paan','2023-09-29 14:23:05.632868','2023-09-29 14:23:05.632934',2,15,NULL,'Veg',10),
(215,'Badaami Kheer','foods/items/Badaami_Kheer.png','Traditional Indian sweet creamy rice pudding\r\nwith almonds','2023-09-29 14:25:22.806669','2023-09-29 14:25:22.806738',2,15,NULL,'Veg',10),
(216,'Vodka Infused Gulab Jamun','foods/items/Vodka_Infused_Gulab_Jamun.png','Our version of the famous Indian sweet: Gulab\r\nJamun cooked with orange reduction topped\r\nwith vodka and served with vanilla ice cream','2023-09-29 14:27:25.575789','2023-09-29 14:27:25.575857',2,20,NULL,'Veg',10),
(217,'CHICKEN MEATBALL PASTA','foods/items/CHICKEN_MEATBALL_PASTA.png','succulent chicken mince balls with spaghetti\r\nserved in an authentic tomato basil sauce','2023-09-29 14:42:53.488149','2023-09-29 14:42:53.488216',2,15,20,'Non Veg',11),
(218,'Penne with mushroom','foods/items/penne_with_mushrooms.png','penne with mushrooms in choice of sauce:\r\ncheese / tomato basil/ mix / pesto sauce','2023-09-29 17:08:50.846243','2023-09-29 17:08:50.846266',2,15,20,'Veg',11),
(219,'Penne with grilled veg.','foods/items/penne_with_grilled_veg.png','penne with grilled vegetables in a choice of\r\nsauce: cheesy / tomato basil/ mix/ pesto','2023-09-29 17:10:50.393287','2023-09-29 17:10:50.393322',2,15,20,'Veg',11),
(220,'Chicken bolognese pasta','foods/items/CHICKEN_BOLOGNESE_PASTA_3lCYbv2.png','spaghetti with a creamy, tomatoey mince\r\nchicken sauce','2023-09-29 17:13:12.540231','2023-09-29 17:13:12.540299',2,15,20,'Non Veg',11),
(221,'Penne with chicken','foods/items/PENNE_WITH_CHICKEN_JQL5UyH.png','penne with chicken in choice of sauce:\r\ncheese/ tomato basil / mix / pesto sauce','2023-09-29 17:14:48.654260','2023-09-29 17:14:48.654328',2,15,20,'None',11),
(222,'Broccoli mushroom risotto','foods/items/BROCCOLI_MUSHROOM_RISOTTO_QrWWivq.png','cheesy creamy arborio rice with broccolli and\r\nmushroom - Italian comfort food','2023-09-29 17:17:25.280203','2023-09-29 17:17:25.280270',2,15,20,'Veg',11),
(223,'Chicken risotto','foods/items/Chicken_risotto.png','comfort food in the hills - arborio rice cooked in\r\nchicken broth and cheese','2023-09-29 17:19:24.509786','2023-09-29 17:19:24.509854',2,15,20,'Non Veg',11),
(224,'Hotspot chicken pizza','foods/items/Hotspot_chicken_pizza.png','pizza topped with spicy chicken & mozzarella','2023-09-29 17:22:30.478847','2023-09-29 17:22:30.478914',2,15,21,'Non Veg',11),
(225,'Meat Lovers Pizza','foods/items/Meat_Lovers_Pizza.png','ideal for meat eaters - topped with chicken\r\nsausages and pork pepperoni','2023-09-29 17:26:20.939843','2023-09-29 17:26:20.939912',2,0,21,'Non Veg',11),
(226,'Chicken tikka pizza','foods/items/Chicken_tikka_pizza.png','the perfect blend of desi spices, chicken tikka\r\nchunks and italian herbs','2023-09-29 17:28:19.760501','2023-10-26 21:03:33.438584',2,15,NULL,'Non Veg',11),
(227,'Pepperoni Pizza','foods/items/Pepperoni_Pizza.png','ideal for meat eaters - with mozarella & pepperoni','2023-09-29 17:30:15.282479','2023-09-29 17:30:15.282546',2,15,21,'Non Veg',11),
(228,'Mama\'s Margherita','foods/items/MAMAS_MARGHERITA_BaaqeyJ.png','classic 12\" thin crust pizza with tomato basil\r\nconcasse, mozzarella and fresh basil','2023-09-29 17:32:18.331100','2023-09-29 17:32:18.331167',2,15,21,'Veg',11),
(229,'Neapolitan pizza','foods/items/NEAPOLITAN_PIZZA_rXnuCYk.png','naples style special - topped with mixed olives\r\nand jalapenos','2023-09-29 17:34:02.626448','2023-09-29 17:34:02.626486',2,15,21,'Veg',11),
(230,'Farmville Pizza','foods/items/FARMVILLE_PIZZA_B10HtAE.png','pizza topped with exotic farm fresh veggies -\r\nbroccoli, bell peppers & zucchin','2023-09-29 17:35:30.943593','2023-09-29 17:35:30.943661',2,15,21,'Veg',11),
(231,'Peri Peri Paneer Pizza','foods/items/PERI_PERI_PANEER_PIZZA_prKPGIh.png','one for paneer lovers - hot and spicy peppy\r\npaneer','2023-09-29 17:36:44.241884','2023-09-29 17:36:44.242005',2,15,21,'Veg',11),
(232,'EXTRA CHEESE','foods/items/extra_cheese.png','ADD ON - EXTRA CHEESE','2023-09-29 17:42:02.869669','2023-09-29 17:42:02.869734',2,15,21,'Veg',11),
(233,'Tex mex chicken burger','foods/items/tex_mex_cheese_burger.png','try it for the juicy perfection of the grilled\r\npatty and south of the border mexican flavors\r\nand kidney beans','2023-09-29 17:45:52.065589','2023-09-29 17:45:52.065657',2,15,22,'Veg',11),
(234,'Ultimate Chicken Burger','foods/items/Ultimate_Chicken_Burger.png','the much loved classic - soft buns, succulent\r\nand juicy chicken patty and the perfect sauce','2023-09-29 17:48:00.339051','2023-09-29 17:48:00.339119',2,15,22,'Non Veg',11),
(235,'MOLTEN CHEESE MUTTON BURGER','foods/items/MOLTEN_CHEESE_MUTTON_BURGER_DVsTF2X.png','fat, juicy burger patties with melted cheese, with\r\nfresh lettuce, tomato and dollops of mayo!','2023-09-30 10:15:04.078657','2023-09-30 10:15:43.494526',2,51,22,'Non Veg',11),
(236,'DOUBLE DECKER VEGGIE BURGER','foods/items/DOUBLE_DECKER_VEGGIE_BURGER_EI7ckzn.png','king of all burgers with two scrumptous veggie\r\npatties to satisfy those burger cravings','2023-09-30 10:18:52.158380','2023-09-30 10:18:52.158435',2,15,22,'Veg',11),
(237,'Penang Curry Vegetarian','foods/items/Penang_Curry_Vegetarian_U7dhuOj.png','A traditional malaysian herbs & spices\r\ncoconut curry','2023-09-30 11:12:42.973094','2023-09-30 11:12:42.973125',2,15,23,'Veg',5),
(238,'Penang Curry Chicken','foods/items/Penang_Curry_Vegetarian_non_veg_XLeREKQ.png','Chicken \r\nTraditional malaysian herbs & spices\r\ncoconut curry','2023-09-30 11:14:27.211265','2023-10-26 22:53:42.919376',2,15,NULL,'Non Veg',5),
(239,'Penang Curry Prawn','foods/items/Penang_Curry_Vegetarian_non_veg2_wwphrbk.png','Prawn\r\nTraditional malaysian herbs & spices\r\ncoconut curry','2023-09-30 11:15:31.187496','2023-10-26 22:53:07.011333',2,15,NULL,'Non Veg',5),
(240,'Thai Green Curry Veg.','foods/items/Thai_Green_Curry_Veg._XrIMn6y.png','Green Thai curry with oriental vegetables','2023-09-30 11:16:36.782061','2023-09-30 11:16:36.782129',2,15,23,'Veg',5),
(241,'Thai Red Curry NonVeg','foods/items/Thai_Green_Curry_non_veg_uUWfEVp.png','Chicken','2023-09-30 11:17:58.041979','2023-09-30 11:17:58.042049',2,15,23,'Non Veg',5),
(242,'Thai Red Curry NonVeg','foods/items/Thai_Green_Curry_non_veg_prawn_02dKI5D.png','Prawns','2023-09-30 11:20:03.150197','2023-09-30 11:20:03.150264',2,15,23,'Non Veg',5),
(243,'Burmese Curry Veg.','foods/items/Burmese_Curry_Veg_yJWxGo8.png','Burmese curry with oriental vegetables','2023-09-30 11:21:17.764482','2023-09-30 11:21:17.764547',2,15,23,'Non Veg',5),
(244,'Burmese Curry Chicken','foods/items/Burmese_Curry_Chicken_B7erqXX.png','Burmese curry with chicken','2023-09-30 11:22:40.191633','2023-09-30 11:22:40.191699',2,15,23,'Non Veg',5),
(245,'Hakka Noodles Veg','foods/items/hakka_noodles_veg_NE0YmPm.png','Veg','2023-09-30 11:24:51.417303','2023-10-26 22:56:11.405084',2,1,NULL,'Veg',5),
(246,'Hakka Noodles Chicken','foods/items/hakka_noodles_chicken_hFFTb3L.png','Chicken','2023-09-30 11:26:15.816464','2023-10-26 22:55:46.990957',2,15,NULL,'Non Veg',5),
(247,'Hakka Noodles Prawn','foods/items/hakka_noodles_prawn_hmHAzP9.png','Prawn','2023-09-30 11:27:17.528858','2023-10-26 22:55:21.325119',2,15,NULL,'Non Veg',5),
(248,'Chilli Garlic Noodles','foods/items/Chilli_Garlic_Noodles_veg_JMIf4xn.png','Veg','2023-09-30 11:28:46.454142','2023-09-30 11:30:36.471660',2,15,24,'Veg',5),
(249,'Chilli Garlic Noodles','foods/items/Chilli_Garlic_Noodles_chicken_bWNPNQM.png','Chicken','2023-09-30 11:30:08.834881','2023-09-30 11:30:08.834949',2,15,24,'Non Veg',5),
(250,'Chilli Garlic Noodles','foods/items/Chilli_Garlic_Noodles_prawn_0wWOihD.png','Prawn','2023-09-30 11:33:21.487904','2023-09-30 11:33:21.487972',2,15,24,'Non Veg',5),
(251,'Pad Thai Noodles','foods/items/Pad_Thai_Noodles_veg_Q6H15i9.png','veg','2023-09-30 11:36:23.062365','2023-09-30 11:36:23.062431',2,15,24,'Veg',5),
(252,'Pad Thai Noodles','foods/items/Pad_Thai_Noodles_chicken_jGlApYD.png','chicken','2023-09-30 11:39:11.272056','2023-09-30 11:39:11.272124',2,15,24,'Non Veg',5),
(253,'Pad Thai Noodles','foods/items/Pad_Thai_Noodle_prawn_GICnvEl.png','Prawn','2023-09-30 11:40:24.882253','2023-09-30 11:40:24.882321',2,15,24,'Non Veg',5),
(254,'Fried Rice','foods/items/Fried_Rice_DFEImMu.png','veg','2023-09-30 11:42:33.728503','2023-09-30 11:42:33.728531',2,15,24,'Veg',5),
(255,'Fried Rice','foods/items/Fried_Rice_chicken_Nug8GyW.png','chicken','2023-09-30 11:43:53.003061','2023-09-30 11:43:53.003130',2,15,24,'Non Veg',5),
(256,'Fried Rice','foods/items/Fried_Rice_prawn_1t1ejsb.png','Prawn','2023-09-30 11:52:43.744780','2023-09-30 11:52:43.744848',2,15,24,'Non Veg',5),
(257,'Chilli Garlic Fried Rice','foods/items/Chilli_Garlic_Fried_Rice_xfqs2RE.png','veg','2023-09-30 11:54:45.915245','2023-09-30 11:54:45.915313',2,15,24,'Veg',5),
(258,'Chilli Garlic Fried Rice','foods/items/Chilli_Garlic_Fried_Ricechicken_wTplQOb.png','Chicken','2023-09-30 11:56:35.059013','2023-09-30 11:56:35.059079',2,15,24,'Non Veg',5),
(259,'Chilli Garlic Fried Rice','foods/items/Chilli_Garlic_Fried_Rice_prawn_w8wdiMr.png','Prawn','2023-09-30 11:57:06.585619','2023-09-30 11:57:06.585688',2,15,24,'Non Veg',5),
(260,'Pan Fried Noodles','foods/items/Pan_Fried_Noodles_MZLS0k5.png','Combination of soft and crispy noodles topped\r\nwith hot garlic sauce.','2023-09-30 11:57:59.862986','2023-09-30 11:57:59.863052',2,15,24,'Veg',5),
(261,'Pan Fried Noodles','foods/items/Pan_Fried_Noodles_chicken_vg8wiBq.png','Chicken \r\nCombination of soft and crispy noodles topped\r\nwith hot garlic sauce.','2023-09-30 11:58:49.574902','2023-09-30 11:58:49.574972',2,15,24,'Non Veg',5),
(262,'Pan Fried Noodles','foods/items/Pan_Fried_Noodles__prawn_gca90Zi.png','Prawn\r\nCombination of soft and crispy noodles topped\r\nwith hot garlic sauce','2023-09-30 11:59:40.593170','2023-09-30 11:59:40.593238',2,15,24,'Non Veg',5),
(263,'Steamed Rice','foods/items/Steamed_Rice_H4xni4b.png','Steamed Rice','2023-09-30 12:17:54.137843','2023-10-09 16:16:38.312077',2,14,24,'Veg',5),
(264,'THE WIT - TY MONKEY ( BELGIAN W I T )','foods/items/THE_WIT_-_TY_MONKEY__BELGIAN_W_I_T_.png','BELGIAN STYLE WIT-BIER MADE FROM BELGIAN WHEAT, OATS AND\r\nORANGE ZEST. REFRESHING, WITH A DISTINCTIVE FRUITY FLAVOUR\r\nAND LIGHT CREAMINESS. IDEAL FOR SUMMERS. ABV: 4-4.5%','2023-09-30 13:25:45.995824','2023-09-30 13:25:59.585134',2,15,12,'None',4),
(265,'The Blonde Queen  ( Strong ale)','foods/items/download_3.jpg','A BLONDE, COMPLEX, EFFERVESCENT AND STRONG BELGIAN STYLE\r\nALE THAT IS A PERFECT MARRIAGE OF FRUITY, SPICY AND ALCOHOL\r\nFLAVOURS SUPPORTED BY SOFT MALT CHARACTER. ABV: 6.5%','2023-09-30 13:31:46.123184','2023-10-26 20:00:44.860764',2,15,NULL,'None',4),
(266,'Dark Ale / Season\'s Special','foods/items/1000_F_300899712_gt6vSSo0TdSzwCOv8GZKJdn3vEpNwfcT.jpg','DARK ALE: AUTHENTIC HEAVY BODY DARK BEER WITH DARKER MUNICH\r\nMALTS, TOASTY, ROASTY, CHOCOLATE LIKE FLAVOURS, ABV: 4-4.5%.\r\nSEASON\'S SPECIALS : SUMMER SPECIAL MANGO BEER; DUBBEL;\r\nOKTOBERFEST SPECIAL & LOTS MORE','2023-09-30 13:50:18.269439','2023-10-26 20:02:43.806326',2,15,NULL,'None',4),
(267,'J&B RARE','foods/items/JB_RARE_ipRdLyj.png','','2023-09-30 13:57:27.667928','2023-09-30 14:51:34.032064',2,15,25,'None',4),
(268,'Johnnie  Walker Red  Label','foods/items/JOHNNIE_WALKER_RED_LABEL.png','','2023-09-30 14:03:09.561797','2023-09-30 14:52:28.514342',2,15,25,'None',4),
(269,'BALLANTINE\'S','foods/items/BALLANTINE.png','','2023-09-30 14:05:35.382601','2023-09-30 14:52:49.514258',2,15,25,'None',4),
(270,'JAMESON','foods/items/JAMESON.png','','2023-09-30 14:07:59.555974','2023-09-30 14:53:06.979980',2,15,25,'None',4),
(271,'MONKEY SHOULDER','foods/items/MONKEY_SHOULDER_GyULjHy.png','','2023-09-30 14:10:49.058497','2023-09-30 14:53:24.945506',2,15,25,'None',4),
(272,'JOHNNIE WALKER BLACK LABEL','foods/items/JOHNNIE_WALKER_BLACK_LABEL_jO2vI1H.png','','2023-09-30 14:13:19.234396','2023-09-30 14:53:47.480133',2,15,25,'None',4),
(273,'JOHNNIE WALKER BLACK LABEL','foods/items/JOHNNIE_WALKER_BLACK_LABEL_J2kaMvm.png','','2023-09-30 14:13:20.176157','2023-09-30 14:54:06.108256',2,15,25,'None',4),
(274,'CHIVAS REGAL 12 YEARS','foods/items/CHIVAS_REGAL.png','','2023-09-30 14:16:12.568374','2023-09-30 14:54:20.210926',2,15,25,'None',4),
(275,'JOHNNIE WALKER DOUBLE BLACK','foods/items/JOHNNIE_WALKER_DOUBLE_BLACK_04XIGqC.png','','2023-09-30 14:19:41.687345','2023-09-30 14:54:50.390664',2,15,25,'None',4),
(276,'JOHNNIE WALKER GOLD LABEL','foods/items/JOHNNIE_WALKER_GOLD_LABEL_nkcCleL.png','','2023-09-30 14:22:24.927065','2023-09-30 14:50:05.983851',2,15,25,'None',4),
(277,'CHIVAS 18','foods/items/CHIVAS_18_Lq4cvAx.png','','2023-09-30 14:24:35.811293','2023-09-30 14:49:41.503716',2,15,25,'None',4),
(278,'ROYAL SALUTE','foods/items/ROYAL_SALUTE_cHa6it6.png','','2023-09-30 14:27:35.104483','2023-09-30 14:49:29.192939',2,50,25,'None',4),
(279,'JOHNNIE WALKER BLUE LABEL','foods/items/JOHNNIE_WALKER_BLUE.png','','2023-09-30 14:31:05.294473','2023-09-30 14:49:15.471626',2,50,25,'None',4),
(280,'SINGLETON 12 YEARS','foods/items/INGLETON_12_YEARS.png','','2023-09-30 14:34:35.742880','2023-09-30 14:47:49.694891',2,15,26,'None',4),
(281,'TALISKER 10 YEARS','foods/items/TALISKER_10_YEARS.png','','2023-09-30 14:37:08.658066','2023-09-30 14:48:04.217404',2,15,26,'None',4),
(282,'THE GLENLIVET 12 YEARS','foods/items/THE_GLENLIVET_12_YEARS.png','','2023-09-30 14:39:53.271810','2023-09-30 14:48:19.718901',2,50,26,'None',4),
(283,'THE GLENFIDDICH 12 YEARS','foods/items/THE_GLENFIDDICH_12_YEARS.png','','2023-09-30 14:42:12.688054','2023-09-30 14:48:31.172686',2,50,26,'None',4),
(284,'THE GLENFIDDICH 15 YEARS','foods/items/THE_GLENFIDDICH_15_YEARS.png','','2023-09-30 14:45:00.764938','2023-09-30 14:48:43.045222',2,15,26,'None',4),
(285,'THE GLENLIVET 15 YEARS','foods/items/THE_GLENLIVET_15_YEARS.png','','2023-09-30 14:47:10.918282','2023-09-30 14:48:54.115049',2,51,26,'None',4),
(286,'BORA BORA BREW','foods/items/bora_b_ora_lxej0QG.png','Pineapple juice, Grenadine and Gingerale','2023-09-30 15:00:25.604358','2023-09-30 15:00:25.604427',2,15,27,'None',4),
(287,'GULABO','foods/items/gulabo_Z0lqJUW.png','Rose, mint, lime juice., lime rind and soda','2023-09-30 15:01:55.300144','2023-09-30 15:01:55.300211',2,15,27,'None',4),
(288,'PEACHY MINT','foods/items/PEACHY_MINT.png','Peach schnapps, mint, lemon and sprite','2023-09-30 15:05:03.288520','2023-09-30 15:05:03.288587',2,15,27,'None',4),
(289,'VIRGIN PINA COLADA','foods/items/PINA_COLADA_DKxuDd0.png','Coconut milk, pineapple and apple juice','2023-09-30 15:07:58.419102','2023-09-30 15:07:58.419170',2,15,27,'None',4),
(290,'VIRGIN MARY','foods/items/virgin_mary_I1qCrm3.png','Spicy tomato juice with herbs','2023-09-30 15:08:52.724968','2023-09-30 15:08:52.725037',2,15,27,'None',4),
(291,'FRUIT KISS','foods/items/fruit_kiss_30GZPo8.png','Mixed fruit juices','2023-09-30 15:10:05.271467','2023-09-30 15:10:05.271522',2,15,27,'None',4),
(292,'VIRGIN MOJITO','foods/items/virgin_mojito_3zlHYUW.png','Sparkling classic - lemon, mint and sprite','2023-09-30 16:15:51.487711','2023-09-30 16:15:51.487778',2,50,27,'None',4),
(293,'BERRY COLA','foods/items/download_4.jpg','Strawberry and Cola','2023-09-30 16:16:40.153640','2023-10-26 20:22:13.121651',2,51,NULL,'None',4),
(294,'VANILLA CARAMEL','foods/items/vanilla_mocktail_eEbZJ27.png','Vanilla Ice cream, Caramel syrup and Soda','2023-09-30 16:17:49.898218','2023-09-30 16:17:49.898285',2,50,27,'None',4),
(295,'AAM PANNA','foods/items/aam_mocktail_p7JGXrZ.png','Aam panna, Black salt, sugar and lemon','2023-09-30 16:18:40.480279','2023-09-30 16:18:40.480346',2,20,27,'None',4),
(296,'BLACK CURRANT','foods/items/black_cuurant_0c80CxR.png','Black currants, lemon, sugar, mint and limca','2023-09-30 16:19:49.056051','2023-09-30 16:19:49.056082',2,45,27,'None',4),
(297,'MASALA COLA','foods/items/masala_cola_fviUZq7.png','The Indian twist on Cola','2023-09-30 16:20:40.984640','2023-09-30 16:20:40.984706',2,54,27,'None',4),
(298,'POMEGRENATE & GINGER','foods/items/pomegranate_P7juA1M.png','Pomegrenate juice, fruit and spices shaken up in a bottle','2023-09-30 16:23:40.782139','2023-09-30 16:23:40.782207',2,25,27,'None',4),
(299,'KAFFIR LIME & ORANGE','foods/items/kafir_lime_QqZanU7.png','Orange juice and the zest of lime shaken up in a bottle','2023-09-30 16:24:38.548581','2023-09-30 16:24:38.548648',2,15,27,'None',4),
(300,'WATERMELON AND MINT','foods/items/watermelon_eRJzo16.png','Refreshing fresh watermelon with a dash of mint in a bottle','2023-09-30 16:25:45.674501','2023-10-26 20:23:50.372599',2,15,NULL,'None',4),
(301,'BLACK MAGIC','foods/items/black_magic_wqZKPCS.png','Cola with zesty lime and mint','2023-09-30 16:26:37.095244','2023-09-30 16:26:37.095310',2,15,27,'None',4),
(302,'PEANUTS','foods/items/peanut_masala_ytZZcdM.png','(MASALA)','2023-09-30 16:29:29.946132','2023-09-30 16:29:29.946168',2,15,28,'None',4),
(303,'PEANUTS','foods/items/peanut_tjMvBOm.png','(SALTED)','2023-09-30 16:30:31.180615','2023-09-30 16:30:31.180681',2,15,28,'None',4),
(304,'PAPAD','foods/items/papadd_3uVOXep.png','(ROASTED)','2023-09-30 16:32:45.156614','2023-09-30 16:32:45.156679',2,15,28,'None',4),
(305,'PAPAD','foods/items/papad_roasted_L5F9Wie.png','(MASALA)','2023-09-30 16:34:02.029867','2023-09-30 16:34:02.029975',2,15,28,'None',4),
(306,'GARLIC BREAD (04 PC.)','foods/items/garlic_bread_aZRqoeP.png','GARLIC BREAD (04 PC.)','2023-09-30 16:34:39.761071','2023-09-30 16:34:39.761141',2,0,28,'None',4),
(307,'Gin& tonic','foods/items/GIN__TONIC_yfqWna0.png','Gin and tonic water garnished with a lemon wedge','2023-09-30 16:36:16.446524','2023-09-30 16:36:16.446592',2,15,29,'None',4),
(308,'BLUE LAGOON','foods/items/blue_lagoon_YVYcvBi.png','Gin and Blue Curacao on crushed ice','2023-09-30 16:37:36.268985','2023-09-30 16:37:36.269054',2,15,29,'None',4),
(309,'MARGARITA','foods/items/MARGARITAcocktail_B2Coheu.png','Tequila, Lime on Ice','2023-09-30 16:38:24.073425','2023-10-26 20:19:24.899186',2,15,NULL,'None',4),
(310,'MOJITO','foods/items/MOJITO_AJSZRpr.png','White rum, crushed lemon, mint and ice','2023-09-30 16:40:18.544211','2023-09-30 16:40:18.544278',2,15,29,'None',4),
(311,'MOJITO RASPBERRY','foods/items/MOJITO_RASPBERRY_SYlJrNA.png','Bacardi, Berries, Lime juice, Mint','2023-09-30 16:41:00.661415','2023-09-30 16:41:00.661483',2,15,29,'None',4),
(312,'BLOODY MARY','foods/items/bloody_merry.png','Vodka and Spicy tomato juice','2023-09-30 16:44:37.823243','2023-09-30 16:44:37.823312',2,15,29,'None',4),
(313,'TEQUILA SUNSET','foods/items/TEQUILA_SUNSET_LEoALZb.png','Tequila, Orange Juice, Fresh Lime','2023-09-30 16:46:00.794813','2023-10-26 20:20:11.493532',2,15,NULL,'None',4),
(314,'SEX ON THE BEACH','foods/items/SEX_ON_THE_BEACH_CgxNHAt.png','Vodka, Cranberry Juice & Orange Juice','2023-09-30 16:46:54.802974','2023-09-30 16:46:54.803042',2,15,29,'None',4),
(315,'PINA COLADA','foods/items/PINA_COLADA_662QSG3.png','White Rum, Coconut milk and Pineapple juice','2023-09-30 16:47:39.856711','2023-09-30 16:47:39.856778',2,15,29,'None',4),
(316,'DAIQUIRI','foods/items/daiquiri_qjCpwqV.png','White rum, fresh lime, sweet and sour mix','2023-09-30 17:21:09.257578','2023-09-30 17:21:09.257606',2,15,29,'None',4),
(317,'WHISKEY SOUR','foods/items/whisky_sour_BKlBdHX.png','Whiskey, lemon juice, sugar syrup','2023-09-30 17:22:33.281292','2023-09-30 17:22:33.281361',2,15,29,'None',4),
(318,'COSMOPOLITAN','foods/items/cosmopolitan_7EZDSXN.png','Vodka, Cranberry juice, Lime juice','2023-09-30 17:23:30.899053','2023-09-30 17:23:30.899122',2,15,29,'None',4),
(319,'SCREWDRIVER','foods/items/screwdriver_pr819rz.png','The usual - Vodka and Orange Juice','2023-09-30 17:24:26.140343','2023-09-30 17:24:26.140412',2,15,29,'None',4),
(320,'LONG ISLAND ICE TEA (120ML)','foods/items/LONG_ISLAND_ICE_TEA.png','Ultimate Concoction of Gin, Vodka, Rum & Tequila','2023-09-30 17:26:53.142855','2023-09-30 17:26:53.142924',2,15,29,'None',4),
(321,'SINGAPORE SLING','foods/items/singapore_sling_BD1KiUE.png','Gin based cocktail from Singapore','2023-09-30 17:27:57.139028','2023-09-30 17:27:57.139098',2,15,29,'None',4),
(322,'BERRY BLAST','foods/items/berry_blast_wcHrPol.png','Vodka, Berries, Lemon, Mint, Sugar','2023-09-30 17:29:18.583185','2023-09-30 17:29:18.583252',2,15,29,'None',4),
(323,'ESPRESSO MARTINI','foods/items/espresso_oYzO8sS.png','Sophisticated little devil - coffee and vodka','2023-09-30 17:30:17.178267','2023-09-30 17:30:17.178335',2,15,29,'None',4),
(324,'STRAWBERRY COOLER','foods/items/straw_berry_vDFtuvn.png','Vodka, strawberry, basil, lime juice, sugar','2023-09-30 17:31:15.745839','2023-09-30 17:31:15.745906',2,15,29,'None',4),
(325,'POMERITA','foods/items/POMERITA_8UKIZ0f.png','Tequila, Pomegrenate, lemon juice','2023-09-30 17:32:13.998739','2023-09-30 17:32:13.998802',2,15,29,'None',4),
(326,'JIM BEAM','foods/items/JIM_BEAM.png','','2023-09-30 17:37:01.401098','2023-09-30 17:37:01.401167',2,15,30,'None',4),
(327,'JACK DANIEL','foods/items/JACK_DANIEL.png','','2023-09-30 17:39:40.494050','2023-09-30 17:39:40.494121',2,15,30,'None',4),
(328,'VAT 69','foods/items/vat_69.png','VAT 69','2023-10-03 10:31:37.446279','2023-10-03 10:31:37.446345',2,15,31,'None',4),
(329,'100 PIPERS 8 YEARS','foods/items/100_PIPERS_8_YEARS.png','100 PIPERS 8 YEARS','2023-10-03 10:35:49.786704','2023-10-03 10:35:49.786773',2,15,31,'None',4),
(330,'BLACK DOG 8 YEARS','foods/items/BLACK_DOG_8_YEARS.png','BLACK DOG 8 YEARS','2023-10-03 10:39:29.827370','2023-10-03 10:39:29.827437',2,15,31,'None',4),
(331,'BLACK & WHITE','foods/items/BLACK__WHITE.png','BLACK & WHITE','2023-10-03 11:02:16.172959','2023-10-03 11:02:16.172993',2,15,31,'None',4),
(332,'TEACHERS HIGHLAND CREAM','foods/items/TEACHERS_HIGHLAND_CREAM.png','TEACHERS HIGHLAND CREAM','2023-10-03 11:04:00.158058','2023-10-03 11:04:00.158127',2,15,31,'None',4),
(333,'WILLIAM LAWSON','foods/items/WILLIAM_LAWSON.png','WILLIAM LAWSON','2023-10-03 11:07:15.810599','2023-10-03 11:07:15.810668',2,15,31,'None',4),
(334,'DEWARS WHITE LABEL','foods/items/DEWARS_WHITE_LABEL.png','DEWARS WHITE LABEL','2023-10-03 11:09:45.705398','2023-10-03 11:09:45.705465',2,15,31,'None',4),
(335,'TEACHERS 50','foods/items/TEACHERS_50.png','TEACHERS 50','2023-10-03 11:12:28.618021','2023-10-03 11:12:28.618091',2,15,31,'None',4),
(336,'100 PIPERS 12 YEARS','foods/items/100_PIPERS_12_YEARS.png','100 PIPERS 12 YEARS','2023-10-03 11:16:08.567478','2023-10-03 11:16:08.567545',2,15,31,'None',4),
(337,'BLACK DOG 12 YEARS','foods/items/BLACK_DOG_12_YEARS.png','BLACK DOG 12 YEARS','2023-10-03 11:21:57.482179','2023-10-03 11:21:57.482247',2,16,31,'None',4),
(338,'BLENDERS PRIDE','foods/items/BLENDERS_PRIDE.png','BLENDERS PRIDE','2023-10-03 11:25:50.974261','2023-10-03 11:25:50.974329',2,15,32,'None',4),
(339,'ANTIQUITY BLUE','foods/items/ANTIQUITY_BLUE.png','ANTIQUITY BLUE','2023-10-03 11:28:44.217801','2023-10-03 11:28:44.217868',2,15,32,'None',4),
(340,'SIGNATURE','foods/items/SIGNATURE.png','SIGNATURE','2023-10-03 11:31:38.124213','2023-10-03 11:31:38.124281',2,15,32,'None',4),
(341,'OAKSMITH GOLD','foods/items/OAKSMITH_GOLD.png','OAKSMITH GOLD','2023-10-03 11:34:07.637471','2023-10-03 11:34:07.637536',2,15,32,'None',4),
(342,'SMIRNOFF','foods/items/SMIRNOFF.png','SMIRNOFF','2023-10-03 11:38:40.276942','2023-10-03 11:38:40.277007',2,15,33,'None',4),
(343,'ABSOLUT','foods/items/ABSOLUT_5PsTjFT.png','ABSOLUT','2023-10-03 11:42:05.430543','2023-10-03 11:42:05.430611',2,15,33,'None',4),
(344,'GREY GOOSE','foods/items/GREY_GOOSE_9gcp2DX.png','GREY GOOSE','2023-10-03 11:45:13.277226','2023-10-03 11:45:13.277296',2,15,33,'None',4),
(345,'CIROC / BELVEDERE','foods/items/CIROC__BEERELVED.png','CIROC / BELVEDERE','2023-10-03 11:49:02.994148','2023-10-03 11:49:02.994217',2,15,33,'None',4),
(346,'BEEFEATER','foods/items/BEEFEATER_7FMk5SZ.png','BEEFEATER','2023-10-03 11:52:49.888929','2023-10-03 11:52:49.888997',2,15,34,'None',4),
(347,'BOMBAY SAPPHIRE','foods/items/BOMBAY_SAPPHIRE_vjsBb0s.png','BOMBAY SAPPHIRE','2023-10-03 11:55:39.075421','2023-10-03 11:55:39.075489',2,15,34,'None',4),
(348,'GORDON DRY GIN','foods/items/GORDON_DRY_GIN_0lGaalq.png','GORDON DRY GIN','2023-10-03 11:58:26.994743','2023-10-03 11:58:26.994811',2,15,34,'None',4),
(349,'OLD MONK','foods/items/OLD_MONK_xxs8clA.png','OLD MONK','2023-10-03 12:02:12.478117','2023-10-03 12:02:12.478184',2,15,35,'None',4),
(350,'BACARDI WHITE','foods/items/BACARDI_WHITE_2GwtdQD.png','BACARDI WHITE','2023-10-03 12:05:49.706731','2023-10-03 12:05:49.706798',2,15,35,'None',4),
(351,'BACARDI BLACK','foods/items/BACARDI_BLACK_05KMbui.png','BACARDI BLACK','2023-10-03 12:08:16.728681','2023-10-03 12:08:16.728748',2,15,35,'None',4),
(352,'REMY\'S MARTIN VSOP','foods/items/REMYS_MARTIN_VSOP.png','REMY\'S MARTIN VSOP','2023-10-03 12:13:28.676538','2023-10-03 12:13:28.676604',2,15,36,'None',4),
(353,'MORPHEUS XO','foods/items/MORPHEUS_XO.png','MORPHEUS XO','2023-10-03 12:15:58.008484','2023-10-03 12:15:58.008551',2,15,36,'None',4),
(354,'KAHLUA','foods/items/KAHLUA.png','KAHLUA','2023-10-03 12:36:03.775502','2023-10-03 12:36:03.775525',2,15,37,'None',4),
(355,'COINTREAU','foods/items/COINTREAU.png','COINTREAU','2023-10-03 12:39:51.960951','2023-10-03 12:39:51.961018',2,15,37,'None',4),
(356,'CAMPARI','foods/items/CAMPARI.png','CAMPARI','2023-10-03 12:43:46.531354','2023-10-03 12:43:46.531422',2,15,37,'None',4),
(357,'JAGERMEISTER','foods/items/JAGERMEISTER.png','JAGERMEISTER','2023-10-03 12:45:41.089851','2023-10-03 12:45:41.089958',2,15,37,'None',4),
(358,'VERMOUTH','foods/items/VERMOUTH.png','VERMOUTH','2023-10-03 12:49:14.074004','2023-10-03 12:49:14.074074',2,15,37,'None',4),
(359,'CAMINO/ EL CHARRO','foods/items/CAMINO_EL_CHARRO.png','CAMINO/ EL CHARRO','2023-10-03 13:24:14.768531','2023-10-03 13:24:14.768599',2,15,39,'None',4),
(360,'JACOBS CREEK WINE','foods/items/JACOBS_CREEK_WINE.png','(RED/ WHITE)','2023-10-03 13:27:15.388002','2023-10-03 13:27:15.388070',2,30,40,'None',4),
(361,'JACOBS CREEK SPARKLING WINE','foods/items/JACOBS_CREEK_SPARKLING_WINE.png','JACOBS CREEK SPARKLING WINE','2023-10-03 13:29:10.456796','2023-10-03 13:29:10.456864',2,15,40,'None',4),
(362,'SULA WINE','foods/items/SULA_WINE.png','(RED/ WHITE)','2023-10-03 13:31:18.363721','2023-10-03 13:31:18.363789',2,15,40,'None',4),
(363,'SULA BRUT SPARKLING WINE','foods/items/SULA_BRUT_SPARKLING_WINE.png','SULA BRUT SPARKLING WINE','2023-10-03 13:33:37.030912','2023-10-03 13:33:37.030980',2,30,40,'None',4),
(364,'FRATELLI WINE','foods/items/FRATELLI_WINE.png','(RED/ WHITE/ ROSE)','2023-10-03 13:36:53.721828','2023-10-03 13:36:53.721894',2,15,40,'None',4),
(365,'WINE IN A CAN = FRATELLI 250ML','foods/items/WINE_IN_A_CAN.png','WINE IN A CAN = FRATELLI 250ML','2023-10-03 13:38:36.686495','2023-10-26 19:47:18.439215',2,30,NULL,'None',4),
(366,'SANGRIA','foods/items/SANGRIA_PITCHER_wine.png','','2023-10-03 13:42:32.079263','2023-10-26 19:48:56.347167',2,15,NULL,'None',4),
(367,'BACARDI BREEZER','foods/items/BACARDI_BREEZER_q1SkYRJ.png','BACARDI BREEZER','2023-10-03 13:46:38.786373','2023-10-03 13:46:38.786441',2,15,41,'None',4),
(368,'AERATED DRINKS','foods/items/AERATED_DRINKS_ehL9hXY.png','AERATED DRINKS','2023-10-03 13:47:12.891041','2023-10-03 13:47:12.891108',2,15,41,'None',4),
(369,'ENERGY DRINK','foods/items/ENERGY_DRINK_1g11lAo.png','ENERGY DRINK','2023-10-03 13:47:41.915354','2023-10-03 13:47:41.915424',2,15,41,'None',4),
(370,'CANNED JUICE','foods/items/CANNED_JUICE_VHz74by.png','CANNED JUICE','2023-10-03 13:48:40.050735','2023-10-03 13:48:40.050805',2,15,41,'None',4),
(371,'TONIC WATER','foods/items/tonic_water_JYkhykX.png','TONIC WATER','2023-10-03 13:49:41.812554','2023-10-03 13:49:41.812620',2,15,41,'None',4),
(372,'BOTTLED WATER','foods/items/bottled_water_EZlGFwZ.png','BOTTLED WATER','2023-10-03 13:50:18.989407','2023-10-03 13:50:18.989475',2,15,41,'None',4),
(373,'FRESH LIME SODA','foods/items/fresh_lime_soda_vGgyRd3.png','FRESH LIME SODA','2023-10-03 13:50:51.679859','2023-10-03 13:50:51.679928',2,15,41,'None',4),
(374,'SODA','foods/items/soda_YAyM1vn.png','SODA','2023-10-03 13:51:21.558466','2023-10-03 13:51:21.558496',2,15,41,'None',4),
(375,'LEMON ICE TEA','foods/items/lemon_ice_tea_FKrYttB.png','LEMON ICE TEA','2023-10-03 13:51:58.553752','2023-10-03 13:51:58.553820',2,15,41,'None',4),
(376,'GODZILLA\'S ATOMIC SHOT','foods/items/GODZILLAS_atomic_SHOT.png','Vodka, blue curacao, lime juice','2023-10-03 13:56:12.172018','2023-10-03 13:56:12.172088',2,15,42,'None',4),
(377,'B-52','foods/items/b-52_shot.png','Baileys, Kahlua, Vodka','2023-10-03 13:58:33.238617','2023-10-03 14:00:45.612778',2,15,42,'None',4),
(378,'CHILLI LIME VODKA','foods/items/CHILLI_LIME_VODKA.png','Vodka, Green chillies, Lime juice, sugar syrup','2023-10-03 14:00:32.596050','2023-10-03 14:00:32.596120',2,15,42,'None',4),
(379,'JAGER BOMB','foods/items/JAGER_BOMB.png','Jagermeister, Red Bull','2023-10-03 14:03:12.667852','2023-10-03 14:03:12.667919',2,15,42,'None',4),
(380,'EIGHTEEN71','foods/items/EIGHTEEN71.png','Baileys, Cream de cacao and tequila','2023-10-03 14:08:02.887158','2023-10-03 14:08:02.887228',2,15,42,'None',4),
(381,'THREE WISE MEN','foods/items/threewise_man.png','Johnnie Walker, Jack Daniels, Jim Beam','2023-10-03 14:10:01.107734','2023-10-03 14:10:01.107801',2,15,42,'None',4),
(382,'HOT DAMN','foods/items/hot_damn.png','HOT DAMN','2023-10-03 14:11:24.354975','2023-10-03 14:11:24.355042',2,15,42,'None',4),
(383,'Dark chocolate shake','foods/items/dark_chocolate_shake.png','Dark chocolate shake','2023-10-03 14:58:17.954872','2023-10-03 14:58:17.954940',3,15,NULL,'Veg',8),
(384,'Chocolate Shake','foods/items/chocolate_shake_S5hxV6c.png','Chocolate Shake','2023-10-03 14:59:38.971553','2023-10-03 15:01:16.057093',3,15,NULL,'Veg',8),
(385,'Butter scotch','foods/items/butter_scotch_shake.png','Butter scotch','2023-10-03 15:01:06.457563','2023-10-03 15:01:06.457628',3,15,NULL,'Veg',8),
(386,'Vanilla','foods/items/Vanilla_shake.png','Vanilla','2023-10-03 15:03:17.645547','2023-10-03 15:03:17.645612',3,15,NULL,'Veg',8),
(387,'Bread jam','foods/items/bread_jam_HS5RfxG.png','Bread jam','2023-10-03 15:07:40.874308','2023-10-03 15:07:40.874375',3,15,NULL,'Veg',6),
(388,'Bread peanut butter','foods/items/Bread_peanut_butter.png','Bread peanut butter','2023-10-03 15:09:25.077265','2023-10-03 15:09:25.077332',3,15,NULL,'Veg',6),
(389,'Bread omelette','foods/items/bread_omelette_oIg05sT.png','Bread  omelette','2023-10-03 15:12:54.489755','2023-10-03 15:12:54.489785',3,15,NULL,'Non Veg',6),
(390,'Plain omelette','foods/items/Plain_omelette.png','Plain omelette','2023-10-03 15:14:22.478814','2023-10-03 15:14:22.478883',3,15,NULL,'None',6),
(391,'Masala omelette','foods/items/masala_omelette_mtvqlod.png','Masala omelette','2023-10-03 15:15:45.278113','2023-10-03 15:15:45.278184',3,15,NULL,'Non Veg',6),
(392,'Boiled eggs','foods/items/masala_omelette_5k5e7aX.png','(3 eggs)','2023-10-03 15:17:22.113559','2023-10-03 15:17:22.113626',3,15,NULL,'Non Veg',6),
(393,'Aloo Prantha','foods/items/Aloo_Prantha.png','(2psc with curd bowl)','2023-10-03 15:19:53.630966','2023-10-03 15:19:53.631031',3,15,NULL,'Veg',6),
(394,'Onion Prantha','foods/items/onion_prantha.png','(2 psc with curd bowl)','2023-10-03 15:21:28.878384','2023-10-03 15:21:28.878450',3,15,NULL,'Veg',6),
(395,'Gobhi Prantha','foods/items/gobhi_prantha.png','(2 psc with curd bowl)','2023-10-03 15:24:12.274922','2023-10-03 15:27:09.729379',3,15,NULL,'Veg',6),
(396,'Paneer prantha','foods/items/paneer_prantha_SofYz0X.png','(2pcs with curd bowl','2023-10-03 15:26:44.330287','2023-10-03 15:26:44.330358',3,15,NULL,'Veg',6),
(397,'Mix prantha','foods/items/mix_prantha.png','(2psc with curd bowl)','2023-10-03 15:29:30.288369','2023-10-03 15:29:30.288436',3,15,NULL,'Veg',6),
(398,'Curd','foods/items/curd_qeCUpFX.png','Curd','2023-10-03 15:31:31.044272','2023-10-03 15:31:31.044340',3,15,NULL,'Veg',6),
(399,'Puri bhaji','foods/items/Puri_bhaji.png','(3 poori)','2023-10-03 15:33:21.340492','2023-10-03 15:33:21.340559',3,15,NULL,'Veg',6),
(400,'Chole puri','foods/items/chole_puri.png','(3 poori)','2023-10-03 15:34:55.179346','2023-10-03 15:34:55.179415',3,15,NULL,'Veg',6),
(401,'Poha','foods/items/poha_brbz2iN.png','Poha','2023-10-03 15:36:24.064605','2023-10-03 15:36:24.064673',3,15,NULL,'Veg',6),
(402,'Extra bhurji with bread','foods/items/Extra_bhurji_with_bread.png','(4 slice)','2023-10-03 15:38:30.390740','2023-10-03 15:38:30.390808',3,15,NULL,'Veg',6),
(403,'Extra puri','foods/items/Extra_puri.png','Extra puri','2023-10-03 15:39:42.622351','2023-10-03 15:39:42.622417',3,15,NULL,'Veg',6),
(404,'Bread omelette','foods/items/bread_omelette_0i1fVTf.png','Complimentary','2023-10-03 15:41:57.469458','2023-10-03 15:41:57.469527',3,15,NULL,'Non Veg',12),
(405,'Butter toast','foods/items/butter_toast_7x3Z4m2.png','complimentary','2023-10-03 15:44:00.136113','2023-10-03 15:44:00.136181',3,15,NULL,'Veg',12),
(406,'Egg bhurji with bread','foods/items/egg_bhurji_with_bread.png','complimentary','2023-10-03 15:46:00.477782','2023-10-03 15:46:00.477836',3,15,NULL,'Non Veg',12),
(407,'Poha','foods/items/poha_iEUx0lj.png','complimentary','2023-10-03 15:46:49.118807','2023-10-03 15:46:49.118874',3,15,NULL,'Veg',12),
(408,'Bread jam','foods/items/bread_jam_jiwTNLR.png','complimentary','2023-10-03 15:47:42.262639','2023-10-03 15:47:42.262668',3,15,NULL,'Veg',12),
(409,'Grilled sandwich','foods/items/grilled_sandwich_Bt0htwW.png','complimentary','2023-10-03 15:49:59.267648','2023-10-03 15:49:59.267715',3,15,NULL,'Veg',12),
(410,'Veg. sandwich','foods/items/veg_sandwich_n8jkE6M.png','complimentary','2023-10-03 15:51:39.348660','2023-10-03 15:51:39.348728',3,15,NULL,'Veg',12),
(411,'Masala omelette','foods/items/masala_omelette_a4cvWaM.png','complimentary','2023-10-03 16:01:23.872068','2023-10-03 16:01:23.872100',3,15,NULL,'Non Veg',12),
(412,'Cornflakes with milk','foods/items/cornflakes_with_milk.png','complimentary','2023-10-03 16:03:30.197490','2023-10-03 16:03:30.197549',3,15,NULL,'Veg',12),
(413,'Tea/Coffee/Green tea/Black tea','foods/items/tea_coffee_green_tea_black_tea.png','complimentary','2023-10-03 16:06:26.870096','2023-10-03 16:06:26.870164',3,15,NULL,'None',12),
(414,'Sweet lassi/ Salted lassi','foods/items/Sweet_lassi_Salted_lassi.png','complimentary','2023-10-03 16:08:04.366447','2023-10-03 16:08:04.366512',3,15,NULL,'Veg',12),
(415,'Boiled eggs','foods/items/boiled_eggs.png','complimentary','2023-10-03 16:09:22.591567','2023-10-03 16:09:22.591634',3,15,NULL,'Non Veg',12),
(416,'Bread peanut butter','foods/items/Bread_peanut_butter_FALEWxy.png','complimentary','2023-10-03 16:10:09.391086','2023-10-03 16:10:09.391154',3,15,NULL,'Veg',12),
(417,'Papad Dry','foods/items/papad_dry.png','(2pcs)','2023-10-03 16:14:05.299202','2023-10-03 16:14:05.299267',3,15,NULL,'Veg',13),
(418,'Papad Fry','foods/items/papad_fry_WL2uzZ8.png','(2pcs)','2023-10-03 16:15:47.958736','2023-10-03 16:15:47.958805',3,15,NULL,'Veg',13),
(419,'Masala papad','foods/items/masala_papad_eHeeHs2.png','(2pcs)','2023-10-03 16:17:29.894157','2023-10-03 16:17:29.894223',3,15,NULL,'Veg',13),
(420,'Veg cutlet','foods/items/veg_cutlet.png','Veg cutlet','2023-10-03 16:19:25.499492','2023-10-03 16:19:25.499558',3,15,NULL,'Veg',13),
(421,'Aloo tikki','foods/items/aloo_tikki.png','Aloo tikki','2023-10-03 16:21:15.174599','2023-10-03 16:21:15.174666',3,15,NULL,'Veg',13),
(422,'Cheese cutlet','foods/items/cheese_cutlet.png','Cheese cutlet','2023-10-03 16:22:36.908274','2023-10-03 16:22:36.908305',3,15,NULL,'Veg',13),
(423,'Finger chips','foods/items/finger_chips.png','Finger chips','2023-10-03 16:24:27.569280','2023-10-03 16:24:27.569368',3,15,NULL,'Veg',13),
(424,'Cheese finger','foods/items/cheese_finger_yTAdSO5.png','Cheese finger','2023-10-03 16:25:58.447860','2023-10-03 16:25:58.447928',3,15,NULL,'Veg',13),
(425,'Veg pakora','foods/items/veg_pakora_DG5xgmI.png','Veg pakora','2023-10-03 16:27:21.803787','2023-10-03 16:27:21.803853',3,15,NULL,'Veg',13),
(426,'Cheese Pakora','foods/items/cheese_pakora_FW8BT0m.png','Cheese pakora','2023-10-03 16:28:56.341101','2023-10-03 16:28:56.341169',3,15,NULL,'Non Veg',13),
(427,'Mix pakora','foods/items/mix_pakora.png','Mix pakora','2023-10-03 16:32:19.923044','2023-10-03 16:32:19.923111',3,15,NULL,'Veg',13),
(428,'Bread pakora','foods/items/Bread_pakora.png','Bread pakora','2023-10-03 16:34:06.845025','2023-10-03 16:34:06.845094',3,15,NULL,'Veg',13),
(429,'Peanut Masala','foods/items/peanut_masala_wT9g7XY.png','Peanut Masala','2023-10-03 16:36:03.130935','2023-10-03 16:36:03.131003',3,15,NULL,'Veg',13),
(430,'Veg. maggi','foods/items/veg_maggi_7Xm6hZz.png','Veg. maggi','2023-10-03 16:38:11.314654','2023-10-03 16:38:11.314722',3,15,NULL,'Veg',13),
(431,'Egg maggi','foods/items/egg_maggi_Zex44uU.png','Egg maggi','2023-10-03 16:40:05.135505','2023-10-03 17:03:32.174820',3,15,NULL,'Non Veg',14),
(432,'Plain maggi','foods/items/plain_maggi_eGyzjym.png','Plain maggi','2023-10-03 16:42:46.611335','2023-10-03 16:42:46.611404',3,15,NULL,'Veg',13),
(433,'Cheese Chilly','foods/items/Cheese_Chillydrygravy.png','(dry/gravy)','2023-10-03 16:46:25.715550','2023-10-03 16:46:25.715619',3,15,NULL,'Veg',13),
(434,'Honey Chilli Potato','foods/items/Honey_Chilli_Potato.png','Honey Chilli Potato','2023-10-03 16:48:14.193355','2023-10-03 16:48:14.193423',3,15,NULL,'Veg',13),
(435,'Honey cauliflower','foods/items/Honey_cauliflower.png','Honey cauliflower','2023-10-03 16:49:55.666380','2023-10-03 16:49:55.666449',3,15,NULL,'Veg',13),
(436,'Potato balls','foods/items/Potato_balls.png','Potato balls','2023-10-03 16:51:15.354139','2023-10-03 16:51:15.354205',3,15,NULL,'Veg',13),
(437,'Chana chaat','foods/items/chana_chaat.png','Chana chaat','2023-10-03 16:56:06.430908','2023-10-03 16:56:06.430977',3,15,NULL,'Veg',13),
(438,'Aloo chaat','foods/items/Aloo_chaat.png','Aloo chaat','2023-10-03 16:57:17.546332','2023-10-03 16:57:17.546400',3,15,NULL,'Veg',13),
(439,'Veg kabab','foods/items/Veg_kabab.png','Veg kabab','2023-10-03 16:58:45.325334','2023-10-03 16:58:45.325401',3,15,NULL,'Veg',13),
(440,'Gol Gappa','foods/items/gol_gappa.png','waterball (6 psc)','2023-10-03 17:01:02.032007','2023-10-03 17:01:02.032073',3,15,NULL,'Veg',13),
(441,'Mushroom chilly','foods/items/Mushroom_chilly.png','Mushroom chilly','2023-10-03 17:02:48.963334','2023-10-03 17:02:48.963403',3,15,NULL,'Veg',13),
(442,'Chicken pakora','foods/items/chicken_pakora.png','Chicken pakora','2023-10-04 10:52:52.977808','2023-10-04 10:52:52.977844',3,51,NULL,'Non Veg',14),
(443,'Fried chicken','foods/items/fried_chicken.png','Fried chicken','2023-10-04 10:56:13.742397','2023-10-04 10:56:13.742464',3,15,NULL,'Non Veg',14),
(444,'Chilli chicken with bone','foods/items/chilli_chicken_with_bone.png','Chilli chicken with bone','2023-10-04 10:58:23.769475','2023-10-04 10:58:23.769541',3,20,NULL,'None',14),
(445,'Chilli chicken','foods/items/chilli_chicken_boneless.png','Boneless','2023-10-04 11:01:46.670310','2023-10-04 11:01:46.670378',3,15,NULL,'Non Veg',14),
(446,'Tandoori Chicken','foods/items/tandoori_chicken.png','Tandoori Chicken','2023-10-04 11:03:47.394560','2023-10-04 11:03:47.394596',3,50,NULL,'Non Veg',14),
(447,'Lemon chicken','foods/items/lemon_chicken_with_bone.png','With bone','2023-10-04 11:10:45.938760','2023-10-04 11:10:45.938796',3,15,NULL,'Non Veg',14),
(448,'Lemon chicken','foods/items/lemon_chicken_boneless.png','Boneless','2023-10-04 11:16:43.395560','2023-10-04 11:16:43.395627',3,15,NULL,'Non Veg',14),
(449,'Chicken Seekh kawab','foods/items/Chicken_seekh_kawab.png','Chicken Seekh kawab','2023-10-04 11:19:05.665853','2023-10-04 11:19:05.665943',3,15,NULL,'Non Veg',14),
(450,'Afgani chicken','foods/items/afgani_chicken.png','Afgani chicken','2023-10-04 11:21:23.808780','2023-10-04 11:21:23.808846',3,15,NULL,'Non Veg',14),
(451,'Chicken lollypop','foods/items/chicken_lollypop.png','Chicken lollypop','2023-10-04 11:23:38.034508','2023-10-04 11:23:38.034579',3,15,NULL,'Non Veg',14),
(452,'Chicken Thai Fai','foods/items/chicken_thai_fai.png','Chicken Thai Fai','2023-10-04 11:25:34.210166','2023-10-04 11:25:34.210233',3,15,NULL,'Non Veg',14),
(453,'Green Salad','foods/items/green_salad_4ArIgQp.png','Green Salad','2023-10-04 11:28:17.402973','2023-10-04 11:28:17.403041',3,15,NULL,'Veg',15),
(454,'Onion Salad','foods/items/Onion_Salad.png','Onion Salad','2023-10-04 11:30:04.726029','2023-10-04 11:30:04.726097',3,15,NULL,'Veg',15),
(455,'Boondi Raita','foods/items/Boondi_Raita.png','Boondi Raita','2023-10-04 11:31:47.044212','2023-10-04 11:31:47.044279',3,15,NULL,'Veg',15),
(456,'Mix raita','foods/items/mix_raita_fzYUmoT.png','Mix raita','2023-10-04 11:33:30.964996','2023-10-04 11:33:30.965065',3,15,NULL,'Veg',15),
(457,'Pineapple raita','foods/items/pineapple_raita.png','Pineapple raita','2023-10-04 11:35:29.798132','2023-10-04 11:35:29.798199',3,15,NULL,'Veg',15),
(458,'Plain curd','foods/items/plain_curd.png','Plain curd','2023-10-04 11:37:43.384810','2023-10-04 11:37:43.384876',3,15,NULL,'Veg',15),
(459,'Onion raita','foods/items/onion_raita.png','Onion raita','2023-10-04 11:40:18.703623','2023-10-04 11:40:18.703690',3,15,NULL,'Veg',15),
(460,'Tomato Salad','foods/items/tomato_salad.png','Tomato Salad','2023-10-04 11:42:19.633709','2023-10-04 11:42:19.633775',3,15,NULL,'Veg',15),
(461,'Cucumber Salad','foods/items/cucumber_salad.png','Cucumber Salad','2023-10-04 11:44:14.442721','2023-10-04 11:44:14.442789',3,15,NULL,'Veg',15),
(462,'Tomato Soup','foods/items/tomato_soup_EYzapDr.png','Tomato Soup','2023-10-04 11:46:30.123961','2023-10-04 11:46:30.124027',3,15,NULL,'Veg',15),
(463,'Veg Soup','foods/items/veg_soup_NjA1Wmg.png','Veg Soup','2023-10-04 11:48:08.012511','2023-10-04 11:48:08.012577',3,15,NULL,'Veg',16),
(464,'Veg Manchow soup','foods/items/Veg_Manchow_soup.png','Veg Manchow Soup','2023-10-04 11:51:06.276329','2023-10-04 11:51:06.276398',3,15,NULL,'Veg',16),
(465,'Sweet corn soup','foods/items/sweet_corn_soup.png','Sweet corn soup','2023-10-04 11:53:13.895186','2023-10-04 11:53:13.895252',3,15,NULL,'Veg',16),
(466,'Hot & Sour','foods/items/hot__sour_soup.png','Hot & Sour','2023-10-04 11:55:48.069045','2023-10-04 11:55:48.069110',3,15,NULL,'Veg',16),
(467,'Veg Clear soup','foods/items/vegclear_soup.png','Veg Clear soup','2023-10-04 13:16:29.632681','2023-10-04 13:16:29.632747',3,15,NULL,'Veg',16),
(468,'Chicken Soup','foods/items/chicken_soup_wqJgYf3.png','Chicken Soup','2023-10-04 13:19:19.187827','2023-10-04 13:19:19.187894',3,15,NULL,'Non Veg',16),
(469,'Chicken Sweet Corn Soup','foods/items/Chicken_sweet_corn_soup.png','Chicken Sweet Corn Soup','2023-10-04 13:21:34.993413','2023-10-04 13:21:34.993479',3,15,NULL,'Non Veg',16),
(470,'Chicken Manchow','foods/items/Chicken_manchow_soup.png','Chicken Manchow','2023-10-04 13:23:44.863495','2023-10-04 13:23:44.863562',3,15,NULL,'Non Veg',16),
(471,'Chicken Hot & Sour','foods/items/Chicken_Hot__Sour.png','Chicken Hot & Sour','2023-10-04 13:25:28.202498','2023-10-04 13:25:28.202564',3,15,NULL,'Non Veg',16),
(472,'Tea','foods/items/tea_HmQXzQK.png','Tea','2023-10-04 13:28:53.538290','2023-10-04 13:28:53.538356',3,15,NULL,'None',17),
(473,'Masala Tea','foods/items/masala_tea_avKpmoW.png','Masala Tea','2023-10-04 13:30:21.464669','2023-10-04 13:30:21.464735',3,15,NULL,'None',17),
(474,'Milk tea','foods/items/milk_tea_HYX26mO.png','Milk tea','2023-10-04 13:31:48.478276','2023-10-04 13:31:48.478340',3,15,NULL,'None',17),
(475,'Lemon tea','foods/items/lemon_tea_Lv6Mc81.png','Lemon tea','2023-10-04 13:33:21.057643','2023-10-04 13:33:21.057710',3,15,NULL,'None',17),
(476,'Green tea','foods/items/green_tea.png','Green tea','2023-10-04 13:35:35.686103','2023-10-04 13:35:35.686171',3,15,NULL,'None',17),
(477,'Ice tea','foods/items/ice_tea_HcEjv1x.png','Ice tea','2023-10-04 13:37:11.668840','2023-10-04 13:37:11.668908',3,50,NULL,'None',17),
(478,'Hot Coffee','foods/items/hot_coffee_lMei2Tn.png','Hot Coffee','2023-10-04 13:39:02.451612','2023-10-04 13:39:02.451678',3,15,NULL,'None',17),
(479,'Cold Coffee','foods/items/cold_coffee_lWwxnTz.png','Cold Coffee','2023-10-04 13:41:30.435076','2023-10-04 13:41:30.435116',3,15,NULL,'None',17),
(480,'Cold Coffee','foods/items/cold_coffee_with_ice_cream_aNuAqAJ.png','With ice cream','2023-10-04 13:43:51.360897','2023-10-04 13:43:51.360962',3,15,NULL,'None',17),
(481,'Hot Milk','foods/items/hot_milk_X5Qrdav.png','Hot Milk','2023-10-04 13:45:05.813304','2023-10-04 13:45:05.813343',3,15,NULL,'None',17),
(482,'Bournvita milk','foods/items/bournvita_milk_cLsgHYX.png','Bournvita milk','2023-10-04 13:46:51.068543','2023-10-04 13:46:51.068610',3,15,NULL,'None',17),
(483,'Cold Drink','foods/items/cold_drink_uEKPvR2.png','Cold Drink','2023-10-04 13:49:05.202625','2023-10-04 13:53:23.611765',3,15,NULL,'None',18),
(484,'Soda 500ml','foods/items/soda_bTwBU79.png','Soda 500ml','2023-10-04 13:50:38.152921','2023-10-04 13:53:31.755612',3,15,NULL,'None',18),
(485,'Bisleri water','foods/items/bisleri_water_grxMUnu.png','Bisleri water','2023-10-04 13:52:52.562522','2023-10-04 13:52:52.562552',3,15,NULL,'None',18),
(486,'Lassi Salted','foods/items/lassi_salted.png','Lassi Salted','2023-10-04 13:55:37.615939','2023-10-04 13:55:37.616003',3,15,NULL,'Veg',18),
(487,'Lassi Sweet','foods/items/lassi_sweet.png','Lassi Sweet','2023-10-04 13:57:37.985747','2023-10-04 13:57:37.985776',3,15,NULL,'None',18),
(488,'Ice cube (bucket)','foods/items/ice_cube.png','Ice cube (bucket)','2023-10-04 13:59:23.326005','2023-10-04 13:59:23.326074',3,15,NULL,'None',18),
(489,'Fresh Lemon Soda','foods/items/fresh_lemon_soda.png','Fresh Lemon Soda','2023-10-04 14:01:33.534746','2023-10-04 14:01:33.534815',3,15,NULL,'None',18),
(490,'Fresh lemon water','foods/items/fresh_lemon_water.png','Fresh lemon water','2023-10-04 14:08:19.500953','2023-10-04 14:08:19.500995',3,15,NULL,'None',18),
(491,'Jal Jeera Water','foods/items/jal_jeera_9YPKoDP.png','Jal Jeera Water','2023-10-04 14:10:49.614078','2023-10-04 14:10:49.614146',3,15,NULL,'None',18),
(492,'Red bull','foods/items/red_bull_O5NgsRH.png','Red bull','2023-10-04 14:17:53.754702','2023-10-04 14:17:53.754770',3,15,NULL,'None',18),
(493,'Mojito','foods/items/mojito.png','Mojito','2023-10-04 14:19:10.589150','2023-10-04 14:19:10.589214',3,15,NULL,'None',18),
(494,'Spring roll','foods/items/spring_roll_2A4lavU.png','Spring roll','2023-10-04 16:13:41.286344','2023-10-04 16:13:41.286379',3,15,NULL,'Veg',19),
(495,'Teekha Aloo roll','foods/items/teekha_aloo_roll.png','Teekha Aloo roll','2023-10-04 16:15:53.641994','2023-10-04 16:15:53.642063',3,15,NULL,'Veg',19),
(496,'Mix.veg roll','foods/items/mix_veg_roll_AzdVetj.png','Mix.veg roll','2023-10-04 16:17:56.900241','2023-10-04 16:17:56.900309',3,15,NULL,'Veg',19),
(497,'Paneer roll','foods/items/paneer_roll_OZHcK36.png','Paneer roll','2023-10-04 16:19:55.028218','2023-10-04 16:19:55.028315',3,15,NULL,'Veg',19),
(498,'Chicken roll','foods/items/chicken_roll_It1WcdP.png','Chicken roll','2023-10-04 16:21:49.209239','2023-10-04 16:21:49.209305',3,15,NULL,'Non Veg',19),
(499,'Plain rice','foods/items/plain_rice.png','Plain rice','2023-10-04 16:23:20.034940','2023-10-04 16:23:20.035010',3,15,NULL,'Veg',20),
(500,'Daal khichdi','foods/items/daal_khichdi.png','Daal khichdi','2023-10-04 16:24:44.190827','2023-10-04 16:24:44.190894',3,15,NULL,'Veg',20),
(501,'Jeera rice','foods/items/jeera_rice_DtiorDk.png','Jeera rice','2023-10-04 16:26:19.355669','2023-10-04 16:26:19.355738',3,15,NULL,'Veg',20),
(502,'Kashmiri pulaw','foods/items/kashmiri_pulaw.png','Kashmiri pulaw','2023-10-04 16:28:02.095623','2023-10-04 16:28:02.095687',3,15,NULL,'Veg',20),
(503,'Matar pulaw','foods/items/matar_pulaw.png','Matar pulaw','2023-10-04 16:29:15.987847','2023-10-04 16:29:15.987913',3,15,NULL,'Veg',20),
(504,'Cheese pulaw','foods/items/cheese_pulaw.png','Cheese pulaw','2023-10-04 16:31:22.929510','2023-10-04 16:31:22.929576',3,15,NULL,'Veg',20),
(505,'Veg Pulaw','foods/items/veg_pulao_4mwkyus.png','Veg Pulaw','2023-10-06 17:05:52.278391','2023-10-06 17:05:52.278458',3,15,NULL,'Veg',20),
(506,'Yellow special biryani','foods/items/Yellow_special_biryani.png','Yellow special biryani','2023-10-06 17:07:19.717498','2023-10-06 17:09:54.071484',3,15,NULL,'Veg',20),
(507,'Veg biryani','foods/items/vegbiryani.png','Veg biryani','2023-10-06 17:08:39.168354','2023-10-06 17:08:39.168421',3,15,NULL,'Veg',20),
(508,'Veg Dum biryani','foods/items/veg_dum_biryani.png','Veg Dum biryani','2023-10-06 17:11:14.357121','2023-10-06 17:11:14.357186',3,15,NULL,'Veg',20),
(509,'Egg biryani','foods/items/egg_biryani_GFoUD6o.png','Egg biryani','2023-10-06 17:12:29.760905','2023-10-06 17:12:29.760972',3,15,NULL,'Non Veg',20),
(510,'Cheese biryani','foods/items/cheese_biryani_yX1xBL3.png','Cheese biryani','2023-10-06 17:16:59.873659','2023-10-06 17:16:59.873723',3,15,NULL,'Veg',20),
(511,'Chicken biryani','foods/items/Chicken_biryani.png','Chicken biryani','2023-10-06 17:18:47.700617','2023-10-06 17:18:47.700680',3,15,NULL,'Non Veg',20),
(512,'Chicken Hyderabadi biryani','foods/items/chicken_hyderabadi.png','Chicken Hyderabadi','2023-10-06 17:20:56.472649','2023-10-06 17:21:14.027797',3,15,NULL,'Non Veg',20),
(513,'Hakka noodles','foods/items/hakka_noodles.png','Hakka noodles','2023-10-06 17:23:23.410487','2023-10-06 17:25:20.377833',3,15,NULL,'Veg',21),
(514,'Veg. noodles','foods/items/veg_noodles.png','Veg. noodles','2023-10-06 17:25:10.936448','2023-10-06 17:25:10.936512',3,15,NULL,'Veg',21),
(515,'Egg noodle','foods/items/egg_noodle.png','Egg noodle','2023-10-06 17:26:31.029007','2023-10-06 17:26:31.029074',3,15,NULL,'Non Veg',21),
(516,'chicken hakka  noodle','foods/items/chicken_hakka__noodle.png','chicken Hakka  noodle','2023-10-06 17:28:43.012275','2023-10-06 17:28:43.012304',3,15,NULL,'Non Veg',21),
(517,'Cheese Choupsey','foods/items/chicken_choupsey_ajfuTEx.png','chicken Choupsey','2023-10-06 17:30:58.105058','2023-10-06 17:33:45.106646',3,15,NULL,'Non Veg',21),
(518,'Veg Choupsey','foods/items/veg_choupsey_aCjcSUr.png','Veg Choupsey','2023-10-06 17:33:01.808966','2023-10-06 17:33:01.809032',3,15,NULL,'Veg',21),
(519,'Cheese Choupsey','foods/items/cheese_choupsey.png','Cheese Choupsey','2023-10-06 17:35:52.711050','2023-10-06 17:35:52.711118',3,15,NULL,'Veg',21),
(520,'Veg Manchurian Dry','foods/items/veg_manchurian_dry.png','Veg Manchurian Dry','2023-10-06 17:38:16.735964','2023-10-06 17:38:16.736029',3,15,NULL,'Veg',21),
(521,'Veg Manchurian Gravy','foods/items/veg_manchurian_gravy_182Qk8E.png','Veg Manchurian Gravy','2023-10-06 17:40:08.257382','2023-10-06 17:40:08.257410',3,15,NULL,'Veg',21),
(522,'Cheese Chilly with gravy','foods/items/vCheese_Chilly_with_gravy.png','Cheese Chilly with gravy','2023-10-06 17:42:58.952266','2023-10-06 17:42:58.952333',3,15,NULL,'Veg',21),
(523,'Cheese Chilly dry','foods/items/Cheese_Chilly_dry.png','Cheese Chilly dry','2023-10-06 17:44:42.253007','2023-10-06 17:44:42.253073',3,15,NULL,'Veg',21),
(524,'Mushroom Chilli','foods/items/Mushroom_chilli.png','Mushroom Chilli','2023-10-06 17:47:52.659943','2023-10-06 17:47:52.660041',3,15,NULL,'Veg',21),
(525,'Fried Rice Veg','foods/items/fried_rice.png','Fried Rice Veg','2023-10-06 17:49:39.733773','2023-10-06 17:49:39.733839',3,15,NULL,'Veg',21),
(526,'Chicken Fried rice','foods/items/chicken_fried_rice.png','Chicken Fried rice','2023-10-06 17:51:31.385288','2023-10-06 17:51:31.385352',3,15,NULL,'Non Veg',21),
(527,'Veg Thali','foods/items/veg_thali_IyvEutL.png','Veg Thali','2023-10-07 11:05:41.249109','2023-10-07 11:05:41.249175',3,15,NULL,'Veg',22),
(528,'Dal Tadka','foods/items/dal_tadka_iryOrXN.png','Dal Tadka','2023-10-07 11:08:12.299814','2023-10-07 11:08:12.299882',3,15,NULL,'Veg',22),
(529,'Dal Bukhara','foods/items/dal_bukhara_GHMpuEh.png','Dal Bukhara','2023-10-07 11:11:16.230266','2023-10-07 11:11:16.230332',3,15,NULL,'Veg',22),
(530,'Dal Panchratni','foods/items/dal_panchratni.png','Dal Panchratni','2023-10-07 11:14:05.065170','2023-10-07 11:14:05.065239',3,15,NULL,'Veg',22),
(531,'Rajma Dal','foods/items/rajma_dal.png','Rajma Dal','2023-10-07 11:16:07.994487','2023-10-07 11:16:07.994553',3,15,NULL,'Veg',22),
(532,'Dal Makhni','foods/items/dal_makhni.png','Dal Makhni','2023-10-07 11:18:07.468111','2023-10-07 11:18:07.468176',3,15,NULL,'Veg',22),
(533,'Jeera Aloo','foods/items/jeera_aloo.png','Jeera Aloo','2023-10-07 11:19:44.314205','2023-10-07 11:19:44.314271',3,15,NULL,'Veg',22),
(534,'Dum Aloo','foods/items/dum_aloo.png','Dum Aloo','2023-10-07 11:21:34.754188','2023-10-07 11:21:34.754255',3,15,NULL,'Veg',22),
(535,'Mix Veg','foods/items/mix_veg.png','Mix Veg','2023-10-07 11:25:15.126224','2023-10-07 11:25:15.126291',3,15,NULL,'Veg',22),
(536,'Mushroom masala','foods/items/mushroom_masala_Ud7Pp82.png','Mushroom masala','2023-10-07 11:27:22.682370','2023-10-07 11:27:22.682438',3,15,NULL,'Veg',22),
(537,'Tawa Mushroom Masala','foods/items/tawa_mushroom_masala_Xd7ptLP.png','Tawa Mushroom Masala','2023-10-07 11:30:04.867338','2023-10-07 11:30:04.867407',3,15,NULL,'Veg',22),
(538,'Mushroom Matar','foods/items/mushroom_matar_oVMlXlc.png','Mushroom Matar','2023-10-07 11:32:11.643231','2023-10-07 11:32:11.643299',3,15,NULL,'Veg',22),
(539,'Chittey Cholle','foods/items/chittey_cholle_ZyKY7ui.png','Chittey Cholle','2023-10-07 11:34:20.476634','2023-10-07 11:34:20.476700',3,15,NULL,'Veg',22),
(540,'Matar Paneer','foods/items/matar_paneer_MA9OnAk.png','Matar Paneer','2023-10-07 11:36:03.621437','2023-10-07 11:39:14.489734',3,15,NULL,'Veg',22),
(541,'Shahi Paneer','foods/items/shahi__paneer.png','Shahi Paneer (kaju gravy)','2023-10-07 11:39:03.871257','2023-10-07 11:39:03.871323',3,15,NULL,'Veg',22),
(542,'Mushroom Butter','foods/items/mushroom_butter_0vVIe2E.png','Mushroom Butter','2023-10-07 11:42:05.254081','2023-10-07 11:42:05.254149',3,15,NULL,'Veg',22),
(543,'Paneer butter masala','foods/items/paneer_butter.png','paneer butter masala','2023-10-07 11:54:22.123753','2023-10-07 11:54:22.123786',3,15,NULL,'Veg',22),
(544,'Kadai Paneer','foods/items/kadai_paneer.png','Kadai Paneer','2023-10-07 11:56:03.694146','2023-10-07 11:56:03.694213',3,15,NULL,'Veg',22),
(545,'Palak Paneer','foods/items/palak_paneer_PGodvA4.png','Palak Paneer','2023-10-07 11:57:41.586480','2023-10-07 11:57:41.586547',3,15,NULL,'Veg',22),
(546,'Methi malai paneer','foods/items/methi_malai_paneer.png','Methi malai paneer','2023-10-07 11:59:24.097186','2023-10-07 11:59:24.097251',3,15,NULL,'Veg',22),
(547,'Paneer pasanda','foods/items/paneer_pasanda.png','Paneer pasanda','2023-10-07 12:01:30.406624','2023-10-07 12:01:30.406689',3,15,NULL,'Veg',22),
(548,'Malai Kofta','foods/items/malai_kofta.png','Malai Kofta','2023-10-07 12:02:55.261097','2023-10-07 12:02:55.261164',3,15,NULL,'Veg',22),
(549,'Gobi Masala','foods/items/gobi_masala.png','Gobi Masala','2023-10-07 12:04:19.643855','2023-10-07 12:04:19.643922',3,15,NULL,'Veg',22),
(550,'Channa masala','foods/items/channa_masala.png','Channa masala','2023-10-07 12:06:11.350505','2023-10-07 12:06:11.350574',3,15,NULL,'Veg',22),
(551,'Mushroom da pyaza','foods/items/mushroom_da_pyaza.png','Mushroom da pyaza','2023-10-07 12:07:51.826255','2023-10-07 12:07:51.826321',3,15,NULL,'Veg',22),
(552,'Paneer Bhurji','foods/items/paneer_bhurji.png','Paneer Bhurji','2023-10-07 12:10:12.955772','2023-10-07 12:10:12.955839',3,15,NULL,'Veg',22),
(553,'Non veg thali','foods/items/non_veg_thali_jKBKvw4.png','Non veg thali','2023-10-07 12:20:56.711304','2023-10-07 12:20:56.711333',3,15,NULL,'Non Veg',23),
(554,'Egg curry','foods/items/egg_curry_8wGAAre.png','3 eggs','2023-10-07 12:22:47.679930','2023-10-07 12:22:47.679998',3,15,NULL,'Non Veg',23),
(555,'Yellow Special Chicken','foods/items/yellow_chicken.png','Yellow Special Chicken','2023-10-07 12:28:13.643533','2023-10-07 12:28:13.643600',3,15,NULL,'Non Veg',23),
(556,'Chicken Curry','foods/items/chicken_curry.png','Chicken Curry','2023-10-07 12:30:07.500600','2023-10-07 12:30:07.500667',3,15,NULL,'Non Veg',23),
(557,'Chicken Masala','foods/items/chicken_masala.png','Chicken Masala','2023-10-07 12:32:11.186472','2023-10-07 12:32:11.186539',3,15,NULL,'Non Veg',23),
(558,'Butter chicken','foods/items/butter_chicken.png','Butter Chicken','2023-10-07 12:35:32.189982','2023-10-07 12:35:32.190050',3,15,NULL,'Non Veg',23),
(559,'Kadai Chicken','foods/items/kadai_chicken.png','Kadai Chicken','2023-10-07 12:37:54.808101','2023-10-07 12:37:54.808167',3,15,NULL,'Non Veg',23),
(560,'Mughlai Chicken','foods/items/mughlai_chicken.png','Mughlai Chicken','2023-10-07 12:40:58.931479','2023-10-07 12:40:58.931545',3,15,NULL,'Non Veg',23),
(561,'Tawa Chicken','foods/items/tawa_chicken.png','Tawa Chicken','2023-10-07 12:43:44.056607','2023-10-07 12:43:44.056671',3,15,NULL,'Non Veg',23),
(562,'Rahra chicken','foods/items/rahra_chicken.png','Rahra chicken','2023-10-07 12:52:35.575639','2023-10-07 12:52:35.575671',3,15,NULL,'Non Veg',23),
(563,'Cream Chicken','foods/items/cream_chicken.png','Cream Chicken','2023-10-07 12:55:04.521127','2023-10-07 12:55:04.521193',3,15,NULL,'Non Veg',23),
(564,'Ghr ka tari wala chicken','foods/items/ghr_ka_tari_wala_chicken.png','Ghr ka tari wala chicken','2023-10-07 12:57:54.319772','2023-10-07 12:57:54.319839',3,15,NULL,'Non Veg',23),
(565,'Chef Special Chicken','foods/items/chef_special_chicken.png','Chef Special Chicken','2023-10-07 12:59:54.338561','2023-10-07 12:59:54.338628',3,15,NULL,'Non Veg',23),
(566,'Chicken Do Pyaza','foods/items/chicken_do_pyaza.png','Chicken Do Pyaza','2023-10-07 13:01:31.009583','2023-10-07 13:01:31.009611',3,15,NULL,'Non Veg',23),
(567,'Mutton Curry','foods/items/mutton_curry.png','Mutton Curry','2023-10-07 13:03:13.794374','2023-10-07 13:03:39.578871',3,15,NULL,'Non Veg',23),
(568,'Plain tawa roti','foods/items/plain_tawa_roti_gUEyTUM.png','Plain tawa roti','2023-10-07 13:06:48.585492','2023-10-07 13:06:48.585519',3,15,NULL,'Veg',24),
(569,'Butter tawa roti','foods/items/butter_tawa_roti.png','Butter tawa roti','2023-10-07 13:08:26.703448','2023-10-07 13:08:26.703513',3,15,NULL,'Veg',24),
(570,'Ajwain tawa roti','foods/items/ajwain_tawa_roti.png','Ajwain tawa roti','2023-10-07 13:10:05.410064','2023-10-07 13:10:05.410130',3,15,NULL,'Veg',24),
(571,'Tawa prantha','foods/items/tawa_prantha_P4IP0ph.png','Tawa prantha','2023-10-07 13:12:17.384987','2023-10-07 13:12:17.385054',3,15,NULL,'Non Veg',24),
(572,'Tawa  Laccha Prantha','foods/items/tawa_lachha_prantha.png','Tawa  Laccha Prantha','2023-10-07 13:30:23.898040','2023-10-07 13:30:23.898107',3,15,NULL,'Veg',24),
(573,'Plain Prantha','foods/items/plain_prantha_3sOB5aQ.png','Plain Prantha','2023-10-07 13:32:05.942337','2023-10-07 13:32:05.942376',3,15,NULL,'Veg',24),
(574,'Vanilla ice cream','foods/items/vanilla_ice_cream.png','Vanilla ice cream','2023-10-07 13:35:09.094909','2023-10-07 13:35:09.094974',3,15,NULL,'Veg',25),
(575,'Strawberry icecream','foods/items/Strawberry_icecream.png','Strawberry ice cream','2023-10-07 13:38:18.917994','2023-10-07 13:38:18.918060',3,15,NULL,'Veg',25),
(576,'Butter scotch ice cream','foods/items/butterscotch_icecream.png','Butter scotch ice cream','2023-10-07 13:41:18.867141','2023-10-07 13:41:18.867209',3,15,NULL,'Veg',25),
(577,'Chocolate ice cream','foods/items/chocolate_icecream.png','Chocolate ice cream','2023-10-07 13:44:19.871288','2023-10-07 13:44:19.871355',3,15,NULL,'Veg',25),
(578,'Gulab jamun','foods/items/gulab_jamun_rfgSwoq.png','Gulab jamun','2023-10-07 13:46:06.555111','2023-10-07 13:46:06.555179',3,15,NULL,'Veg',25),
(579,'Cake','foods/items/cake_4V0dRiP.png','Cake','2023-10-07 13:47:28.091548','2023-10-07 13:47:28.091615',3,15,NULL,'Veg',25),
(580,'Stuffed Prantha With Curd','foods/items/Stuffed_Paratha_With_Curd.png','Stuffed Prantha With Curd','2023-10-09 16:03:09.670183','2023-10-09 16:03:09.670250',4,15,NULL,'Veg',26),
(581,'Puri Bhaji','foods/items/puri_bhaji_UkFNGnl.png','Puri Bhaji','2023-10-09 16:05:25.716609','2023-10-09 16:05:25.716678',4,15,NULL,'Veg',26),
(582,'Channa Bhatura','foods/items/channa_bhatura.png','Channa Bhatura','2023-10-09 16:08:12.364331','2023-10-09 16:08:12.364400',4,15,NULL,'Veg',26),
(583,'Egg to order','foods/items/egg_to_order.png','Egg to order','2023-10-09 16:11:29.054669','2023-10-09 16:11:29.054735',4,15,NULL,'Non Veg',26),
(584,'Packaged Bottle water','foods/items/Packaged_Bottle_water.png','Packaged Bottle water','2023-10-09 16:15:33.856411','2023-10-09 16:15:33.856477',4,15,NULL,'Veg',27),
(585,'Aerated Drinks','foods/items/Aerated_Drinks.png','Aerated Drinks','2023-10-09 16:44:24.792582','2023-10-09 16:44:24.792614',4,15,NULL,'Veg',27),
(586,'Energy drink','foods/items/energy_drink.png','Energy drink','2023-10-09 16:57:21.629344','2023-10-09 16:57:21.629374',4,15,NULL,'Veg',27),
(587,'Diet coke','foods/items/diet_coke.png','Diet coke','2023-10-09 16:59:05.196687','2023-10-09 16:59:05.196753',4,15,NULL,'Veg',27),
(588,'Canned juice','foods/items/canned_juice_UQBEXlN.png','Canned juice','2023-10-09 17:00:35.984534','2023-10-09 17:00:35.984598',4,15,NULL,'Veg',27),
(589,'Fresh lime soda','foods/items/fresh_lemon_soda_N6NaR5N.png','Fresh lime soda','2023-10-09 17:01:42.398671','2023-10-09 17:01:42.398737',4,15,NULL,'Veg',27),
(590,'Fresh lime water','foods/items/fresh_lemon_water_kRmYDRb.png','Fresh lime water','2023-10-09 17:02:31.902796','2023-10-09 17:02:31.902850',4,15,NULL,'Veg',27),
(591,'Tea','foods/items/tea_vbgWDvj.png','Tea','2023-10-09 17:04:43.460617','2023-10-09 17:04:43.460684',4,15,NULL,'Veg',27),
(592,'Coffee','foods/items/coffee.png','Coffee','2023-10-09 17:11:53.955359','2023-10-09 17:11:53.955424',4,15,NULL,'Veg',27),
(593,'Choice of shakes','foods/items/Choice_of_shakes.png','vanilla strawberry chocolate banana mango','2023-10-09 17:16:02.314845','2023-10-09 17:16:02.314908',4,15,NULL,'Veg',27),
(594,'Cold coffee','foods/items/cold_coffee_O9z01yg.png','Cold coffee','2023-10-09 17:18:10.090672','2023-10-09 17:18:10.090738',4,15,NULL,'Veg',27),
(595,'Cold coffee with ice cream','foods/items/cold_coffee_with_ice_cream_Wnp3sfQ.png','Cold coffee with ice cream','2023-10-09 17:42:20.452207','2023-10-09 17:42:20.452276',4,15,NULL,'Veg',27),
(596,'Paneer tikka','foods/items/paneer_tikka_4RWf3pX.png','Paneer tikka marinated in ginger, garlic curd and Indian spices, charcoal grilled','2023-10-10 13:51:11.195680','2023-10-10 13:51:11.195770',4,15,NULL,'Veg',28),
(597,'Paneer noorjahan tikka','foods/items/paneer_noorjahan_tikka.png','Stuffed paneer cubes, creamy paste exotic spices and charcoal grilled','2023-10-10 14:00:53.815796','2023-10-10 14:03:09.438977',4,15,NULL,'Veg',28),
(598,'Paneer kali mirch tikka','foods/items/Paneer_kali_mirch_tikka.png','Creamy marinated paneer cubes crush black pepper','2023-10-10 14:02:59.496641','2023-10-10 14:02:59.496708',4,15,NULL,'Veg',28),
(599,'Paneer Haryali Tikka','foods/items/Paneer_Hariyali_Tikka.png','Paneer marinated in spinach and tandoori spices','2023-10-10 14:08:04.473138','2023-10-10 14:08:04.473204',4,15,NULL,'Veg',28),
(600,'Dahi ke kebab','foods/items/Dahi_k_kabab.png','curd exotic herbs and deep fried','2023-10-10 14:12:56.195726','2023-10-10 14:12:56.195790',4,15,NULL,'Veg',28),
(601,'Corn salt \"N\" pepper','foods/items/Corn_salt_pepper.png','Crispy fried corn, green onion ,onion','2023-10-10 14:15:52.756159','2023-10-10 14:15:52.756222',4,15,NULL,'Veg',28),
(602,'Stuffed  mushroom','foods/items/Stuffed__mushroom.png','Mushroom stuffed with cheese & Exotic veg','2023-10-10 14:18:40.989717','2023-10-10 14:18:40.989780',4,15,NULL,'Veg',28),
(603,'Tandoori stuffed potato','foods/items/potato_stuffed.png','Tandoori spiced small potatoes with sweet and sour pickle','2023-10-10 14:23:34.240768','2023-10-10 14:23:34.240833',4,15,NULL,'Veg',28),
(604,'Tandoori Veg. Platter','foods/items/Tandoori_Veg._Platter.png','Paneer tikka ,Seekh, Tandoori aloo ,mushroom gobhi alisaan','2023-10-10 14:27:27.995770','2023-10-10 14:27:27.995837',4,15,NULL,'Veg',28),
(605,'Paneer Chilli','foods/items/Paneer_Chilli.png','Crispy fried cheese, tossed in bell pepper and chilli sauce','2023-10-10 14:31:38.569709','2023-10-10 14:31:38.569777',4,15,NULL,'Veg',28),
(606,'Mushroom Chilli','foods/items/Mushroom_Chilli.png','Crispy fried mushroom in chilli sauce','2023-10-10 14:35:32.858902','2023-10-10 14:35:32.858968',4,15,NULL,'Veg',28),
(607,'Cheese lolly pop','foods/items/cheese_lolly_pop.png','Oriental style skewered cheese balls in chilli sauce','2023-10-10 14:41:37.370432','2023-10-10 14:41:37.370462',4,15,NULL,'Veg',28),
(608,'Murg Peshawari','foods/items/murg_peshawari.png','Chicken marinated in peshawari spices grilled in tandoor','2023-10-11 14:16:30.345499','2023-10-11 14:16:30.345565',4,15,NULL,'Non Veg',29),
(609,'Murg tandoori','foods/items/murg_tandoori.png','Chicken marinated in tandoori spices and grilled in tandoor','2023-10-11 14:24:45.175923','2023-10-11 14:24:45.175957',4,15,NULL,'Non Veg',29),
(610,'Tangri kebab','foods/items/tanoori.png','Chicken pieces with cheesy marination ,fenugreek Indian spices  and charcoal grilled','2023-10-11 14:36:58.899520','2023-10-11 14:36:58.899585',4,15,NULL,'Non Veg',29),
(611,'Veg Manchurian Dry','foods/items/veg_manchurian_dry_UikLgm4.png','Mix vegetable balls in soya onion sauce','2023-10-11 15:50:35.203756','2023-10-11 15:50:35.203823',4,15,NULL,'Veg',28),
(612,'Vegetable Spring Roll','foods/items/vegetable_spring_roll.png','Vegetable stuffed roll deep fried served with hot garlic sauce','2023-10-11 15:54:25.353337','2023-10-11 15:54:25.353403',4,15,NULL,'Veg',28),
(613,'Cheese corn roll','foods/items/Cheese_corn_roll.png','Rolls stuffed with cottage cheese corn bell pepper served with hot chilli sauce','2023-10-11 16:00:49.168958','2023-10-11 16:00:49.169024',4,51,NULL,'Veg',28),
(614,'Mushroom Duplex','foods/items/Mushroom_Duplex.png','Crumby fried mushroom stuffed with spinach &  exotic veg in chinese style','2023-10-11 16:04:13.047327','2023-10-11 16:04:32.675597',4,15,NULL,'Veg',28),
(615,'Hara bhara kebab','foods/items/hara_bhara_kebab.png','Combination of veg with spinach flavoured deep fried','2023-10-12 16:09:29.875155','2023-10-12 16:09:29.875222',4,15,NULL,'Veg',28),
(616,'Finger chips','foods/items/finger_chis.png','Finger chips','2023-10-12 16:11:03.330388','2023-10-12 16:11:03.330453',4,15,NULL,'Veg',28),
(617,'Peanut masala','foods/items/peanut_masala_4C9KCdg.png','Peanut masala','2023-10-12 16:14:33.907474','2023-10-12 16:14:33.907542',4,15,NULL,'Veg',28),
(618,'Stuffed tangri kebab','foods/items/Stuffed_tangri_kebab.png','Stuffed chicken pieces with cheesy marination fenugreek and charcoal grilled','2023-10-12 16:19:28.538923','2023-10-12 16:19:28.538991',4,15,NULL,'Non Veg',29),
(619,'Murg Tikka Angara','foods/items/murg_tikka_angara.png','Marinated in hot spices & tandoori yoghurt masala and charcoal grilled','2023-10-12 16:23:12.606515','2023-10-12 16:23:12.606580',4,15,NULL,'Non Veg',29),
(620,'Murg Tikka Lahsooni','foods/items/Murg_Tikka_Lahsooni.png','Boneless chicken pieces marination in garlic flavoured spice, creamy paste grilled in tandoor.','2023-10-12 16:26:38.293148','2023-10-12 16:26:38.293213',4,15,NULL,'Non Veg',29),
(621,'Haryali Murg Tikka','foods/items/Haryali_Murg_Tikka.png','Chicken cubes marinated in green paste Indian spices and charcoal grilled.','2023-10-12 16:31:17.354678','2023-10-12 16:31:17.354744',4,15,NULL,'Non Veg',29),
(622,'Kalmi Kebab','foods/items/Kalmi_Kebab.png','Thigh pieces of chicken marinated in creamy  cheese paste grilled in tandoor.','2023-10-12 16:34:51.769679','2023-10-12 16:35:26.179311',4,15,NULL,'Non Veg',29),
(623,'Chilli Chicken','foods/items/chilli_chicken.png','Butter fried boneless chicken pieces tossed with chili sauce.','2023-10-12 16:38:16.894215','2023-10-12 16:38:16.894281',4,15,NULL,'Non Veg',29),
(624,'Lemon Garlic Chicken','foods/items/Lemon_Garlic_Chicken.png','Butter fried chicken tossed with lemon garlic flavoured','2023-10-12 16:51:52.666473','2023-10-12 16:51:52.666501',4,15,NULL,'Non Veg',29),
(625,'Chicken wings','foods/items/Chicken_wings.png','Chicken wings with BBQ sauce','2023-10-12 16:54:04.576243','2023-10-12 16:54:04.576312',4,15,NULL,'Non Veg',29),
(626,'Fish Finger','foods/items/Fish_Finger.png','Batter fried fish with tartar sauce','2023-10-12 16:56:42.999096','2023-10-12 16:56:42.999161',4,15,NULL,'Non Veg',29),
(627,'Fish Tikka Afgani','foods/items/fish_tikka.png','Fish pieces marinated in musturd  flavoured paste ginger garlic, curd roast in clay oven','2023-10-12 17:01:25.992773','2023-10-12 17:01:25.992840',4,15,NULL,'Non Veg',29),
(628,'Fish Peshawari','foods/items/fish_peshawari.png','Boneless pieces of fish marinated  in peshawari spices and roasted in clay oven.','2023-10-12 17:05:23.790847','2023-10-12 17:05:23.790915',4,15,NULL,'Non Veg',29),
(629,'Fish Amritsari','foods/items/fish_amritsari.png','Gram flour batter fried fish with tartar sauce','2023-10-12 17:07:41.531560','2023-10-12 17:07:50.122962',4,15,NULL,'Non Veg',29),
(630,'Non veg platter','foods/items/Non_veg_platter.png','Tandoori chicken, fish tikka ,chicken tikka, chicken seekh ,mutton seekh.','2023-10-12 17:11:49.777273','2023-10-12 17:11:49.777337',4,15,NULL,'Non Veg',29),
(631,'Choice of cream soups','foods/items/Choice_of_cream_soups.png','Tomato vegetable mushroom','2023-10-13 16:22:46.505449','2023-10-13 16:22:46.505515',4,15,NULL,'Veg',30),
(632,'Choice of cream soup','foods/items/Choice_of_cream_soups_non_veg.png','Tomatos vegetables mushroom','2023-10-13 16:27:47.801107','2023-10-13 16:27:47.801171',4,15,NULL,'Non Veg',30),
(633,'Tomato Dhania Shorba','foods/items/Tomato_Dhania_Shorba.png','Fresh tomato juice flavoured with green corriander','2023-10-13 16:31:45.235660','2023-10-13 16:31:45.235724',4,15,NULL,'Veg',30),
(634,'Sweet corn soup','foods/items/Sweet_corn_soup.png','All time favourite classic soup','2023-10-13 16:36:14.837816','2023-10-13 16:36:14.837880',4,15,NULL,'Veg',30),
(635,'Sweet corn soup','foods/items/Sweet_corn_soup_non_veg.png','All time favourite classic soup','2023-10-13 16:39:07.077699','2023-10-13 16:39:07.077766',4,15,NULL,'Non Veg',30),
(636,'Manchow Soup','foods/items/manchow_soup.png','All time favourite classic soup','2023-10-13 16:41:27.586992','2023-10-13 16:41:27.587056',4,15,NULL,'Veg',30),
(637,'Manchow Soup','foods/items/manchow_soup_non_veg.png','All time favourite classic soup','2023-10-13 16:44:22.921824','2023-10-13 16:44:22.921889',4,15,NULL,'Veg',30),
(638,'Hot & sour soup','foods/items/hot_sour.png','All time favourite classic soup','2023-10-13 16:48:27.819694','2023-10-13 16:48:27.819758',4,15,NULL,'Veg',30),
(639,'Hot & sour soup','foods/items/hot_sour_non_veg.png','All time favourite  classic soup','2023-10-13 16:51:00.384494','2023-10-13 16:51:00.384560',4,15,NULL,'Non Veg',30),
(640,'Chinese Clear Soup','foods/items/chinese_clear_soup.png','Chinese Clear Soup','2023-10-13 16:53:40.558640','2023-10-13 16:53:40.558705',4,15,NULL,'Veg',30),
(641,'Chinese Clear Soup','foods/items/chinese_clear_soup_non_veg.png','Chinese Clear Soup','2023-10-13 16:55:12.028755','2023-10-13 16:55:12.028822',4,15,NULL,'Non Veg',30),
(642,'Tandoori Roti','foods/items/tandoori_roti.png','Tandoori Roti','2023-10-13 17:13:55.672978','2023-10-13 17:13:55.673005',4,15,NULL,'Veg',31),
(643,'Butter roti','foods/items/butter_roti_z6Hcikn.png','Butter roti','2023-10-13 17:16:03.744278','2023-10-13 17:16:03.744343',4,15,NULL,'Veg',31),
(644,'Tandoori naan','foods/items/tandoori_naan.png','Tandoori naan','2023-10-13 17:18:48.910990','2023-10-13 17:18:48.911056',4,15,NULL,'Veg',31),
(645,'Butter Naan','foods/items/butter_naan.png','Butter Naan','2023-10-13 17:20:34.696238','2023-10-13 17:20:34.696302',4,15,NULL,'Veg',31),
(646,'Garlic / Corriander Naan','foods/items/garlic_corriander_naan.png','Garlic / Corriander Naan','2023-10-13 17:23:08.396398','2023-10-13 17:23:08.396452',4,15,NULL,'Veg',31),
(647,'Lachha Prantha','foods/items/lachha_prantha.png','Lachha Prantha','2023-10-13 17:25:31.873589','2023-10-13 17:25:31.873655',4,15,NULL,'Veg',31),
(648,'Missi roti','foods/items/missi_roti.png','Missi roti','2023-10-13 17:27:19.477215','2023-10-13 17:27:19.477279',4,15,NULL,'Veg',31),
(649,'Choice of kulcha','foods/items/choice_of_kulcha.png','Onion/ Paneer/ Mix /Potato/ Onion','2023-10-13 17:30:42.880361','2023-10-13 17:30:42.880426',4,15,NULL,'Veg',31),
(650,'Cheese Naan Gravy','foods/items/cheesy_naan.png','Cheese Naan Gravy','2023-10-13 17:33:03.348397','2023-10-13 17:33:03.348462',4,15,NULL,'Veg',31),
(651,'Keema Naan With Gravy','foods/items/Keema_Naan_With_Gravy.png','Keema Naan With Gravy','2023-10-13 17:35:57.110252','2023-10-13 17:35:57.110315',4,15,NULL,'Veg',31),
(652,'Butter Chicken','foods/items/butter_chicken_gMBjW9q.png','Tandoori chicken cooked in creamy tomato gravy, butter and cream','2023-10-14 15:14:17.899789','2023-10-14 15:14:17.899852',4,15,NULL,'Non Veg',32),
(653,'Chicken Tikka Butter Masala','foods/items/chicken_tikka_masala.png','Boneless chicken tikka cooked in rich tomato masala gravy and Indian species','2023-10-14 15:19:19.704790','2023-10-14 15:19:19.704856',4,15,NULL,'Non Veg',32),
(654,'Chicken Karahi','foods/items/chicken_karahi.png','Chicken cooked in onion capsicum karahi gravy and spices','2023-10-14 15:23:13.206816','2023-10-14 15:23:13.206882',4,15,NULL,'Non Veg',32),
(655,'Chicken Masala','foods/items/Chicken_Masala.png','Chicken cooked in tang touch masala gravy and Indian species','2023-10-14 15:27:12.393487','2023-10-14 15:27:12.393552',4,15,NULL,'Non Veg',32),
(656,'Chicken Rahra','foods/items/chicken_rahra.png','Chicken and chicken minced cooked in Indian spicy masala gravy','2023-10-14 15:32:02.657107','2023-10-14 15:32:02.657176',4,15,NULL,'Non Veg',32),
(657,'Mutton Rogon Josh','foods/items/Mutton_Rogon_Josh.png','A specialty Rajasthani mutton with traditional masala','2023-10-14 15:36:18.665607','2023-10-14 15:36:18.665672',4,15,NULL,'Non Veg',32),
(658,'Mutton Saag Wala','foods/items/mutton_saag_wala.png','Lamb in a spicy spinach saag','2023-10-14 15:39:37.109302','2023-10-14 15:39:37.109366',4,15,NULL,'Non Veg',32),
(659,'Mutton Rahra','foods/items/mutton_rahra.png','Mutton and mutton minced with spicy thick gravy','2023-10-14 15:42:53.446699','2023-10-14 15:42:53.446763',4,15,NULL,'Non Veg',32),
(660,'Fish Curry','foods/items/fish_curry.png','Marinated fish shallow fried and finished in punjabi masala gravy','2023-10-14 15:47:37.640354','2023-10-14 15:47:37.640421',4,15,NULL,'Non Veg',32),
(661,'Steamed Rice','foods/items/steamed_rice.png','Steamed Rice','2023-10-14 15:51:47.250088','2023-10-14 15:51:47.250153',4,15,NULL,'Veg',33),
(662,'Choice of pulao','foods/items/choice_of_pulao.png','Vegetables, peas onion/jeera/kashmiri','2023-10-14 15:55:56.867847','2023-10-14 15:55:56.867913',4,15,NULL,'Veg',33),
(663,'Vegetable Dum Biryani','foods/items/veg_dum_biryani_NR72qvr.png','Aromatic basmati rice flavoured with saffron ,cumin whole spices with raita','2023-10-14 16:00:11.000982','2023-10-14 16:00:11.001051',4,15,NULL,'Veg',33),
(664,'Murg Biryani','foods/items/murg_biryabi.png','Basmati rice cooked with tender pieces of chicken ,herbs and spices with raita','2023-10-14 16:03:37.853206','2023-10-14 16:03:45.391677',4,15,NULL,'Non Veg',33),
(665,'Mutton Biryani','foods/items/mutton_biryani.png','Basmati rice cooked with mutton, herbs and spices and mint raita with veg fried','2023-10-14 16:08:40.463060','2023-10-14 16:08:40.463128',4,15,NULL,'Non Veg',33),
(666,'Chicken Fried Rice','foods/items/chicken_fried_rice_pqHCxMN.png','Chicken Fried Rice','2023-10-14 16:10:39.081608','2023-10-14 16:10:39.081679',4,15,NULL,'Non Veg',33),
(667,'Dal Makhani','foods/items/dal_makhni_J9PhkhG.png','Slow cooked black lentils, kidney beans, channa daal with tomatoes finished with butter & cream','2023-10-14 16:19:29.491648','2023-10-14 16:19:29.491711',4,20,NULL,'Veg',34),
(668,'Dal Palak','foods/items/dal_palak.png','Yellow lentils with spinach garlic and cumin seed','2023-10-14 16:23:12.424967','2023-10-14 16:23:12.425031',4,15,NULL,'Veg',34),
(669,'Dal Tadka','foods/items/dal_tadka_Phb0M7e.png','Yellow lentils tempered with garlic and cumin seed','2023-10-14 16:26:56.241762','2023-10-14 16:26:56.241791',4,15,NULL,'Veg',34),
(670,'Rajmah Rasmish','foods/items/rajmah_rasmish.png','Rajmah Rasmish','2023-10-14 16:30:58.711224','2023-10-14 16:30:58.711288',4,15,NULL,'Veg',34),
(671,'Pindi Channa/ Channa Masala','foods/items/pindi_channa.png','Pindi Channa/ Channa Masala','2023-10-14 16:33:35.814117','2023-10-14 16:33:35.814180',4,15,NULL,'Veg',34),
(672,'Paneer butter masala','foods/items/paneer_butter_masala.png','Cheese cubes  cooked tomato and Indian masala gravy','2023-10-14 16:48:27.747649','2023-10-14 16:48:27.747680',4,15,NULL,'Veg',35),
(673,'Paneer Makhani','foods/items/paneer_makhani.png','Cheese cubes in rich tomato gravy , butter and cream','2023-10-14 16:53:00.780489','2023-10-14 16:53:00.780518',4,15,NULL,'Veg',35),
(674,'Paneer Tikka butter masala','foods/items/paneer_butter_tikka_masala.png','Cubes of  grilled cheese tossed with tomato and masala gravy','2023-10-14 16:58:13.953530','2023-10-14 16:58:13.953594',4,15,NULL,'Veg',35),
(675,'Paneer Pasanda','foods/items/Paneer_Pasanda.png','Stuffed cottage cheese in tomato and veg gravy','2023-10-14 17:01:34.352693','2023-10-14 17:01:34.352760',4,15,NULL,'Veg',35),
(676,'Paneer  Karahi','foods/items/paneer_karahi.png','Cottage cheese onion and capsicum  karahi gravy','2023-10-14 17:05:05.639235','2023-10-14 17:05:05.639302',4,15,NULL,'Veg',35),
(677,'Matter Paneer','foods/items/mattar_paneer.png','Cottage cheese , green peas in tomato and veg gravy','2023-10-20 14:15:59.639154','2023-10-20 14:15:59.639218',4,15,NULL,'Veg',35),
(678,'Palak Paneer','foods/items/palak_paneer_JcVuaQy.png','Cottage cheese cubes in fresh spinach saag','2023-10-20 14:18:45.458148','2023-10-20 14:18:45.458212',4,15,NULL,'Veg',35),
(679,'Paneer Khurchan','foods/items/palak_khurchan.png','Scrambled cottage cheese with herbs and spices','2023-10-20 14:22:22.024003','2023-10-20 14:22:22.024066',4,15,NULL,'Veg',35),
(680,'Paneer Lababdar','foods/items/paneer_lababdar.png','Cottage cheese in a creamy, mildly tangy and faintly sweet gravy','2023-10-20 14:26:28.873082','2023-10-20 14:26:28.873147',4,15,NULL,'Veg',35),
(681,'Palak corn masala','foods/items/palak_corn__masala.png','American corn in spicy spinach saag','2023-10-20 14:31:46.255147','2023-10-20 14:31:46.255213',4,15,NULL,'Veg',35),
(682,'Cheese Kofta Curry','foods/items/cheese_kofta_curry.png','Cottage cheese ball in veg gravy and Indian spices','2023-10-20 14:59:03.097599','2023-10-20 14:59:03.097664',4,15,NULL,'Veg',35),
(683,'Swan Special Kofta Curry','foods/items/swan_special_kofta_curry.png','Vegetable cocktail, ball in spicy , salted and sweet gravy','2023-10-20 15:06:58.708406','2023-10-20 15:06:58.708472',4,15,NULL,'Veg',35),
(684,'Mushroom Mirch Masala','foods/items/Mushroom_Mirch_Masala.png','Button Mushroom green chilli and bell peppers','2023-10-20 15:09:49.638370','2023-10-20 15:09:49.638438',4,15,NULL,'Veg',35),
(685,'Shubnam Curry','foods/items/Shubnam_Curry.png','Mushroom green peas Indian herbs and combination of gravy','2023-10-20 15:13:35.056376','2023-10-20 15:13:35.056443',4,15,NULL,'Veg',35),
(686,'SUBZ-E-BAHAR','foods/items/SUBZ-E-BAHAR.png','Combination of vegetables Indian herbs and spicy spinach','2023-10-20 15:16:32.406402','2023-10-20 15:16:32.406464',4,15,NULL,'Veg',35),
(687,'Russian Salad','foods/items/russian_salad.png','Veg.  combination with cream mayonnaise','2023-10-20 16:03:49.000467','2023-10-20 16:03:49.000500',4,15,NULL,'Veg',36),
(688,'Spicy Aloo Chat','foods/items/spicy_aloo_chat.png','Spiced cubes of potato, onion, tomato and Indian spice','2023-10-20 16:07:26.418220','2023-10-20 16:07:26.418286',4,15,NULL,'Veg',36),
(689,'Cheese & Pineapple salad','foods/items/pineapple_V1wUDEL.png','Cheese cubes pineapple honey vinegar dressing','2023-10-20 16:11:17.741618','2023-10-20 16:11:17.741683',4,15,NULL,'Veg',36),
(690,'Green Salad','foods/items/green_salad_YUowjfi.png','Combination of onion, carrot ,cucumber radish & tomato','2023-10-20 16:15:01.379090','2023-10-20 16:15:01.379154',4,15,NULL,'Veg',36),
(691,'Choice of Raita','foods/items/choice_of_raita.png','Mix vegetable/ aloo mint/ pineapple /boondi raita','2023-10-20 16:18:44.858373','2023-10-20 16:18:44.858437',4,15,NULL,'Veg',36),
(692,'Paneer Pakora','foods/items/paneer_Pakora.png','Paneer Pakora','2023-10-20 16:38:50.708804','2023-10-20 16:38:50.708868',4,15,NULL,'Veg',37),
(693,'Vegetable Pakora','foods/items/vegetable_pakora.png','Vegetable Pakora','2023-10-20 16:40:38.840063','2023-10-20 16:40:38.840128',4,15,NULL,'Veg',37),
(694,'Veg. Grilled Sandwich','foods/items/veg_grilled_sandwich.png','Veg. Grilled Sandwich','2023-10-20 16:42:36.220506','2023-10-20 16:42:36.220572',4,15,NULL,'Veg',37),
(695,'Grilled Cheese Sandwich','foods/items/cheese_grilled_sandwich.png','Grilled Cheese Sandwich','2023-10-20 16:44:36.500265','2023-10-20 16:44:36.500331',4,15,NULL,'Veg',37),
(696,'Grilled Chicken  Sandwich','foods/items/grilled_chicken_sandwich.png','Chicken with mayonnaise , pepper, french fries (plain /grilled)','2023-10-20 16:49:27.813162','2023-10-20 16:49:27.813230',4,15,NULL,'Veg',37),
(697,'Hot Gulab Jamun','foods/items/hot_gulab_jamun.png','Hot Gulab Jamun','2023-10-20 16:52:51.153132','2023-10-20 16:52:51.153198',4,15,NULL,'Veg',38),
(698,'Choice of icecream','foods/items/choice_of_ice_cream.png','Butter scotch / vanilla/ strawberry/ chocolate','2023-10-20 16:56:45.937305','2023-10-20 16:56:45.937371',4,15,NULL,'Veg',38),
(699,'Tutti Fruitti','foods/items/tutti_fruitti.png','Tutti Fruitti','2023-10-20 17:01:05.049744','2023-10-20 17:01:05.049810',4,15,NULL,'Veg',38),
(700,'Fruit Cream','foods/items/fruit_cream.png','Seasonal fruits with sweet ice cream','2023-10-20 17:04:28.420125','2023-10-20 17:04:28.420193',4,15,NULL,'Veg',38),
(701,'Seasonal Halwa','foods/items/seasonal_halwa.png','Seasonal Halwa','2023-10-20 17:06:52.176345','2023-10-20 17:06:52.176412',4,15,NULL,'Veg',38),
(702,'Fried ice cream','foods/items/Fried_ice_cream.png','Fried ice cream','2023-10-20 17:09:02.626920','2023-10-20 17:09:02.626987',4,15,NULL,'Veg',38),
(703,'Roasted Almond Ice Cream','foods/items/roasted_almond_ice_cream.png','(home made style)','2023-10-20 17:12:04.833692','2023-10-20 17:12:04.833761',4,15,NULL,'Veg',38),
(704,'Panne  Arrabita Pasta','foods/items/Penne_Arrabiata_Pasta.png','Pasta with basil, tomatoes and garlic with garlic bread','2023-10-21 14:00:18.006308','2023-10-21 14:00:18.006374',4,15,NULL,'Veg',39),
(705,'Panne Arrabita Pasta','foods/items/Penne_Arrabiata_Pasta_chicken.png','Pasta with basil, tomatoes and garlic with garlic bread/ chicken','2023-10-21 14:21:38.242740','2023-10-21 14:21:38.242771',4,20,NULL,'Non Veg',39),
(706,'Chicken In Hot Garlic Souce','foods/items/Chicken_In_Hot_Garlic_Souce.png','Butter fried crispy chicken in garlic chilli sauce','2023-10-21 14:26:38.603319','2023-10-21 14:26:38.603386',4,15,NULL,'Non Veg',39),
(707,'Chilli Paneer Gravy','foods/items/chilli_cheese_gravy_qvB4ZDv.png','Crispy fried cheese with onion , capsicum in soya chilli sauce','2023-10-21 14:32:03.688306','2023-10-21 14:32:03.688396',4,15,NULL,'Veg',39),
(708,'Veg Manchurian Gravy','foods/items/veg_manchurian_gravy_oo6bXGN.png','Oriental vegetable balls in soya chilli sauce','2023-10-21 14:37:02.838609','2023-10-21 14:37:02.838673',4,15,NULL,'Veg',39),
(709,'Veg Hakka Noodles','foods/items/veg_hakka_noodles.png','Noodles , vegetables, black pepper salt','2023-10-21 14:40:54.848125','2023-10-21 14:40:54.848189',4,15,NULL,'Veg',39),
(710,'Veg Hakka Noodles','foods/items/veg_hakka_noodles_chicken.png','Noodles , vegetables ,black pepper salt','2023-10-21 14:44:07.559116','2023-10-21 14:44:07.559181',4,15,NULL,'Non Veg',39),
(711,'Chilli Garlic Noodles','foods/items/Chilli_Garlic_Noodles.png','Noodles, vegetables in garlic and chilli','2023-10-21 14:49:02.149739','2023-10-21 14:49:02.149806',4,15,NULL,'Veg',39),
(712,'Chilli Garlic Noodles','foods/items/Chilli_Garlic_Noodles_chicken_rcLahPU.png','Noodles , vegetables in garlic chilli','2023-10-21 14:52:43.673124','2023-10-21 14:52:43.673161',4,15,NULL,'Non Veg',39),
(713,'Vegetable Choupsey','foods/items/Vegetable_Choupsey.png','Crispy noodle with sweet and sour gravy','2023-10-21 14:56:49.659059','2023-10-21 14:56:49.659126',4,15,NULL,'Veg',39),
(714,'American Choupsey','foods/items/American__Choupsey.png','Chicken, fish, mutton, bell pepper, onion  in sweet & sour sauce','2023-10-21 15:01:42.947838','2023-10-21 15:01:42.947904',4,20,NULL,'Non Veg',39),
(715,'Baileys','foods/items/2000012_9_otrnv15zpvwzbynx.jpg','','2023-10-26 19:55:50.540088','2023-10-26 19:55:50.540152',2,1,37,'None',4),
(716,'Oaksmith Gold','foods/items/download_2.jpg','','2023-10-26 19:57:08.783015','2023-10-26 19:57:08.783082',2,1,25,'None',4),
(717,'Tawa Parantha','foods/items/aloo-paratha-1.jpg','Soft paneer/ aloo parantha served with curd','2023-10-26 20:27:49.886275','2023-10-26 20:44:17.629709',2,1,43,'None',2),
(718,'Sooji Halwa','foods/items/download_6.jpg','Sooji cooked with ghee and sugar - super healthy and tasty','2023-10-26 20:29:31.886486','2023-10-26 20:44:02.882133',2,1,43,'Veg',2),
(719,'Fruit Mash','foods/items/Mashed-Fruit.jpg','choice of apple puree / banana mash freshly prepared ideal for infants','2023-10-26 20:45:58.094949','2023-10-26 20:45:58.095013',2,1,43,'None',2),
(720,'Porridge','foods/items/spoon-held-over-bowl-of-cooked-oats-porridge.webp','easy on the tummy, salted / sweet porridge for kids','2023-10-26 20:47:39.509624','2023-10-26 20:47:39.509690',2,1,43,'None',2),
(721,'Buttered Potato Mash','foods/items/mashed-potatoes-1-7.jpg','Tender mashed potato recipe is made with potatoes, milk, butter salt and pepper - suitable for infants','2023-10-26 20:50:12.330346','2023-10-26 20:50:12.330409',2,1,NULL,'Veg',2),
(722,'Continental Breakfast','foods/items/continental_brkfast.png','Glass of juice, toasts, preserves, tea / coffee','2023-10-30 11:15:07.865554','2023-10-30 11:15:07.865619',5,15,44,'Veg',40),
(723,'Executive Breakfast','foods/items/executive_breakfast.png','Eggs to order, glass of juice, toasts, preserves,\r\ntea/ coffee','2023-10-30 14:45:26.825083','2023-10-30 16:52:18.215326',5,15,44,'Non Veg',40),
(724,'American Breakfast','foods/items/American_Breakfast.png','Eggs to order, grilled tomato, hash brown, sausage, cereal with milk, juice, toasts, preserves, served with tea/coffee','2023-10-30 15:56:34.167431','2023-10-30 16:52:27.326655',5,15,44,'Non Veg',40),
(725,'Only Eggs','foods/items/only_eggs_5at82DV.png','Boiled eggs/ Sunny side up / Double fried egg/\r\nScrambled eggs/ Omelettes (Plain / Cheese/\r\nMasala / Mushroom / Onion & Tomato)','2023-10-30 17:01:48.273134','2023-10-30 17:01:48.273202',5,15,45,'Non Veg',40),
(726,'Eggs with sides','foods/items/eggs_with_sides.png','Eggs to order served with sausages, grilled\r\ntomato and hash brown potatoes','2023-10-30 17:04:34.212514','2023-10-30 17:04:34.212583',5,15,45,'Non Veg',40),
(727,'Chicken Franks','foods/items/Chicken_Franks_HR65Ah8.png','Chicken sausages served with grilled\r\ntomato and hash brown potato','2023-10-30 17:07:04.249525','2023-10-30 17:07:04.249592',5,15,45,'Non Veg',40),
(728,'Toasts','foods/items/toast2_6Fzcn44.png','Served with jam and preserves','2023-10-30 17:24:08.873563','2023-10-30 17:24:19.171456',5,15,46,'Veg',40),
(729,'Fresh Fruit Platter','foods/items/Fresh_Fruit_Platter.png','Fruits of the season cut and served fresh\r\nA healthy start to the day','2023-10-30 17:26:21.620784','2023-12-08 15:48:39.003640',5,14,46,'Veg',40),
(730,'Pancakes / Waffles','foods/items/Pancakes_Waffles.png','Served with Maple syrup/ honey','2023-10-30 17:44:42.113157','2023-11-28 15:45:50.490962',5,14,46,'Non Veg',40),
(731,'French Fries or Masala Fries','foods/items/finger_chips_jGfpSU5.png','The finger food loved by kids and adults alike','2023-10-31 15:24:46.193733','2023-10-31 15:24:46.193761',5,15,NULL,'Veg',41),
(732,'Veggie Fingers','foods/items/vaggies_finger.png','Crispy flavourful fingers packed with veggies','2023-10-31 15:30:27.110051','2023-10-31 15:30:27.110116',5,15,NULL,'Veg',41),
(733,'Corn Cheese Nuggets','foods/items/Corn_Cheese_Nuggets_QyND6jM.png','Golden brown crisp nuggets with corn &\r\ncheese that\'ll melt in your mouth','2023-10-31 15:36:13.055611','2023-10-31 15:36:13.055677',5,15,NULL,'Veg',41),
(734,'Vegetable Sandwich','foods/items/Vegetable_Sandwich.png','Ideal for any time of the day, anywhere in the\r\nworld, the classic vegetable sandwich','2023-10-31 15:38:34.414201','2023-10-31 15:38:34.414230',5,15,NULL,'Veg',41),
(735,'Chicken Sandwich','foods/items/chicken_sandwich_7hDMpxJ.png','Classic sandwich perfect for any time of the day\r\n- mayonnaise and shredded chicken','2023-11-01 12:28:37.695731','2023-11-01 12:28:37.695796',5,15,NULL,'Non Veg',41),
(736,'Hotspot Chicken Pizza','foods/items/HOTSPOT_CHICKEN_PIZZA_lCjfKeN.png','*Pizza topped with spicy grilled chicken and mozarella','2023-11-01 12:30:32.380582','2023-11-01 12:30:32.380649',5,15,NULL,'Non Veg',41),
(737,'Meat Lovers Pizza','foods/items/MEAT_LOVERS_PIZZA_SsvK0C8.png','*Ideal for meat eaters - topped with chicken\r\nsausages and pork pepperoni','2023-11-01 12:36:35.500747','2023-11-01 12:36:35.500813',5,15,NULL,'Non Veg',41),
(738,'Chicken Tikka Pizza','foods/items/CHICKEN_TIKKA_PIZZA_q3Ranbw.png','*The perfect blend of desi spices, chicken\r\ntikka chunks and Italian herbs','2023-11-01 12:39:22.924716','2023-11-01 12:39:22.924780',5,15,NULL,'Non Veg',41),
(739,'Garden Fresh Salad','foods/items/Garden_Fresh_Salad_1_tMpJMxG.jpg','Freshly cut cucumber, carrots, radish, onions\r\nand tomatoes. A riot of colours. Good with every\r\nmeal','2023-11-01 12:45:33.598585','2023-11-01 12:49:08.315619',5,15,47,'Veg',42),
(740,'Pineapple Corn Salad','foods/items/Pineapple_Corn_Salad.png','Our take on the all time favourite Indian\r\nKachumber salad with juicy pineapple','2023-11-01 12:48:58.527666','2023-11-01 12:48:58.527731',5,15,47,'Veg',42),
(741,'Tamatar Dhania ka Shorba','foods/items/Tamatar_Dhania_ka_Shorba.png','A mildly spiced tomato broth flavoured with\r\nfresh coriander','2023-11-01 12:51:16.151603','2023-11-01 12:51:16.151670',5,15,48,'Veg',42),
(742,'Murgh Badami Shorba','foods/items/Murgh_Badami_Shorba.png','Flavourful chicken broth enriched with almonds','2023-11-01 12:53:18.799965','2023-11-01 12:53:18.799993',5,15,48,'Non Veg',42),
(743,'Veg Seekh Kebab','foods/items/veg_kabab_Ks7Sy2w.png','Mashed medley of vegetables flavoured with\r\nIndian spices cooked in a traditional clay oven','2023-11-01 12:55:34.090102','2023-11-01 12:55:34.090169',5,15,49,'Veg',42),
(744,'Paneer Tikka','foods/items/Paneer_Tikka_2_CxEOBg6.jpg','Choice of Paneer Tikka / Achari paneer tikka\r\n/ Haryali Paneer tikka, cooked to perfection','2023-11-01 12:56:28.943904','2023-11-01 12:56:28.943972',5,15,49,'Veg',42),
(745,'Tandoori Mushroom','foods/items/Tandoori_Mushroom.png','Farm fresh mushrooms marinated in Indian\r\nspices and cooked in a traditional clay oven','2023-11-01 13:00:08.015195','2023-11-01 13:00:08.015261',5,15,49,'Veg',42),
(746,'Chicken Tikka','foods/items/Chicken_Tikka.png','Tandoor roasted chicken morsels marinated with\r\nbrown onion and Indian spices','2023-11-02 16:25:32.237759','2023-11-02 16:25:32.237826',5,15,50,'Non Veg',42),
(747,'Murgh Malai Tikka','foods/items/Murgh_Malai_Tikka.png','Creamy marinated pieces of boneless chicken\r\ncooked in a traditional clay oven','2023-11-02 16:29:24.180323','2023-11-02 16:29:24.180390',5,15,50,'Non Veg',42),
(748,'Tandoori Tangri Kebab','foods/items/Tandoori_Tangri_Kebab.png','Chicken drumsticks marinated with Indian\r\nspices and cooked in a traditional clay oven','2023-11-02 16:33:27.230684','2023-11-02 16:33:27.230748',5,15,50,'Non Veg',42),
(749,'Paneer Makhani','foods/items/Paneer_Makhani.png','Cottage cheese cooked in tomato cashewnut gravy','2023-11-02 16:38:19.163058','2023-11-02 16:38:19.163122',5,15,51,'Veg',42),
(750,'Paneer Khatta Pyaaz','foods/items/Paneer_Khatta_Pyaaz.png','Cottage cheese cooked along wth pickled onions\r\nand Indian masalas','2023-11-02 16:40:32.150090','2023-11-02 16:40:32.150155',5,15,51,'Veg',42),
(751,'Shahi Paneer','foods/items/Shahi_Paneerr.png','Chunks of cottage cheese cooked in creamy gravy','2023-11-02 16:42:28.571525','2023-11-02 16:42:28.571591',5,15,51,'Veg',42),
(752,'Kadhai Paneer','foods/items/Kadhai_Paneer.png','Cottage cheese , tomato, onion, capsicum cooked\r\nwith Indian spices','2023-11-02 16:46:22.113953','2023-11-02 16:46:22.114024',5,15,51,'Veg',42),
(753,'Palak Paneer','foods/items/palak_paneer_DOzpEff.png','Cubes of cottage cheese cooked in cream & spinach','2023-11-02 16:49:03.073658','2023-11-02 16:49:03.073726',5,15,51,'Veg',42),
(754,'Chicken Chettinad','foods/items/Chicken_Chettinad_cC9KBnJ.png','Chicken cooked in a fiery South Indian Masala','2023-11-02 17:04:36.708389','2023-11-02 17:04:36.708419',5,15,52,'Non Veg',42),
(755,'Murgh Bemisaal','foods/items/Murgh_Bemisaal_F5klOsj.png','Chicken tikka cooked in a rich tomato gravy\r\ntopped with cream','2023-11-02 17:06:48.569224','2023-11-02 17:06:48.569312',5,15,52,'Non Veg',42),
(756,'Kadhai Chicken','foods/items/Kadhai_Chicken.png','Chicken cooked with traditional Indian\r\nherbs & spices','2023-11-02 17:12:30.648380','2023-11-02 17:12:30.648446',5,15,52,'Non Veg',42),
(757,'Butter Chicken','foods/items/Butter_Chicken.png','Tandoori chicken simmered in rich tomato\r\nbutter gravy','2023-11-02 17:14:35.226637','2023-11-02 17:14:35.226700',5,15,52,'Non Veg',42),
(758,'Chicken Ghee Roast','foods/items/Chicken_Ghee_Roast.png','South Indian chicken cooked with cashew\r\nnuts & chillies','2023-11-02 17:16:33.188002','2023-11-02 17:16:33.188069',5,15,52,'Non Veg',42),
(759,'Penang Curry Vegetarian','foods/items/Penang_Curry_Vegetarian_fS3I2ym.png','A traditional malaysian herbs & spices\r\ncoconut curry','2023-11-02 17:21:02.621465','2023-11-02 17:21:02.621535',5,15,53,'Veg',43),
(760,'Penang Curry Non Veg','foods/items/Penang_Curry_Vegetarian_non_veg_j7RKGaT.png','Traditional malaysian herbs & spices\r\ncoconut curry  /chicken','2023-11-02 17:23:57.263897','2023-11-02 17:23:57.263951',5,15,53,'Non Veg',43),
(761,'Thai Green Curry Veg','foods/items/Thai_Green_Curry_Veg._6ECCdPz.png','Green Thai curry with oriental vegetables','2023-11-02 17:25:24.316750','2023-11-02 17:25:24.316816',5,15,53,'Veg',43),
(762,'Hakka Noodles','foods/items/hakka_noodles_veg_J41uEk9.png','veg','2023-11-02 17:34:42.096266','2023-11-02 17:34:42.096332',5,15,54,'Veg',43),
(763,'Chilli Garlic Noodles','foods/items/Chilli_Garlic_Noodles_veg_XLMntSV.png','veg','2023-11-02 17:36:03.256036','2023-11-02 17:36:22.918634',5,15,54,'Veg',43),
(764,'Pad Thai Noodles','foods/items/Pad_Thai_Noodles_veg_z0omTj1.png','veg','2023-11-02 17:37:29.489842','2023-11-02 17:37:29.489910',5,15,54,'Veg',43),
(765,'CHICKEN MEATBALL PASTA','foods/items/CHICKEN_MEATBALL_PASTA_m85mki2.png','succulent chicken mince balls with spaghetti\r\nserved in an authentic tomato basil sauce','2023-11-02 17:41:09.771402','2023-11-02 17:41:09.771469',5,15,55,'Non Veg',44),
(766,'PENNE WITH MUSHROOMS','foods/items/penne_with_mushrooms_hwmUO2I.png','penne with mushrooms in choice of sauce:\r\ncheese / tomato basil/ mix / pesto sauce','2023-11-02 17:43:09.556637','2023-11-04 12:13:03.321791',5,15,55,'Veg',44),
(767,'PENNE WITH CHICKEN','foods/items/PENNE_WITH_CHICKEN_QLF64Iw.png','penne with chicken in choice of sauce:\r\ncheese/ tomato basil / mix / pesto sauce','2023-11-02 17:46:22.116979','2023-11-02 17:46:22.117043',5,15,55,'Non Veg',44),
(768,'BROCCOLI MUSHROOM RISOTTO','foods/items/BROCCOLI_MUSHROOM_RISOTTO_6oLDkXJ.png','cheesy creamy arborio rice with broccolli and\r\nmushroom - Italian comfort food','2023-11-02 17:47:36.110185','2023-11-02 17:47:36.110252',5,15,55,'Veg',44),
(769,'Hotspot Chicken Pizza','foods/items/HOTSPOT_CHICKEN_PIZZA_N007fAk.png','pizza topped with spicy chicken & mozzarella','2023-11-02 17:49:23.596272','2023-11-02 17:49:23.596340',5,15,56,'Non Veg',44),
(770,'MEAT LOVERS PIZZA','foods/items/MEAT_LOVERS_PIZZA_ga1Iw5r.png','ideal for meat eaters - topped with chicken\r\nsausages and pork pepperoni','2023-11-04 12:07:14.313100','2023-11-04 12:07:14.313165',5,15,56,'Non Veg',44),
(771,'MAMA\'S MARGHERITA','foods/items/MAMAS_MARGHERITA_eccSrId.png','classic 12\" thin crust pizza with tomato basil\r\nconcasse, mozzarella and fresh basil','2023-11-04 12:08:08.068639','2023-11-04 12:08:26.503153',5,15,56,'Veg',44),
(772,'FARMVILLE PIZZA','foods/items/FARMVILLE_PIZZA_wo7JSKL.png','pizza topped with exotic farm fresh veggies -\r\nbroccoli, bell peppers & zucchin','2023-11-04 12:10:02.605610','2023-11-04 12:10:02.605675',5,15,56,'Veg',44),
(773,'PERI PERI PANEER PIZZA','foods/items/PERI_PERI_PANEER_PIZZA_VOGnNjC.png','one for paneer lovers - hot and spicy peppy\r\npaneer','2023-11-04 12:16:14.797776','2023-11-04 12:16:14.797843',5,15,56,'Veg',44),
(774,'ULTIMATE CHICKEN BURGER','foods/items/ULTIMATE_CHICKEN_BURGER_b2eYzFs.png','the much loved classic - soft buns, succulent\r\nand juicy chicken patty and the perfect sauce','2023-11-04 12:17:26.659037','2023-11-04 12:20:43.027738',5,15,57,'Non Veg',44),
(775,'DOUBLE DECKER VEGGIE BURGER','foods/items/DOUBLE_DECKER_VEGGIE_BURGER_ghVSGY7.png','king of all burgers with two scrumptous veggie\r\npatties to satisfy those burger cravings','2023-11-04 12:18:56.017067','2023-11-04 12:18:56.017133',5,15,57,'Veg',44),
(776,'MOLTEN CHEESE MUTTON BURGER','foods/items/MOLTEN_CHEESE_MUTTON_BURGER_PMRoZh3.png','fat, juicy burger patties with melted cheese, with\r\nfresh lettuce, tomato and dollops of mayo!','2023-11-04 12:20:14.701217','2023-11-04 12:20:30.536084',5,15,57,'Non Veg',44),
(777,'Tiramisu','foods/items/tiramisu.png','A classic from Italy, mascarpone cheese,\r\negg & finger biscuits soaked in kahlua &\r\nlayered','2023-11-04 12:23:18.664014','2023-11-04 12:23:18.664079',5,15,NULL,'Non Veg',45),
(778,'Chocolate Mousse','foods/items/Chocolate_Mousse_R6RU4if.png','Creamy Thick chocolate delight - heaven\r\nfor\r\nchocolate lover','2023-11-04 12:25:37.610741','2023-11-04 12:25:37.610806',5,15,NULL,'Non Veg',45),
(779,'Banana Split','foods/items/Banana_Split_65dDUca.png','An all American dessert: banana with three flavours of ice cream','2023-11-04 12:28:36.190185','2023-11-04 12:28:36.190228',5,15,NULL,'Veg',45),
(780,'Fruit Sundae','foods/items/Fruit_Sundae_VJtdluJ.png','A deadly combination of fruits, ice cream, syrups\r\nand sauces','2023-11-04 12:42:36.021101','2023-11-04 12:42:36.021166',5,15,NULL,'Veg',45),
(781,'Ice cream of your choice','foods/items/Ice_cream_of_your_choice_5Q4oX6w.png','Three scoops of ice cream','2023-11-04 12:45:46.478147','2023-11-04 12:45:46.478213',5,15,NULL,'Veg',45),
(782,'Milk Shakes','foods/items/Milk_Shakes.png','Vanilla / strawberry / banana/\r\nchocolate / mango (Seasonal)','2023-11-04 12:48:42.621655','2023-11-04 12:48:42.621718',5,15,NULL,'None',46),
(783,'Tea & Coffee','foods/items/tea_and_coffee_odM5wbR.png','Separate / readymade\r\n/ masala / coffee','2023-11-04 12:50:40.506730','2023-11-04 12:50:40.506796',5,15,NULL,'None',46),
(784,'Cold Coffee','foods/items/cold_coffee_q0W5RHn.png','with or without ice cream','2023-11-04 12:51:51.948802','2023-11-04 12:51:51.948868',5,15,NULL,'None',46),
(785,'Mocha','foods/items/Mocha.png','Mocha','2023-11-04 12:55:07.458394','2023-11-04 12:55:07.458460',5,15,NULL,'None',46),
(786,'Latte','foods/items/latte_6qf8VE8.png','Latte','2023-11-04 13:43:03.714510','2023-11-04 13:43:03.714576',5,15,NULL,'None',46),
(787,'Craft beer','foods/items/craft_beer.png','HANDCRAFTED BEERS BREWED IN-HOUSE AT OUR OWN SHIMLA\r\nBREWING COMPANY WITH AUTHENTIC BELGIAN MALTS, AMERICAN\r\nHOPS & LOCALLY SOURCED INGREDIENTS. RECIPES DESIGNED BY OUR\r\nMASTER BREWER ISHAN GROVER, INSPIRED BY SHIMLA & SERVED WITH\r\nWARM HIMACHALI HOSPITALITY.','2023-11-06 17:46:09.169494','2023-11-06 17:46:09.169561',5,20,58,'None',47),
(788,'The Blonde Queen (Strong Ale)','foods/items/The_Blonde_Queen.png','A BLONDE, COMPLEX, EFFERVESCENT AND STRONG BELGIAN STYLE\r\nALE THAT IS A PERFECT MARRIAGE OF FRUITY, SPICY AND ALCOHOL\r\nFLAVOURS SUPPORTED BY SOFT MALT CHARACTER. ABV: 6.5%','2023-11-07 16:31:26.392376','2023-11-07 16:31:26.392444',5,15,58,'None',47),
(789,'Shimla In Cider  ( Apple Cider )','foods/items/Shimla_In_Cider__Apple_Cider_.png','REFRESHING AND SLIGHTLY SWEET ALCOHOLIC BEVERAGE MADE\r\nUSING CRISP APPLES FRESHLY PICKED FROM ORCHARDS OF\r\nHIMACHAL. ABV: 4-4.5%','2023-11-07 16:37:40.186061','2023-11-07 16:37:40.186125',5,15,58,'None',47),
(790,'J&B RARE','foods/items/JB_RARE_szFMldT.png','J&B RARE','2023-11-07 16:41:24.639686','2023-11-07 16:41:24.639753',5,15,59,'None',47),
(791,'JOHNNIE WALKER BLACK LABEL','foods/items/JOHNNIE_WALKER_BLACK_LABEL_B4O2HXv.png','JOHNNIE WALKER BLACK LABEL','2023-11-07 16:43:22.248063','2023-11-07 16:43:22.248127',5,15,59,'None',47),
(792,'CHIVAS 18','foods/items/CHIVAS_18_b108EpZ.png','CHIVAS 18','2023-11-07 16:44:52.758588','2023-11-07 16:44:52.758617',5,15,59,'None',47),
(793,'TALISKER 10 YEARS','foods/items/TALISKER_10_YEARS_tJnCK8O.png','TALISKER 10 YEARS','2023-11-07 16:47:01.317405','2023-11-07 16:47:01.317471',5,15,60,'None',47),
(794,'THE GLENLIVET 15 YEARS','foods/items/THE_GLENLIVET_15_YEARS_jOBFoux.png','THE GLENLIVET 15 YEARS','2023-11-07 16:50:09.657483','2023-11-07 16:50:09.657549',5,15,60,'None',47),
(795,'Indri Whiskey','foods/items/indri_whiskey.png','Indri Whiskey','2023-11-07 16:58:15.152107','2023-11-08 13:22:41.114678',5,49,59,'None',47),
(796,'TEACHERS 50','foods/items/teachers_50.png','TEACHERS 50','2023-11-07 17:18:30.725286','2023-11-07 17:18:30.725352',5,15,63,'None',47),
(797,'100 PIPERS 12 YEARS','foods/items/100_PIPERS_12_YEARS_4scdyE3.png','100 PIPERS 12 YEARS','2023-11-07 17:20:53.563661','2023-11-07 17:20:53.563728',5,15,63,'None',47),
(798,'BLACK DOG 12 YEARS','foods/items/BLACK_DOG_12_YEARS_QRqAyvy.png','BLACK DOG 12 YEARS','2023-11-07 17:22:48.702144','2023-11-07 17:22:48.702211',5,15,63,'None',47),
(799,'SMIRNOFF','foods/items/SMIRNOFF_HSMBRC9.png','SMIRNOFF','2023-11-07 17:28:15.914961','2023-11-07 17:28:15.915029',5,15,64,'None',47),
(800,'GREY GOOSE','foods/items/grey_goose2.png','GREY GOOSE','2023-11-07 17:33:18.881564','2023-11-07 17:33:18.881631',5,15,64,'None',47),
(801,'Vermouth','foods/items/vermouth.png','Vermouth','2023-11-07 17:37:55.946275','2023-11-07 17:37:55.946341',5,15,65,'None',47),
(802,'American Breakfast','foods/items/American_Breakfast_AT5HLpC.png','','2023-11-09 17:28:15.672839','2023-11-09 17:28:15.672903',4,15,66,'Non Veg',48),
(803,'Indian Breakfast','foods/items/indian_breakfast.png','','2023-11-09 17:29:53.010903','2023-11-09 17:29:53.010967',4,15,67,'Veg',48),
(804,'Jack Daniel','foods/items/jack_daniels_vJIDIZd.png','Jack daniel','2023-11-24 16:00:27.728750','2023-11-24 16:00:27.728780',4,15,68,'None',49),
(805,'Jim Beam','foods/items/jim_beam.png','Jim Beam','2023-11-24 16:03:50.197536','2023-11-24 16:03:50.197601',4,15,68,'None',49),
(806,'JW Black Label','foods/items/JW_Black_Label.png','JW Black Label','2023-11-24 16:07:23.137757','2023-11-24 16:12:27.062050',4,15,69,'None',49),
(807,'JW Red Label','foods/items/JW_Red_Label.png','JW Red Label','2023-11-24 16:09:50.030057','2023-11-24 16:09:50.030087',4,20,69,'None',49),
(808,'Chivas regal 12','foods/items/Chivas_regal_12.png','Chivas regal 12','2023-11-24 16:15:05.672471','2023-11-24 16:15:05.672538',4,15,69,'None',49),
(809,'Glenfiddich (12 years)','foods/items/glenfiddich_12_years.png','Glenfiddich (12 years)','2023-11-24 16:18:59.121458','2023-11-24 16:18:59.121523',4,15,70,'None',49),
(810,'Glenlivet 12','foods/items/glenlivet_12.png','Glenlivet 12','2023-11-24 16:25:47.056012','2023-11-24 16:28:19.348529',4,15,70,'None',49),
(811,'Teachers50(12 years)','foods/items/teachers5012_years.png','Teachers50(12 years)','2023-11-24 16:44:56.724026','2023-11-24 16:44:56.724090',4,15,71,'None',49),
(812,'Teachers high land cream','foods/items/Teachers_highland_cream.png','Teachers high land cream','2023-11-24 17:02:25.429113','2023-11-24 17:03:03.876885',4,15,71,'None',49),
(813,'100 pipers (8 years)','foods/items/100_pipers_8_years.png','100 pipers (8 years)','2023-11-24 17:06:48.982737','2023-11-24 17:06:48.982766',4,15,71,'None',49),
(814,'100 pipers (12 years)','foods/items/100_pipers_12_years.png','100 pipers (12 years)','2023-11-24 17:13:28.779333','2023-11-24 17:13:28.779361',4,15,71,'None',49),
(815,'Black dog (8 years)','foods/items/black_dog_8_years.png','Black dog (8 years)','2023-11-24 17:28:03.050010','2023-11-24 17:32:07.194131',4,15,71,'None',49),
(816,'Black dog (12 years)','foods/items/black_dog_12_years.png','black dog 12 years','2023-11-24 17:30:05.619949','2023-11-24 17:30:05.620015',4,15,71,'None',49),
(817,'Vat 69','foods/items/Vat_69.png','Vat 69','2023-11-24 17:31:51.047797','2023-11-24 17:31:51.047863',4,15,71,'None',49),
(818,'Black & White','foods/items/Black_white123.png','Black & White','2023-11-24 17:37:04.418720','2023-11-24 17:37:04.418787',4,15,71,'None',49),
(819,'Grey goose','foods/items/grey_goose.png','grey goose','2023-11-24 17:39:51.967047','2023-11-24 17:39:51.967113',4,15,72,'None',49),
(820,'Absolut','foods/items/absolut.png','Absolut','2023-11-25 12:13:16.229326','2023-11-25 12:13:16.229390',4,15,72,'None',49),
(821,'Smirnoff','foods/items/Smirnoff.png','Smirnoff','2023-11-25 12:18:12.932847','2023-11-25 12:18:12.932912',4,15,72,'None',49),
(822,'Magic moments','foods/items/magic_moments.png','Magic moments','2023-11-25 12:22:55.124823','2023-11-25 12:22:55.124886',4,15,72,'None',49),
(823,'Fuel','foods/items/fuel_vodka.png','Fuel','2023-11-25 12:32:57.077149','2023-11-25 12:32:57.077214',4,15,72,'None',49),
(824,'Bombay sapphire','foods/items/Bombay_sapphire.png','Bombay sapphire','2023-11-25 12:35:31.452424','2023-11-25 12:35:31.452450',4,15,73,'None',49),
(825,'Be feater','foods/items/Bee_feater.png','Be feater','2023-11-25 12:41:28.000130','2023-11-25 12:41:28.000197',4,15,73,'None',49),
(826,'Gordons','foods/items/gordons.png','Gordons','2023-11-25 12:52:07.424676','2023-11-25 12:52:07.424742',4,15,73,'None',49),
(827,'Barcadi','foods/items/barcadi.png','barcadi','2023-11-25 13:47:21.067721','2023-11-25 13:47:21.067788',4,15,74,'None',49),
(828,'Old monk (reserve)','foods/items/old_monk.png','old monk','2023-11-25 13:50:01.050121','2023-11-25 13:50:01.050187',4,15,74,'None',49),
(829,'Old monk','foods/items/old_monk_JSuVaSz.png','old monk','2023-11-25 13:51:59.745384','2023-11-25 13:51:59.745449',4,15,74,'None',49),
(830,'Honey Bee','foods/items/honey_bee.png','Honey Bee','2023-11-28 11:47:19.247579','2023-11-28 11:47:19.247645',4,15,75,'None',49),
(831,'Barcadi Breezer','foods/items/barcadi_breezer.png','Orange / Cranberrry / Jamaican','2023-11-28 11:54:14.332591','2023-11-28 11:54:14.332654',4,15,76,'None',49),
(832,'Sauza gold','foods/items/sauza_gold.png','Sauza gold','2023-11-28 11:58:18.255249','2023-11-28 11:58:18.255314',4,15,77,'None',49),
(833,'Sauza Silver','foods/items/sauza_silver.png','Sauza Silver','2023-11-28 12:00:50.058097','2023-11-28 12:00:50.058163',4,15,77,'None',49),
(834,'Baileys','foods/items/baileys.png','baileys','2023-11-28 12:10:54.413391','2023-11-28 12:10:54.413456',4,15,78,'None',49),
(835,'Kahlua','foods/items/kahlua.png','Kahlua','2023-11-28 12:13:38.778489','2023-11-28 12:13:38.778553',4,15,78,'None',49),
(836,'Cointreau','foods/items/Cointreau.png','Cointreau','2023-11-28 12:21:23.406442','2023-11-28 12:21:23.406506',4,15,78,'None',49),
(837,'Peach Schnapps','foods/items/peach_schnapp.png','Peach Schnapps','2023-11-28 12:25:44.359892','2023-11-28 12:25:44.359957',4,15,78,'None',49),
(838,'Heiniken','foods/items/heiniken.png','Heiniken','2023-11-28 12:30:14.157151','2023-11-28 12:30:14.157216',4,15,79,'None',49),
(839,'Corona','foods/items/corona_beer.png','corona','2023-11-28 12:33:30.533787','2023-11-28 12:33:30.533853',4,15,79,'None',49),
(840,'Carlsberg Strong','foods/items/carlsberg_strong.png','carlsberg strong','2023-11-28 12:40:24.652136','2023-11-28 12:40:24.652200',4,15,80,'None',49),
(841,'Carlsberg light','foods/items/carlsberg_light.png','carlsberg light','2023-11-28 12:42:55.441431','2023-11-28 12:42:55.441472',4,15,80,'None',49),
(842,'Tuborg','foods/items/tuborg.png','Tuborg','2023-11-28 12:52:41.454845','2023-11-28 12:52:41.454909',4,15,80,'None',49),
(843,'Kingfisher Light','foods/items/kingfisher.png','kingfisher light','2023-11-28 12:56:56.688158','2023-11-28 12:56:56.688200',4,15,80,'None',49),
(844,'Kingfisher strong','foods/items/Kingfisher_strong0.png','Kingfisher strong','2023-11-28 13:03:03.072921','2023-11-28 13:03:03.072986',4,15,80,'None',49),
(845,'Kingfisher Ultra','foods/items/Kingfisher__ultra.png','Kingfisher  ultra','2023-11-28 13:05:17.588629','2023-11-28 13:05:17.588696',4,15,80,'None',49),
(846,'Foster','foods/items/foster.png','Strong /Light','2023-11-28 13:09:22.415199','2023-11-28 13:09:22.415266',4,15,80,'None',49),
(847,'Carling beer','foods/items/carling.png','Carling beer','2023-11-28 13:12:40.172972','2023-11-28 13:12:40.173037',4,15,80,'None',49),
(848,'Jacob Creek  Shiraz Cabernet - Red','foods/items/jacob_creek__shiraz_cabernet_red_wine.png','Jacob creek  shiraz cabernet red','2023-11-28 13:42:58.149075','2023-11-28 13:42:58.149141',4,15,81,'None',49),
(849,'Jacob creek Chardonnay - white','foods/items/Jacob_creek_chardonnay_white_wine.png','Jacob creek chardonnay - white','2023-11-28 13:57:35.523464','2023-11-28 13:57:35.523532',4,15,81,'None',49),
(850,'Four Seasons Shiraz','foods/items/Four_season_shiraz.png','Four season shiraz','2023-11-28 14:02:59.911203','2023-11-28 14:02:59.911269',4,15,81,'None',49),
(851,'Four Season Chenin Blane','foods/items/Four_season_Chenin_blane.png','Four Season Chenin Blane','2023-11-28 14:43:32.430457','2023-11-28 14:43:32.430522',4,15,81,'None',49),
(852,'Areated water','foods/items/Aerated_water.png','Areated water','2023-11-28 14:51:18.724556','2023-11-28 14:54:19.633897',4,15,82,'None',49),
(853,'Packaged Water Bottle','foods/items/Packaged_Bottle_water_RmBHhz7.png','Packaged Water Bottle','2023-11-28 14:55:50.846041','2023-11-28 14:55:50.846104',4,15,82,'None',49),
(854,'Diet drinks','foods/items/diet_drinks.png','Diet drinks','2023-11-28 14:58:42.710443','2023-11-28 14:58:42.710463',4,15,82,'None',49),
(855,' Butter / Margarine','foods/items/butter_7YvC50T.png',' Butter / Margarine','2023-11-28 15:32:08.872347','2023-11-28 15:32:08.872413',5,100,83,'Veg',50),
(856,' Milk','foods/items/milk_cNraMBg.png',' Milk','2023-11-28 15:35:11.357158','2023-11-28 15:35:11.357222',5,50,83,'Veg',50),
(857,' Yogurt','foods/items/yougurt.png',' Yogurt','2023-11-28 15:36:56.717757','2023-11-28 15:36:56.717820',5,50,83,'Veg',50),
(858,' Bathroom cleaner','foods/items/bathroom_cleaner.png',' Bathroom cleaner','2023-11-28 15:38:49.090737','2023-11-28 15:38:49.090803',5,20,84,'None',50),
(859,' Garbage bags','foods/items/garbage_bag.png',' Garbage bags','2023-11-28 15:40:33.901577','2023-11-28 15:40:33.901641',5,15,84,'None',50),
(860,' Cookies','foods/items/cookies_v6hpTpI.png',' Cookies','2023-11-28 15:42:16.500278','2023-11-28 15:42:16.500345',5,15,85,'Veg',50),
(861,' Dried fruit','foods/items/dried_fruit.png',' Dried fruit','2023-11-28 15:58:25.274604','2023-11-28 15:58:25.274666',5,20,85,'Veg',50),
(862,'Fresh Lime Soda','foods/items/fresh_lime_soda_0E4yY5q.png','Fresh Lime Soda','2023-11-28 17:38:49.756177','2023-11-28 17:38:49.756244',4,20,82,'None',49),
(863,'Fresh lime water','foods/items/fresh_lime_water.png','fresh lime water','2023-11-28 17:40:24.036435','2023-11-28 17:40:24.036501',4,15,82,'None',49),
(864,'Green Leaf Tea','foods/items/green_leaf_teaa.png','Green Leaf Tea','2023-11-29 10:50:09.652041','2023-11-29 10:50:09.652107',4,15,82,'None',49),
(865,'Ice Tea','foods/items/ice_teaa.png','Ice Tea','2023-11-29 10:54:14.266390','2023-11-29 10:59:17.481847',4,15,82,'None',49),
(866,'Cold Coffee','foods/items/hot_coffee_A6YPWOl.png','Cold Coffee','2023-11-29 11:05:18.971799','2023-11-29 11:05:18.971865',4,15,82,'None',49),
(867,'Cold Coffee With Ice Cream','foods/items/cold_coffee_with_ice_cream_QZkEjl2.png','Cold Coffee With Ice Cream','2023-11-29 11:08:00.897349','2023-11-29 11:08:00.897415',4,15,82,'None',49),
(868,'Choice of Canned Juice','foods/items/choice_of_canned_juice.png','Choice of Canned Juice','2023-11-29 11:10:25.757696','2023-11-29 11:10:25.757759',4,15,82,'None',49),
(869,'Choice of Shakes','foods/items/Choice_of_shakes_TqFXLXg.png','Choice of Shakes','2023-11-29 11:13:14.153494','2023-11-29 11:13:14.153556',4,15,82,'None',49),
(870,'Soda','foods/items/soda_VoN3PM0.png','Soda','2023-11-29 11:19:43.397234','2023-11-29 11:19:43.397263',4,15,82,'None',49),
(871,'Ice','foods/items/ice.png','Ice','2023-11-29 11:26:36.009353','2023-11-29 11:26:36.009385',4,15,82,'None',49),
(872,'Energy Drinks (Red Bull)','foods/items/red_bull_fUUds36.png','Energy Drinks (Red Bull)','2023-11-29 11:28:38.257114','2023-11-29 11:28:38.257180',4,20,82,'None',49),
(873,'Long Island Ice Tea','foods/items/Long_Island_Ice_Tea1.png','(Rum + Vodka + Gin+ Tequila Cointreau With Coke)','2023-11-29 12:56:01.771052','2023-11-29 13:00:19.335349',4,15,86,'None',49),
(874,'Screw Driver','foods/items/Screw_Driver.png','( Vodka, Orange Juice, Sugar & Crushed Ice)','2023-11-29 12:59:27.635867','2023-11-29 12:59:27.635932',4,30,86,'None',49),
(875,'Cosmopolitian','foods/items/Cosmopolitan.png','(Vodka Cointrea, Lime Juice, Cranberry Juice)','2023-11-29 13:03:51.780610','2023-11-29 13:03:51.780673',4,15,86,'None',49),
(876,'Sex On the beach','foods/items/sex_on_the_beach.png','(Vodka, Peach Schnapps, Lime Juice with Cranberry & Orange Juice)','2023-11-29 13:14:42.085335','2023-11-29 13:14:42.085364',4,15,86,'None',49),
(877,'Black Russian','foods/items/black_russian.png','(Vodka & Kahlua on the rocks )','2023-11-29 13:18:05.847085','2023-11-29 13:18:05.847151',4,15,86,'None',49),
(878,'Caprioska','foods/items/Caprioska.png','(Vodka, Fresh Lemon Chunks Brown Sugar Crushed Ice with Sprite)','2023-11-29 13:22:40.384811','2023-11-29 13:23:19.750563',4,15,86,'None',49),
(879,'Mojito','foods/items/Mojito.png','(White Rum, Fresh Lemon Chunks, Brown Sugar, Fresh Mint Leaf)','2023-11-29 13:25:26.096469','2023-11-29 13:25:26.096536',4,15,86,'None',49),
(880,'Pinacolada','foods/items/Pinacolada.png','(White Rum, Pineapple Juice With Coconut Milk Cream)','2023-11-29 13:29:06.472093','2023-11-29 13:29:06.472158',4,15,86,'None',49),
(881,'Bloody Marry','foods/items/Bloody_Marry.png','Vodka, Lime-Tomota  Juice, Tabasco, Worcester shire Sauce Celery Salt & Blackpepper','2023-11-29 13:30:45.369808','2023-11-29 14:22:26.315187',4,15,86,'None',49),
(882,'Margritta','foods/items/Margritta.png','(Shaken/Frozen Tequila, Cointreau, Lime Juice)','2023-11-29 13:33:20.094644','2023-11-29 13:33:20.094710',4,15,86,'None',49),
(883,'SHOOTER B52','foods/items/SHOOTER_B52.png','(Kalhua, Baileys and Cointreau)','2023-11-29 13:34:37.725774','2023-11-29 13:34:37.725838',4,30,86,'None',49),
(884,'Brain Hemorrhage','foods/items/brain_hemorrhage.png','(Peach Schnapps, Baileys With Grenadine)','2023-11-29 13:37:40.131188','2023-11-29 13:37:40.131250',4,15,86,'None',49),
(885,'Killing Me Softly','foods/items/killing_me_softly.png','Melon Syrup, Pineapple Juice With Vanilla ice Cream','2023-11-29 14:18:15.671274','2023-11-29 14:18:15.671340',4,30,87,'None',49),
(886,'Just For You','foods/items/Just_For_You.png','Banana, with Five Juice Lime Juice, Tabassco Sauce & Salt','2023-11-29 14:21:14.853738','2023-11-29 14:21:14.853804',4,15,87,'None',49),
(887,'Adam\'s Eve','foods/items/Adams_Eve.png','(Fresh Lemon Chunks, Fresh Mint, Brown Sugar, Crash Ice With Apple Juice)','2023-11-29 14:28:31.138486','2023-11-29 14:28:31.138552',4,15,87,'None',49),
(888,'Fruit Punch','foods/items/Fruit_Punch.png','(Strawberry Syrup 5 Type of Juice. Chopped Fruit with Vanilla Ice Cream )','2023-11-29 14:31:26.357295','2023-11-29 14:31:26.357360',4,15,87,'None',49),
(889,'Passion on Fire','foods/items/Passion_on_Fire.png','(Blue Curacao, Passion Fruit with Orange & Pineapple Juice)','2023-11-29 14:42:46.217729','2023-11-29 14:42:46.217795',4,15,87,'None',49),
(890,'Guava Marry','foods/items/Guava_Marry.png','(Guava Juice, Lime Juice, Tabasco, Worcester shire Sauce with salt & Pepper)','2023-11-29 14:45:44.828274','2023-11-29 14:45:44.828341',4,15,87,'None',49),
(891,'Virgin Mojito','foods/items/Virgin_Mojito.png','(Mixture of Mint Leaves, Lime Chunks, Brown Sugar, Crushed, Ice With Soda)','2023-11-29 14:47:55.998825','2023-11-29 14:47:55.998890',4,15,87,'None',49),
(892,'Summer Green','foods/items/Summer_Green.png','(Green Apple Syrup, Orange, Lime and Cranberry Juice & Crushed Ice )','2023-11-29 14:51:07.797850','2023-11-29 14:51:07.797914',4,25,87,'None',49),
(893,'Virgin Pina Colada','foods/items/Virgin_Pina_Colada.png','(Coconut Milk, Pineapple Juice & Crushed Ice)','2023-11-29 14:53:36.320112','2023-11-29 14:53:36.320175',4,25,87,'None',49);
/*!40000 ALTER TABLE `stores_item` ENABLE KEYS */;
UNLOCK TABLES;

--
-- Table structure for table `stores_item_prices`
--

DROP TABLE IF EXISTS `stores_item_prices`;
/*!40101 SET @saved_cs_client     = @@character_set_client */;
/*!40101 SET character_set_client = utf8 */;
CREATE TABLE `stores_item_prices` (
  `id` bigint(20) NOT NULL AUTO_INCREMENT,
  `item_id` bigint(20) NOT NULL,
  `price_id` bigint(20) NOT NULL,
  PRIMARY KEY (`id`),
  UNIQUE KEY `stores_item_prices_item_id_price_id_b09f8d7c_uniq` (`item_id`,`price_id`),
  KEY `stores_item_prices_price_id_9d1ed9ee_fk_stores_price_id` (`price_id`),
  CONSTRAINT `stores_item_prices_item_id_f313c0f2_fk_stores_item_id` FOREIGN KEY (`item_id`) REFERENCES `stores_item` (`id`),
  CONSTRAINT `stores_item_prices_price_id_9d1ed9ee_fk_stores_price_id` FOREIGN KEY (`price_id`) REFERENCES `stores_price` (`id`)
) ENGINE=InnoDB AUTO_INCREMENT=1095 DEFAULT CHARSET=utf8mb4 COLLATE=utf8mb4_general_ci;
/*!40101 SET character_set_client = @saved_cs_client */;

--
-- Dumping data for table `stores_item_prices`
--

LOCK TABLES `stores_item_prices` WRITE;
/*!40000 ALTER TABLE `stores_item_prices` DISABLE KEYS */;
INSERT INTO `stores_item_prices` VALUES
(1,1,1),
(2,2,2),
(3,3,3),
(4,4,4),
(5,5,5),
(6,6,6),
(7,7,7),
(8,8,8),
(9,9,9),
(10,10,10),
(11,11,11),
(12,12,12),
(13,13,13),
(14,14,14),
(15,15,15),
(16,16,16),
(17,17,17),
(18,18,18),
(19,19,19),
(20,20,20),
(21,21,21),
(22,22,22),
(23,23,23),
(24,24,24),
(25,25,25),
(26,26,26),
(27,27,27),
(28,28,28),
(29,29,29),
(30,30,30),
(31,31,31),
(32,32,32),
(33,33,33),
(34,34,34),
(35,35,35),
(36,36,36),
(37,37,37),
(38,38,38),
(39,39,41),
(40,40,42),
(41,41,43),
(42,41,45),
(43,41,46),
(44,41,47),
(45,42,48),
(46,43,49),
(47,44,50),
(48,45,51),
(49,46,52),
(50,47,53),
(51,48,54),
(52,49,55),
(54,51,57),
(55,52,58),
(56,53,59),
(57,54,60),
(58,55,61),
(59,56,62),
(60,57,63),
(61,58,64),
(62,59,65),
(63,60,66),
(64,61,67),
(65,62,68),
(66,63,69),
(67,64,70),
(68,65,71),
(69,66,72),
(70,67,73),
(71,68,74),
(72,69,75),
(73,70,76),
(74,71,77),
(75,72,78),
(77,74,80),
(78,75,81),
(79,76,82),
(80,77,83),
(81,78,84),
(82,79,85),
(83,80,86),
(84,81,87),
(85,82,88),
(86,83,89),
(87,84,90),
(88,85,91),
(89,86,92),
(90,86,93),
(91,87,94),
(92,88,95),
(93,89,96),
(94,90,97),
(95,91,98),
(96,92,99),
(97,93,100),
(98,94,101),
(99,95,102),
(100,96,103),
(101,97,104),
(102,98,105),
(103,99,106),
(104,100,107),
(105,101,108),
(106,102,109),
(107,103,110),
(108,104,111),
(109,105,112),
(110,106,113),
(111,107,114),
(112,108,115),
(113,109,116),
(114,110,117),
(115,111,118),
(116,112,119),
(117,113,120),
(118,114,121),
(119,115,122),
(120,116,123),
(121,117,124),
(122,118,125),
(123,119,126),
(124,120,127),
(125,121,128),
(126,122,129),
(127,123,130),
(128,124,131),
(129,125,132),
(130,125,133),
(131,126,134),
(132,127,135),
(133,128,136),
(134,129,137),
(135,130,138),
(136,131,139),
(137,132,140),
(138,133,141),
(139,134,142),
(140,135,143),
(141,136,145),
(142,137,146),
(143,138,147),
(144,139,148),
(145,140,149),
(146,141,150),
(147,142,151),
(148,143,152),
(149,144,153),
(150,145,154),
(151,146,155),
(152,147,156),
(153,148,157),
(154,149,158),
(155,150,159),
(156,151,160),
(157,152,161),
(158,153,162),
(159,154,162),
(160,155,163),
(161,156,164),
(162,157,165),
(163,158,166),
(164,159,167),
(165,160,170),
(166,161,171),
(167,162,172),
(168,163,173),
(169,164,174),
(170,165,175),
(171,166,176),
(172,167,177),
(173,168,178),
(174,169,179),
(175,170,180),
(176,171,181),
(177,172,182),
(178,173,183),
(179,174,184),
(180,175,185),
(181,176,186),
(182,177,187),
(183,178,188),
(184,179,189),
(185,180,190),
(186,181,191),
(187,182,192),
(188,183,193),
(189,184,194),
(190,185,195),
(191,186,196),
(192,187,197),
(193,188,198),
(194,189,199),
(195,190,200),
(196,191,201),
(197,192,202),
(198,193,203),
(199,194,204),
(200,195,205),
(201,196,206),
(202,197,207),
(203,198,208),
(204,199,209),
(205,200,210),
(206,201,211),
(207,202,212),
(208,203,213),
(209,204,214),
(210,205,215),
(211,206,216),
(212,207,217),
(213,208,218),
(214,209,219),
(215,210,220),
(216,211,221),
(217,212,222),
(218,213,223),
(219,214,224),
(220,215,225),
(221,216,226),
(222,217,227),
(223,218,228),
(224,219,229),
(225,220,230),
(226,221,231),
(227,222,232),
(228,223,233),
(229,224,234),
(230,225,235),
(231,226,236),
(232,227,237),
(233,228,238),
(234,229,239),
(235,230,240),
(236,231,241),
(237,232,242),
(238,233,243),
(239,234,244),
(240,235,245),
(241,236,246),
(242,237,247),
(243,238,248),
(244,239,249),
(245,240,250),
(246,241,251),
(247,242,252),
(248,243,253),
(249,244,254),
(250,245,255),
(251,246,256),
(252,247,257),
(253,248,258),
(254,249,259),
(255,250,260),
(256,251,261),
(257,252,262),
(258,253,263),
(259,254,264),
(260,255,265),
(261,256,267),
(262,257,268),
(263,258,269),
(264,259,270),
(265,260,271),
(266,261,272),
(267,262,273),
(268,263,274),
(272,264,279),
(269,264,280),
(270,264,281),
(271,264,282),
(273,265,283),
(274,265,284),
(275,265,285),
(276,265,286),
(280,266,287),
(277,266,288),
(278,266,289),
(279,266,290),
(281,267,291),
(282,267,292),
(283,267,293),
(284,268,297),
(285,268,298),
(286,268,299),
(287,269,300),
(288,269,301),
(289,269,302),
(292,270,303),
(290,270,304),
(291,270,305),
(293,271,306),
(294,271,307),
(295,271,308),
(296,272,309),
(297,272,310),
(298,272,311),
(299,273,309),
(300,273,310),
(301,273,311),
(302,274,312),
(303,274,313),
(304,274,314),
(305,275,315),
(306,275,316),
(307,275,317),
(309,276,318),
(310,276,319),
(308,276,320),
(311,277,321),
(312,277,322),
(313,277,323),
(314,278,324),
(315,278,325),
(316,278,326),
(319,279,327),
(317,279,328),
(318,279,329),
(320,280,330),
(321,280,331),
(322,280,332),
(323,281,333),
(324,281,334),
(325,281,335),
(326,282,336),
(327,282,337),
(328,282,338),
(329,283,339),
(330,283,340),
(331,283,341),
(333,284,342),
(334,284,343),
(332,284,344),
(335,285,345),
(336,285,346),
(337,285,347),
(338,286,348),
(339,287,349),
(340,288,350),
(341,289,351),
(342,290,352),
(343,291,353),
(344,292,354),
(345,293,355),
(346,294,356),
(347,295,357),
(348,296,358),
(349,297,359),
(350,298,361),
(351,299,362),
(352,300,363),
(353,301,364),
(354,302,366),
(355,303,367),
(356,304,368),
(357,305,369),
(358,306,370),
(359,307,371),
(360,308,372),
(361,309,373),
(362,310,374),
(363,311,375),
(364,312,376),
(365,313,377),
(366,314,378),
(367,315,379),
(368,316,380),
(369,317,381),
(370,318,382),
(371,319,383),
(372,320,384),
(373,321,385),
(374,322,386),
(375,323,387),
(376,324,388),
(377,325,389),
(379,326,390),
(380,326,391),
(378,326,392),
(381,327,393),
(382,327,394),
(383,327,395),
(384,328,396),
(385,328,397),
(386,328,398),
(389,329,399),
(387,329,400),
(388,329,401),
(390,330,402),
(391,330,403),
(392,330,404),
(393,331,405),
(394,331,406),
(395,331,407),
(396,332,408),
(397,332,409),
(398,332,410),
(399,333,411),
(400,333,412),
(401,333,413),
(403,334,414),
(404,334,415),
(402,334,416),
(405,335,417),
(406,335,418),
(407,335,419),
(408,336,420),
(409,336,421),
(410,336,422),
(413,337,423),
(411,337,424),
(412,337,425),
(414,338,426),
(415,338,427),
(416,338,428),
(417,339,429),
(418,339,430),
(419,339,431),
(420,340,432),
(421,340,433),
(422,340,434),
(423,341,435),
(424,341,436),
(425,341,437),
(427,342,438),
(428,342,439),
(426,342,440),
(429,343,441),
(430,343,442),
(431,343,443),
(432,344,444),
(433,344,445),
(434,344,446),
(437,345,447),
(435,345,448),
(436,345,449),
(438,346,450),
(439,346,451),
(440,346,452),
(441,347,453),
(442,347,454),
(443,347,455),
(444,348,456),
(445,348,457),
(446,348,458),
(447,349,459),
(448,349,460),
(449,349,461),
(451,350,462),
(452,350,463),
(450,350,464),
(453,351,465),
(454,351,466),
(455,351,467),
(456,352,468),
(457,352,469),
(458,352,470),
(461,353,471),
(459,353,472),
(460,353,473),
(462,354,474),
(463,354,475),
(464,354,476),
(465,355,477),
(466,355,478),
(467,355,479),
(468,356,480),
(469,356,481),
(470,356,482),
(471,357,483),
(472,357,484),
(473,357,485),
(475,358,486),
(476,358,487),
(474,358,488),
(477,359,489),
(478,359,490),
(479,360,491),
(480,361,492),
(481,362,493),
(482,362,494),
(484,363,495),
(483,363,496),
(485,364,497),
(486,364,498),
(487,365,499),
(488,366,500),
(878,366,893),
(489,367,501),
(490,368,502),
(491,369,503),
(492,370,504),
(493,371,505),
(494,372,506),
(495,373,507),
(496,374,508),
(497,375,509),
(498,376,510),
(499,376,511),
(500,377,512),
(501,377,513),
(502,378,514),
(503,378,515),
(504,379,516),
(505,379,517),
(506,380,518),
(507,380,519),
(508,381,520),
(509,381,521),
(510,382,522),
(511,382,523),
(512,383,524),
(513,384,525),
(514,385,526),
(515,386,527),
(516,387,528),
(517,388,529),
(518,389,530),
(519,390,531),
(520,391,532),
(521,392,533),
(522,393,534),
(523,394,535),
(524,395,536),
(525,396,538),
(526,397,539),
(527,398,540),
(528,399,541),
(529,400,542),
(530,401,543),
(531,402,544),
(532,403,545),
(533,404,546),
(534,405,547),
(535,406,548),
(536,407,549),
(537,408,550),
(538,409,551),
(539,410,552),
(540,411,553),
(541,412,554),
(542,413,555),
(543,414,556),
(544,415,557),
(545,416,558),
(546,417,559),
(547,418,560),
(548,419,561),
(549,420,562),
(550,421,563),
(551,422,564),
(552,423,565),
(553,424,566),
(554,425,567),
(555,426,568),
(556,427,569),
(557,428,570),
(558,429,571),
(559,430,572),
(560,431,573),
(561,432,574),
(563,433,575),
(562,433,576),
(564,434,577),
(565,435,578),
(566,436,579),
(567,437,580),
(568,438,582),
(569,439,583),
(570,440,584),
(571,441,585),
(572,442,586),
(573,442,587),
(574,443,588),
(575,443,589),
(576,444,590),
(577,444,591),
(578,445,592),
(579,445,593),
(580,446,594),
(581,446,595),
(582,447,596),
(583,447,597),
(584,448,598),
(585,448,599),
(586,449,600),
(587,449,601),
(588,450,602),
(589,450,603),
(590,451,604),
(591,451,605),
(592,452,606),
(593,453,607),
(594,454,608),
(595,455,609),
(596,456,610),
(597,457,611),
(598,458,612),
(599,459,613),
(600,460,614),
(601,461,615),
(602,462,616),
(603,463,617),
(604,464,618),
(605,465,619),
(606,466,620),
(607,467,621),
(608,468,622),
(609,469,623),
(610,470,624),
(611,471,625),
(612,472,626),
(613,473,627),
(614,474,628),
(615,475,629),
(616,476,630),
(617,477,631),
(618,478,632),
(619,479,633),
(620,480,634),
(621,481,635),
(622,482,636),
(623,483,637),
(624,484,638),
(625,485,639),
(626,486,640),
(627,487,641),
(628,488,642),
(629,489,643),
(630,490,644),
(631,491,645),
(632,492,646),
(633,493,647),
(634,494,648),
(635,495,649),
(636,496,650),
(637,497,651),
(638,498,652),
(639,499,653),
(640,500,654),
(641,501,655),
(642,502,656),
(643,503,657),
(644,504,658),
(645,505,659),
(646,506,660),
(647,507,661),
(648,508,662),
(649,509,663),
(650,510,664),
(651,511,665),
(652,512,666),
(653,513,667),
(654,514,668),
(655,515,669),
(656,516,670),
(657,517,671),
(658,518,672),
(659,519,673),
(660,520,674),
(661,521,675),
(662,522,676),
(663,523,677),
(664,524,678),
(665,525,679),
(666,526,680),
(667,527,682),
(668,528,683),
(669,529,684),
(670,530,685),
(671,531,686),
(672,532,687),
(673,533,688),
(674,534,689),
(675,535,690),
(676,536,691),
(677,537,692),
(678,538,693),
(679,539,694),
(680,540,695),
(681,541,696),
(682,542,697),
(683,543,698),
(684,544,699),
(685,545,700),
(686,546,701),
(687,547,702),
(688,548,703),
(689,549,704),
(690,550,705),
(691,551,706),
(692,552,707),
(693,553,708),
(694,554,709),
(695,555,710),
(696,555,711),
(697,556,712),
(698,556,713),
(699,557,714),
(700,557,715),
(701,558,716),
(702,558,717),
(703,559,718),
(704,559,719),
(705,560,720),
(706,560,721),
(707,561,722),
(708,561,723),
(709,562,724),
(710,562,725),
(711,563,726),
(712,563,727),
(713,564,728),
(714,564,729),
(715,565,730),
(716,565,731),
(717,566,732),
(718,566,733),
(719,567,734),
(720,567,735),
(721,568,736),
(722,569,737),
(723,570,738),
(724,571,739),
(725,572,740),
(726,573,741),
(727,574,742),
(728,574,743),
(729,575,744),
(730,575,745),
(731,576,746),
(732,576,747),
(733,577,748),
(734,577,749),
(735,578,750),
(736,579,751),
(737,580,752),
(738,581,753),
(739,582,754),
(740,583,755),
(741,584,756),
(742,585,757),
(743,586,758),
(744,587,759),
(745,588,760),
(746,589,761),
(747,590,762),
(748,591,763),
(749,592,764),
(750,593,765),
(751,594,766),
(752,595,767),
(753,596,768),
(754,597,769),
(755,598,770),
(756,599,771),
(757,600,772),
(758,601,773),
(759,602,774),
(760,603,775),
(761,604,776),
(762,605,777),
(763,606,778),
(764,607,779),
(765,608,780),
(766,608,781),
(767,609,782),
(768,609,783),
(769,610,784),
(770,611,785),
(771,612,786),
(772,613,787),
(773,614,788),
(774,615,789),
(775,616,790),
(776,617,791),
(777,618,792),
(778,619,793),
(779,620,794),
(780,621,795),
(781,622,796),
(782,623,797),
(783,624,798),
(784,625,799),
(785,626,800),
(786,627,801),
(787,628,802),
(788,629,803),
(789,630,804),
(790,631,805),
(791,632,806),
(792,633,807),
(793,634,808),
(794,635,809),
(795,636,810),
(796,637,811),
(797,638,812),
(798,639,813),
(799,640,814),
(800,641,815),
(801,642,816),
(802,643,817),
(803,644,818),
(804,645,819),
(805,646,820),
(806,647,821),
(807,648,822),
(808,649,823),
(809,650,824),
(810,651,825),
(811,652,826),
(812,652,827),
(813,653,828),
(814,654,829),
(815,654,830),
(817,655,831),
(816,655,832),
(818,656,833),
(819,657,834),
(820,658,835),
(821,659,836),
(822,660,837),
(823,661,838),
(824,662,839),
(825,663,840),
(826,664,841),
(827,665,842),
(828,666,843),
(829,667,844),
(830,668,845),
(831,669,846),
(832,670,847),
(833,671,848),
(834,672,849),
(835,673,850),
(836,674,851),
(837,675,852),
(838,676,853),
(839,677,854),
(840,678,855),
(841,679,856),
(842,680,857),
(843,681,858),
(844,682,859),
(845,683,860),
(846,684,861),
(847,685,862),
(848,686,863),
(849,687,864),
(850,688,865),
(851,689,866),
(852,690,867),
(853,691,868),
(854,692,869),
(855,693,870),
(856,694,871),
(857,695,872),
(858,696,873),
(859,697,874),
(860,698,875),
(861,699,876),
(862,699,877),
(863,700,878),
(864,701,879),
(865,702,880),
(866,703,881),
(867,704,882),
(868,705,883),
(869,706,884),
(870,707,885),
(871,708,886),
(872,709,887),
(873,710,888),
(874,711,889),
(875,712,890),
(876,713,891),
(877,714,892),
(879,715,897),
(880,715,898),
(881,715,899),
(882,716,900),
(883,716,901),
(884,716,902),
(885,717,904),
(886,718,905),
(887,719,906),
(888,720,907),
(889,721,909),
(890,722,910),
(891,723,911),
(892,724,912),
(893,725,913),
(894,726,914),
(895,727,915),
(896,728,917),
(897,729,918),
(898,730,919),
(899,731,920),
(900,732,921),
(901,733,922),
(902,734,923),
(903,735,924),
(904,736,925),
(905,737,926),
(906,738,927),
(907,739,928),
(908,740,929),
(909,741,930),
(910,742,931),
(911,743,932),
(912,744,933),
(913,745,934),
(914,746,935),
(915,747,936),
(916,748,937),
(917,749,938),
(918,750,939),
(919,751,940),
(920,752,941),
(921,753,942),
(922,754,943),
(923,755,944),
(924,756,945),
(925,757,946),
(926,758,947),
(927,759,948),
(928,760,949),
(929,761,950),
(930,762,951),
(931,763,952),
(932,764,953),
(933,765,954),
(934,766,955),
(935,767,956),
(936,768,957),
(937,769,958),
(938,770,959),
(939,771,960),
(940,772,961),
(941,773,962),
(942,774,963),
(943,775,964),
(944,776,965),
(945,777,966),
(946,778,967),
(947,779,968),
(948,780,969),
(949,781,970),
(950,782,971),
(951,783,972),
(952,784,973),
(953,785,974),
(954,786,975),
(955,787,976),
(956,787,977),
(957,787,978),
(958,787,979),
(959,788,980),
(960,788,981),
(961,788,982),
(962,788,983),
(963,789,984),
(964,789,985),
(965,789,986),
(966,789,987),
(967,790,988),
(968,790,989),
(969,790,990),
(972,791,991),
(970,791,992),
(971,791,993),
(973,792,994),
(974,792,995),
(975,792,996),
(976,793,997),
(977,793,998),
(978,793,999),
(979,794,1000),
(980,794,1001),
(981,794,1002),
(982,795,1003),
(983,795,1004),
(984,795,1005),
(986,796,1006),
(987,796,1007),
(985,796,1008),
(988,797,1009),
(989,797,1010),
(990,797,1011),
(991,798,1012),
(992,798,1013),
(993,798,1014),
(996,799,1015),
(994,799,1016),
(995,799,1017),
(997,800,1018),
(998,800,1019),
(999,800,1020),
(1000,801,1021),
(1001,801,1022),
(1002,801,1023),
(1003,802,1024),
(1004,803,1025),
(1005,804,1026),
(1006,805,1027),
(1007,806,1028),
(1008,807,1029),
(1009,808,1030),
(1010,809,1031),
(1011,810,1032),
(1012,811,1033),
(1013,812,1034),
(1014,813,1035),
(1015,814,1036),
(1016,815,1037),
(1017,816,1038),
(1018,817,1039),
(1019,818,1040),
(1020,819,1041),
(1021,820,1042),
(1022,821,1043),
(1023,822,1044),
(1024,823,1045),
(1025,824,1046),
(1026,825,1047),
(1027,826,1048),
(1028,827,1049),
(1029,828,1050),
(1030,829,1051),
(1031,830,1052),
(1032,831,1054),
(1033,832,1055),
(1034,833,1056),
(1035,834,1057),
(1036,835,1058),
(1037,836,1059),
(1038,837,1060),
(1039,838,1061),
(1040,839,1062),
(1041,840,1063),
(1042,841,1064),
(1043,842,1065),
(1044,843,1066),
(1045,844,1067),
(1046,845,1068),
(1047,846,1069),
(1048,847,1070),
(1049,848,1071),
(1050,849,1072),
(1051,850,1073),
(1052,851,1074),
(1053,852,1075),
(1054,853,1076),
(1055,854,1077),
(1056,855,1079),
(1057,856,1080),
(1058,857,1081),
(1059,858,1082),
(1060,859,1083),
(1061,860,1084),
(1062,861,1085),
(1063,862,1086),
(1064,863,1087),
(1065,864,1089),
(1066,865,1090),
(1067,866,1091),
(1068,867,1092),
(1069,868,1093),
(1070,869,1094),
(1071,870,1095),
(1072,871,1096),
(1073,872,1097),
(1074,873,1098),
(1075,874,1099),
(1076,875,1100),
(1077,876,1101),
(1078,877,1102),
(1079,878,1103),
(1080,879,1104),
(1081,880,1105),
(1082,881,1106),
(1083,882,1107),
(1084,883,1108),
(1085,884,1109),
(1086,885,1110),
(1087,886,1111),
(1088,887,1112),
(1089,888,1113),
(1090,889,1114),
(1091,890,1115),
(1092,891,1116),
(1093,892,1117),
(1094,893,1118);
/*!40000 ALTER TABLE `stores_item_prices` ENABLE KEYS */;
UNLOCK TABLES;

--
-- Table structure for table `stores_order`
--

DROP TABLE IF EXISTS `stores_order`;
/*!40101 SET @saved_cs_client     = @@character_set_client */;
/*!40101 SET character_set_client = utf8 */;
CREATE TABLE `stores_order` (
  `id` bigint(20) NOT NULL AUTO_INCREMENT,
  `order_id` varchar(8) NOT NULL,
  `total_price` decimal(10,2) DEFAULT NULL,
  `status` smallint(6) NOT NULL,
  `created_at` datetime(6) NOT NULL,
  `updated_at` datetime(6) NOT NULL,
  `room_id` bigint(20) NOT NULL,
  `note` varchar(250) DEFAULT NULL,
  PRIMARY KEY (`id`),
  UNIQUE KEY `order_id` (`order_id`),
  KEY `stores_order_room_id_cbb40b02_fk_dashboard_room_id` (`room_id`),
  CONSTRAINT `stores_order_room_id_cbb40b02_fk_dashboard_room_id` FOREIGN KEY (`room_id`) REFERENCES `dashboard_room` (`id`)
) ENGINE=InnoDB AUTO_INCREMENT=110 DEFAULT CHARSET=utf8mb4 COLLATE=utf8mb4_general_ci;
/*!40101 SET character_set_client = @saved_cs_client */;

--
-- Dumping data for table `stores_order`
--

LOCK TABLES `stores_order` WRITE;
/*!40000 ALTER TABLE `stores_order` DISABLE KEYS */;
INSERT INTO `stores_order` VALUES
(37,'23150829',545.00,2,'2023-10-26 18:41:21.563386','2023-10-26 18:43:17.720650',101,'None'),
(38,'14794802',885.00,0,'2023-10-30 16:57:23.213401','2023-10-30 16:57:23.936311',92,NULL),
(39,'2425008',780.00,0,'2023-10-30 18:12:54.639073','2023-10-30 18:12:55.416614',101,NULL),
(40,'31457349',780.00,0,'2023-10-30 18:12:54.827828','2023-10-30 18:12:55.203498',101,NULL),
(41,'90275934',205.00,0,'2023-10-30 18:28:33.595539','2023-10-30 18:28:33.944176',101,NULL),
(42,'21078176',99.00,0,'2023-10-31 13:47:44.683473','2023-10-31 13:47:45.116478',138,NULL),
(43,'31826099',135.00,0,'2023-10-31 13:55:55.325128','2023-10-31 13:55:55.712448',132,NULL),
(44,'1417376',30.00,0,'2023-10-31 13:56:40.432358','2023-10-31 13:56:40.828839',132,NULL),
(45,'89407547',60.00,0,'2023-10-31 14:03:01.886169','2023-10-31 14:03:02.358453',129,NULL),
(46,'24125504',150.00,1,'2023-10-31 20:00:26.863961','2023-10-31 20:36:16.023006',136,'None'),
(47,'6652151',40.00,0,'2023-10-31 20:07:48.451527','2023-10-31 20:07:48.799446',136,NULL),
(48,'87343188',120.00,2,'2023-10-31 20:12:54.085376','2023-10-31 20:43:18.639069',129,'None'),
(49,'79749267',265.00,0,'2023-10-31 20:44:06.112258','2023-10-31 20:44:06.827967',101,NULL),
(50,'17055856',135.00,0,'2023-10-31 20:44:28.385945','2023-10-31 20:44:29.260652',101,NULL),
(51,'20242473',305.00,0,'2023-10-31 20:49:44.309186','2023-10-31 20:49:44.993785',101,NULL),
(52,'14778447',305.00,0,'2023-10-31 20:54:57.394272','2023-10-31 20:54:57.762401',101,NULL),
(53,'95682805',305.00,0,'2023-10-31 21:13:26.414263','2023-10-31 21:13:28.187573',101,NULL),
(54,'81911829',305.00,0,'2023-10-31 21:14:22.056847','2023-10-31 21:14:22.895716',101,NULL),
(55,'29368468',305.00,0,'2023-10-31 21:16:23.288434','2023-10-31 21:16:24.376625',101,NULL),
(56,'28328110',305.00,0,'2023-10-31 21:19:52.743573','2023-10-31 21:19:53.546696',101,NULL),
(57,'32620779',305.00,0,'2023-10-31 21:21:32.054397','2023-10-31 21:21:32.618373',101,NULL),
(58,'23404585',520.00,0,'2023-11-01 21:10:12.793341','2023-11-01 21:10:13.628358',123,NULL),
(59,'5505072',889.00,0,'2023-11-04 02:53:08.214182','2023-11-04 02:53:09.088177',135,NULL),
(60,'92356612',300.00,0,'2023-11-06 08:10:57.681657','2023-11-06 08:10:58.532666',129,NULL),
(62,'97534155',610.00,0,'2023-11-08 01:03:31.007714','2023-11-08 01:03:31.814581',101,NULL),
(63,'71344178',155.00,0,'2023-11-08 01:07:23.678373','2023-11-08 01:07:23.779992',101,NULL),
(64,'94642382',295.00,0,'2023-11-08 01:11:31.126263','2023-11-08 01:11:31.398652',101,NULL),
(65,'24125576',305.00,0,'2023-11-08 01:15:34.647109','2023-11-08 01:15:34.659294',101,NULL),
(66,'98656457',155.00,0,'2023-11-08 01:16:29.694891','2023-11-08 01:16:29.706857',100,NULL),
(67,'93700170',435.00,0,'2023-11-08 01:21:12.431127','2023-11-08 01:21:12.449968',98,NULL),
(68,'311355',135.00,0,'2023-11-08 01:22:09.940200','2023-11-08 01:22:09.953433',98,NULL),
(69,'26599483',245.00,0,'2023-11-08 01:37:23.512057','2023-11-08 01:37:23.526923',96,NULL),
(70,'17915906',135.00,0,'2023-11-08 01:53:21.237817','2023-11-08 01:53:21.249383',101,NULL),
(71,'23167127',135.00,0,'2023-11-08 01:55:21.792352','2023-11-08 01:55:21.808265',101,NULL),
(73,'95469810',305.00,0,'2023-11-08 19:05:30.279893','2023-11-08 19:05:30.719221',101,NULL),
(74,'1073251',305.00,0,'2023-11-08 19:07:10.367254','2023-11-08 19:07:11.189125',101,NULL),
(75,'28598460',305.00,0,'2023-11-08 19:11:36.295668','2023-11-08 19:11:36.663175',101,NULL),
(76,'20988060',305.00,0,'2023-11-11 11:28:41.005806','2023-11-11 11:28:41.427834',99,NULL),
(77,'83173523',798.00,0,'2023-11-11 23:16:51.559018','2023-11-11 23:16:52.217490',127,NULL),
(78,'6414578',155.00,0,'2023-11-12 11:21:51.855215','2023-11-12 11:21:52.498300',99,NULL),
(79,'82016',305.00,0,'2023-11-14 20:21:26.803310','2023-11-14 20:21:27.204598',101,NULL),
(80,'23412953',325.00,0,'2023-11-14 20:23:04.478069','2023-11-14 20:23:04.860355',100,NULL),
(81,'15737055',295.00,0,'2023-11-14 20:25:58.341629','2023-11-14 20:25:58.719642',101,NULL),
(84,'98689270',0.00,0,'2023-11-23 12:34:18.609987','2023-11-23 12:34:19.152306',126,NULL),
(90,'95797476',0.00,0,'2023-11-24 09:28:28.501686','2023-11-24 09:28:29.277425',137,NULL),
(91,'97853547',150.00,0,'2023-11-25 09:14:16.392468','2023-11-25 09:14:16.773820',113,NULL),
(94,'20258880',409.00,0,'2023-11-28 17:02:46.629957','2023-11-28 17:02:47.379806',125,NULL),
(95,'17948773',310.00,0,'2023-11-29 18:38:03.405512','2023-11-29 18:38:03.787363',130,NULL),
(96,'270580',560.00,0,'2023-12-02 14:40:45.826923','2023-12-02 14:40:46.752332',141,NULL),
(97,'16818247',529.00,0,'2023-12-03 20:38:30.005800','2023-12-03 20:38:30.744788',124,NULL),
(98,'15753395',265.00,0,'2023-12-04 15:23:47.743225','2023-12-04 15:23:48.111332',146,NULL),
(99,'69468251',570.00,0,'2023-12-06 19:00:59.350217','2023-12-06 19:01:01.124866',141,NULL),
(100,'88350753',325.00,0,'2023-12-06 19:04:32.327241','2023-12-06 19:04:32.802016',141,NULL),
(101,'96731358',325.00,0,'2023-12-06 19:11:27.256833','2023-12-06 19:11:28.030580',141,NULL),
(102,'83910783',325.00,0,'2023-12-06 19:12:03.314485','2023-12-06 19:12:04.159752',141,NULL),
(103,'3252418',305.00,0,'2023-12-06 19:12:37.524622','2023-12-06 19:12:38.284628',141,NULL),
(104,'20979843',305.00,0,'2023-12-07 17:13:41.623906','2023-12-07 17:13:42.004879',141,NULL),
(105,'1114340',305.00,0,'2023-12-07 18:06:43.563380','2023-12-07 18:06:45.290873',141,NULL),
(106,'20291674',270.00,0,'2023-12-07 21:24:20.810107','2023-12-07 21:24:21.255373',142,NULL),
(107,'18874410',305.00,0,'2023-12-08 15:12:14.744430','2023-12-08 15:12:15.142387',140,NULL),
(108,'8724703',325.00,0,'2023-12-08 15:12:34.350015','2023-12-08 15:12:35.015671',140,NULL),
(109,'28663946',265.00,2,'2023-12-08 15:47:53.831628','2023-12-08 15:48:38.995461',140,'None');
/*!40000 ALTER TABLE `stores_order` ENABLE KEYS */;
UNLOCK TABLES;

--
-- Table structure for table `stores_order_items`
--

DROP TABLE IF EXISTS `stores_order_items`;
/*!40101 SET @saved_cs_client     = @@character_set_client */;
/*!40101 SET character_set_client = utf8 */;
CREATE TABLE `stores_order_items` (
  `id` bigint(20) NOT NULL AUTO_INCREMENT,
  `order_id` bigint(20) NOT NULL,
  `orderitem_id` bigint(20) NOT NULL,
  PRIMARY KEY (`id`),
  UNIQUE KEY `stores_order_items_order_id_orderitem_id_4de6acc9_uniq` (`order_id`,`orderitem_id`),
  KEY `stores_order_items_orderitem_id_69499895_fk_stores_orderitem_id` (`orderitem_id`),
  CONSTRAINT `stores_order_items_order_id_1320f1ea_fk_stores_order_id` FOREIGN KEY (`order_id`) REFERENCES `stores_order` (`id`),
  CONSTRAINT `stores_order_items_orderitem_id_69499895_fk_stores_orderitem_id` FOREIGN KEY (`orderitem_id`) REFERENCES `stores_orderitem` (`id`)
) ENGINE=InnoDB AUTO_INCREMENT=134 DEFAULT CHARSET=utf8mb4 COLLATE=utf8mb4_general_ci;
/*!40101 SET character_set_client = @saved_cs_client */;

--
-- Dumping data for table `stores_order_items`
--

LOCK TABLES `stores_order_items` WRITE;
/*!40000 ALTER TABLE `stores_order_items` DISABLE KEYS */;
INSERT INTO `stores_order_items` VALUES
(29,37,29),
(30,38,30),
(31,38,31),
(34,39,34),
(35,39,35),
(32,40,32),
(33,40,33),
(36,41,36),
(37,42,37),
(38,43,38),
(39,44,39),
(40,45,40),
(41,46,41),
(42,47,42),
(43,48,43),
(44,49,44),
(45,50,45),
(46,51,46),
(47,52,47),
(48,53,48),
(49,54,49),
(50,55,50),
(51,56,51),
(52,57,52),
(53,58,53),
(54,58,54),
(55,58,55),
(56,59,56),
(57,59,57),
(58,59,58),
(59,59,59),
(60,59,60),
(61,59,61),
(62,60,62),
(66,62,66),
(67,62,67),
(68,63,68),
(69,64,69),
(70,65,70),
(71,66,71),
(72,67,72),
(73,68,73),
(74,69,74),
(75,70,75),
(76,71,76),
(78,73,78),
(79,74,79),
(80,75,80),
(81,76,81),
(82,77,82),
(83,78,83),
(84,79,84),
(85,80,85),
(86,81,86),
(90,84,90),
(91,84,91),
(92,84,92),
(93,84,93),
(94,84,94),
(100,90,100),
(101,90,101),
(102,90,102),
(103,90,103),
(104,90,104),
(105,90,105),
(106,91,106),
(107,91,107),
(110,94,110),
(111,94,111),
(112,94,112),
(113,95,113),
(114,96,114),
(115,96,115),
(116,97,116),
(117,97,117),
(118,97,118),
(119,97,119),
(120,98,120),
(121,99,121),
(122,99,122),
(123,100,123),
(124,101,124),
(125,102,125),
(126,103,126),
(127,104,127),
(128,105,128),
(129,106,129),
(130,106,130),
(131,107,131),
(132,108,132),
(133,109,133);
/*!40000 ALTER TABLE `stores_order_items` ENABLE KEYS */;
UNLOCK TABLES;

--
-- Table structure for table `stores_orderitem`
--

DROP TABLE IF EXISTS `stores_orderitem`;
/*!40101 SET @saved_cs_client     = @@character_set_client */;
/*!40101 SET character_set_client = utf8 */;
CREATE TABLE `stores_orderitem` (
  `id` bigint(20) NOT NULL AUTO_INCREMENT,
  `quantity` smallint(5) unsigned NOT NULL CHECK (`quantity` >= 0),
  `item_id` bigint(20) NOT NULL,
  `order_id` bigint(20) NOT NULL,
  `price` int(11) NOT NULL,
  PRIMARY KEY (`id`),
  KEY `stores_orderitem_item_id_47ecff8c_fk_stores_item_id` (`item_id`),
  KEY `stores_orderitem_order_id_e2747922_fk_stores_order_id` (`order_id`),
  CONSTRAINT `stores_orderitem_item_id_47ecff8c_fk_stores_item_id` FOREIGN KEY (`item_id`) REFERENCES `stores_item` (`id`),
  CONSTRAINT `stores_orderitem_order_id_e2747922_fk_stores_order_id` FOREIGN KEY (`order_id`) REFERENCES `stores_order` (`id`)
) ENGINE=InnoDB AUTO_INCREMENT=134 DEFAULT CHARSET=utf8mb4 COLLATE=utf8mb4_general_ci;
/*!40101 SET character_set_client = @saved_cs_client */;

--
-- Dumping data for table `stores_orderitem`
--

LOCK TABLES `stores_orderitem` WRITE;
/*!40000 ALTER TABLE `stores_orderitem` DISABLE KEYS */;
INSERT INTO `stores_orderitem` VALUES
(29,1,103,37,545),
(30,1,209,38,295),
(31,2,216,38,295),
(32,1,26,40,325),
(33,1,234,40,455),
(34,1,26,39,325),
(35,1,234,39,455),
(36,1,197,41,205),
(37,1,493,42,99),
(38,1,492,43,135),
(39,1,491,44,30),
(40,1,489,45,60),
(41,3,578,46,50),
(42,1,490,47,40),
(43,1,56,48,120),
(44,1,29,49,265),
(45,1,28,50,135),
(46,1,31,51,305),
(47,1,31,52,305),
(48,1,31,53,305),
(49,1,31,54,305),
(50,1,31,55,305),
(51,1,30,56,305),
(52,1,31,57,305),
(53,6,569,58,25),
(54,1,457,58,140),
(55,1,544,58,230),
(56,1,443,59,260),
(57,1,456,59,110),
(58,1,494,59,80),
(59,1,548,59,240),
(60,1,413,59,0),
(61,1,522,59,199),
(62,2,393,60,150),
(66,1,30,62,305),
(67,1,31,62,305),
(68,1,8,63,155),
(69,1,716,64,295),
(70,1,30,65,305),
(71,1,8,66,155),
(72,1,4,67,435),
(73,1,28,68,135),
(74,1,25,69,245),
(75,1,28,70,135),
(76,1,28,71,135),
(78,1,31,73,305),
(79,1,31,74,305),
(80,1,31,75,305),
(81,1,30,76,305),
(82,2,506,77,399),
(83,1,8,78,155),
(84,1,30,79,305),
(85,1,26,80,325),
(86,1,716,81,295),
(90,2,409,84,0),
(91,2,415,84,0),
(92,2,404,84,0),
(93,2,413,84,0),
(94,1,407,84,0),
(100,2,404,90,0),
(101,1,407,90,0),
(102,1,409,90,0),
(103,2,413,90,0),
(104,1,415,90,0),
(105,1,416,90,0),
(106,1,400,91,150),
(107,2,404,91,0),
(110,1,399,94,130),
(111,1,499,94,99),
(112,1,550,94,180),
(113,1,527,95,310),
(114,1,730,96,305),
(115,1,725,96,255),
(116,1,533,97,150),
(117,4,569,97,25),
(118,1,499,97,99),
(119,1,532,97,180),
(120,1,729,98,265),
(121,1,730,99,305),
(122,1,729,99,265),
(123,1,727,100,325),
(124,1,727,101,325),
(125,1,727,102,325),
(126,1,730,103,305),
(127,1,730,104,305),
(128,1,730,105,305),
(129,1,459,106,40),
(130,1,521,106,230),
(131,1,730,107,305),
(132,1,727,108,325),
(133,1,729,109,265);
/*!40000 ALTER TABLE `stores_orderitem` ENABLE KEYS */;
UNLOCK TABLES;

--
-- Table structure for table `stores_price`
--

DROP TABLE IF EXISTS `stores_price`;
/*!40101 SET @saved_cs_client     = @@character_set_client */;
/*!40101 SET character_set_client = utf8 */;
CREATE TABLE `stores_price` (
  `id` bigint(20) NOT NULL AUTO_INCREMENT,
  `name` varchar(100) NOT NULL,
  `price` int(11) NOT NULL,
  `user_id` bigint(20) NOT NULL,
  `sell_price` int(11) DEFAULT NULL,
  PRIMARY KEY (`id`),
  KEY `stores_price_user_id_d9fc8a4d_fk_accounts_user_id` (`user_id`),
  CONSTRAINT `stores_price_user_id_d9fc8a4d_fk_accounts_user_id` FOREIGN KEY (`user_id`) REFERENCES `accounts_user` (`id`)
) ENGINE=InnoDB AUTO_INCREMENT=1119 DEFAULT CHARSET=utf8mb4 COLLATE=utf8mb4_general_ci;
/*!40101 SET character_set_client = @saved_cs_client */;

--
-- Dumping data for table `stores_price`
--

LOCK TABLES `stores_price` WRITE;
/*!40000 ALTER TABLE `stores_price` DISABLE KEYS */;
INSERT INTO `stores_price` VALUES
(1,'Continental Breakfast',375,2,NULL),
(2,'Executive Breakfast',465,2,NULL),
(3,'American Breakfast',575,2,NULL),
(4,'North Indian Breakfast',435,2,NULL),
(5,'South Indian Breakfast',395,2,NULL),
(6,'Only Eggs',255,2,NULL),
(7,'Eggs with sides',375,2,NULL),
(8,'Toasts',155,2,NULL),
(9,'French Fries or Masala Fries',225,2,NULL),
(10,'Vegetable Sandwich',225,2,NULL),
(11,'Chicken Sandwich',285,2,NULL),
(12,'Hotspot Chicken Pizza',515,2,NULL),
(13,'Garden Fresh Salad',235,2,NULL),
(14,'Pineapple Corn Salad',285,2,NULL),
(15,'Tamatar Dhania ka Shorba',225,2,NULL),
(16,'Murgh Badami Shorba',245,2,NULL),
(17,'Veg Seekh Kebab',385,2,NULL),
(18,'Paneer Tikka',405,2,NULL),
(19,'Chicken Tikka',455,2,NULL),
(20,'Murgh Malai Tikka',465,2,NULL),
(21,'Paneer Makhani',475,2,NULL),
(22,'Paneer Khatta Pyaaz',475,2,NULL),
(23,'Chicken Chettinad',545,2,NULL),
(24,'Murgh Bemisaal',565,2,NULL),
(25,'French Toast',245,2,NULL),
(26,'Chicken Franks',325,2,NULL),
(27,'Cereals',215,2,NULL),
(28,'Extra Portion',135,2,NULL),
(29,'Fresh Fruit Platter',265,2,NULL),
(30,'Pancakes / Waffles',305,2,NULL),
(31,'Morning Bakery Basket',305,2,NULL),
(32,'Veggie Fingers',275,2,NULL),
(33,'Corn Cheese Nuggets',275,2,NULL),
(34,'Paneer Pakora',335,2,NULL),
(35,'Vegetable Pakora',285,2,NULL),
(36,'Maggi: Cheese/ Chilly/ Makhani',295,2,NULL),
(37,'Double Decker Veg Burger',405,2,NULL),
(38,'Paneer Kathi Roll',465,2,NULL),
(39,'South Indian Meal',395,2,NULL),
(40,'South Indian Meal',395,2,NULL),
(41,'South Indian Meal',395,2,NULL),
(42,'Grilled Double Cheese Sandwich',295,2,NULL),
(43,'330ml mug:',335,2,NULL),
(45,'500ml mug',445,2,NULL),
(46,'3Ltr Tower.',1995,2,NULL),
(47,'1.5Ltr Pitcher',1195,2,NULL),
(48,'Grilled Mushroom & Cheese Sandwich',285,2,NULL),
(49,'Veg. Club Sandwich',325,2,NULL),
(50,'Chilli Cheese Toast',295,2,NULL),
(51,'Margherita Pizza',445,2,NULL),
(52,'Farmville Pizza',465,2,NULL),
(53,'Peri Peri Paneer Pizza',495,2,NULL),
(54,'Spicy Noodle Salad',285,2,NULL),
(55,'Kimchi Salad',235,2,NULL),
(56,'Chicken Sandwich',285,2,NULL),
(57,'Egg Sandwich',245,2,NULL),
(58,'Grilled Ham and Cheese Sandwich',295,2,NULL),
(59,'Grilled Chicken & Cheese Sandwich',295,2,NULL),
(60,'Hot milk',60,3,NULL),
(61,'Veg sandwich',99,3,NULL),
(62,'Veg.grilled sandwich',120,3,NULL),
(63,'Bournvita milk',70,3,NULL),
(64,'Cornflakes milk',99,3,NULL),
(65,'Butter toast',99,3,NULL),
(66,'Orrange juice',110,3,NULL),
(67,'Mango juice',130,3,NULL),
(68,'Apple juice',150,3,NULL),
(69,'Pine Apple juice',150,3,NULL),
(70,'Cranberry',180,3,NULL),
(71,'Mix juice',110,3,NULL),
(72,'Banana Shake',120,3,NULL),
(73,'Mango Shake',120,3,NULL),
(74,'Chocolate shake',140,3,NULL),
(75,'Strawberry',120,3,NULL),
(76,'Oreo Shake',130,3,NULL),
(77,'Non Veg Club Sandwich',355,2,NULL),
(78,'Ultimate Chicken Burger',455,2,NULL),
(79,'Hotspot Chicken Pizza',515,2,NULL),
(80,'Meat Lovers Pizza',555,2,NULL),
(81,'Chicken Tikka Pizza',505,2,NULL),
(82,'Pepperoni Pizza',585,2,NULL),
(83,'Chicken Kathi Roll',545,2,NULL),
(84,'Platter of cookies or todays pastry',165,2,NULL),
(85,'Platter of cookies or todays pastry',165,2,NULL),
(86,'Tandoori Mushroom',405,2,NULL),
(87,'Dahi ke Sholey',405,2,NULL),
(88,'Hara Bhara Kebab',385,2,NULL),
(89,'Assorted Veg. Kebab platter',455,2,NULL),
(90,'Tandoori Tangri Kebab',465,2,NULL),
(91,'Ajwaini Fish Tikka',655,2,NULL),
(92,'Tandoori Chicken (Half )',395,2,NULL),
(93,'Tandoori Chicken (Full)',645,2,NULL),
(94,'Chicken Seekh Kebab',455,2,NULL),
(95,'Amritsari Fish',655,2,NULL),
(96,'Assorted N.Veg Kebab platter',695,2,NULL),
(97,'Shahi Paneer',475,2,NULL),
(98,'Kadhai Paneer',475,2,NULL),
(99,'Palak Paneer',475,2,NULL),
(100,'Paneer Lababdar',475,2,NULL),
(101,'Home Style Paneer Bhurji',475,2,NULL),
(102,'Tawa Khumb Bhutta Masala',455,2,NULL),
(103,'Paneer Butter Masala',475,2,NULL),
(104,'Vegetable Jalfrezi',455,2,NULL),
(105,'Mushroom Masala',455,2,NULL),
(106,'Malai Kofta',475,2,NULL),
(107,'Dum Aloo',455,2,NULL),
(108,'Chana Masala',335,2,NULL),
(109,'Pahadi Rajma Curry',335,2,NULL),
(110,'Kadhai Chicken',545,2,NULL),
(111,'Butter Chicken',565,2,NULL),
(112,'Chicken Ghee Roast',545,2,NULL),
(113,'Laal Maas',625,2,NULL),
(114,'Himachali Rara Meat',625,2,NULL),
(115,'Rogan Josh',625,2,NULL),
(116,'Bengali Chicken Curry',545,2,NULL),
(117,'Kolhapuri Egg Curry',465,2,NULL),
(118,'Chicken Keema Masala',545,2,NULL),
(119,'Khamod Meat',625,2,NULL),
(120,'Goan Fish Curry',695,2,NULL),
(121,'Fish Masala Curry',695,2,NULL),
(122,'Chicken Tikka Masala',545,2,NULL),
(123,'Prawn Curry',745,2,NULL),
(124,'Ghee Roast Prawns',745,2,NULL),
(125,'Hyderabad Non Veg Biryani',545,2,NULL),
(126,'Jeera Aloo',335,2,NULL),
(127,'Taaza Subzi',455,2,NULL),
(128,'Daal Makhani',375,2,NULL),
(129,'Peeli Daal Tarka',335,2,NULL),
(130,'Tandoori Roti',95,2,NULL),
(131,'Missi Roti',105,2,NULL),
(132,'Naan',95,2,NULL),
(133,'Naan',105,2,NULL),
(134,'Parantha',105,2,NULL),
(135,'Kulcha',145,2,NULL),
(136,'Achari Paneer Kathi Roll',465,2,NULL),
(137,'Chicken Kathi Roll',545,2,NULL),
(138,'Steamed Rice',235,2,NULL),
(139,'Pulao',325,2,NULL),
(140,'Kashmiri Pulao',455,2,NULL),
(141,'Hyderabadi Veg. Biryani',455,2,NULL),
(142,'Raita of your choice',225,2,NULL),
(143,'Roasted Papad',95,2,NULL),
(144,'Masala Papad',135,2,NULL),
(145,'Masala Papad',135,2,NULL),
(146,'Idli Sambhar',395,2,NULL),
(147,'Masala Dosa Sambhar',395,2,NULL),
(148,'Uttapam Sambhar',395,2,NULL),
(149,'Vada Sambhar',395,2,NULL),
(150,'Chilli Baby Corn Mushroom',405,2,NULL),
(151,'Tofu Fries',405,2,NULL),
(152,'Chilly Mushroom',405,2,NULL),
(153,'Vegetable Wontons',385,2,NULL),
(154,'Veg. Sui Mai Dimsum',375,2,NULL),
(155,'Crispy Honey Chilli Potatoes',385,2,NULL),
(156,'Asian Chilli Cottage Cheese',405,2,NULL),
(157,'Crispy Veg. Rolls',385,2,NULL),
(158,'Vegetable Salt & Pepper',385,2,NULL),
(159,'Chicken Chengdu',455,2,NULL),
(160,'Crispy Chicken Rolls',455,2,NULL),
(161,'Pan Fried Chilli Chicken',455,2,NULL),
(162,'Chicken Kothe Dimsums',435,2,NULL),
(163,'Crispy Chicken Honey Chilli',455,2,NULL),
(164,'Shrimp Sui Mai',525,2,NULL),
(165,'Prawns Salt and Pepper',695,2,NULL),
(166,'Chilli Lamb',495,2,NULL),
(167,'Tom Yum /  Veg',225,2,NULL),
(170,'Tom Yum prawn',305,2,NULL),
(171,'Tom Yum chicken',245,2,NULL),
(172,'Noodle Soup veg',225,2,NULL),
(173,'Noodle Soup',245,2,NULL),
(174,'Sweet Corn Soup',225,2,NULL),
(175,'Sweet Corn Soup',245,2,NULL),
(176,'Hot and Sour Soup',225,2,NULL),
(177,'Hot and Sour Soup',245,2,NULL),
(178,'Manchow Soup veg',225,2,NULL),
(179,'Manchow Soup',245,2,NULL),
(180,'Talu Mein Soup',225,2,NULL),
(181,'Talu Mein Soup',245,2,NULL),
(182,'Clear Soup',225,2,NULL),
(183,'Clear Soup',245,2,NULL),
(184,'Oriental Veg in Garlic Sauce',455,2,NULL),
(185,'Tofu Veggies Chilli Cashew',475,2,NULL),
(186,'Asian Greens Black Mushroom',475,2,NULL),
(187,'Kung Pao Cottage Cheese',475,2,NULL),
(188,'Veggies Sweet & Sour Sauce',455,2,NULL),
(189,'Mixed Mushrooms Chilli Lemon',475,2,NULL),
(190,'Veggies Black Pepper Sauce',455,2,NULL),
(191,'Indo-Chinese Veg. Dumplings',445,2,NULL),
(192,'Chicken in Hot Garlic Sauce',545,2,NULL),
(193,'Diced Chicken Kung Pao',545,2,NULL),
(194,'Sliced Chicken Hot Bean',545,2,NULL),
(195,'Thai Chicken Nam Prik Pao',545,2,NULL),
(196,'Sliced Lamb Sichuan',625,2,NULL),
(197,'Wok Tossed Prawns in Choice of Chinese Sauce',745,2,NULL),
(198,'Steamed Fish OR Crispy Fish in Choice of Chinese Sauce',695,2,NULL),
(199,'Milk Shakes',245,2,NULL),
(200,'Cold Coffee',255,2,NULL),
(201,'Tea & Coffee',145,2,NULL),
(202,'Flavoured Tea',175,2,NULL),
(203,'Cappuccino',205,2,NULL),
(204,'Latte',205,2,NULL),
(205,'Espresso',205,2,NULL),
(206,'Americano',205,2,NULL),
(207,'Mocha',205,2,NULL),
(208,'Hot Chocolate',225,2,NULL),
(209,'Canned Fruit Juice',165,2,NULL),
(210,'Lassi',185,2,NULL),
(211,'Aerated Drink',165,2,NULL),
(212,'Fresh Lime Water or Soda',165,2,NULL),
(213,'Ice Tea',205,2,NULL),
(214,'Bottled Water',100,2,NULL),
(215,'Tiramisu',295,2,NULL),
(216,'Chocolate Mousse',295,2,NULL),
(217,'Brownie Blast',295,2,NULL),
(218,'Warm Apple Crumble',295,2,NULL),
(219,'Blueberry Cheesecake',295,2,NULL),
(220,'Gulab Jamun',165,2,NULL),
(221,'Banana Split',295,2,NULL),
(222,'Fruit Sundae',295,2,NULL),
(223,'Ice cream of your choice',225,2,NULL),
(224,'Kulfi with Rabri',375,2,NULL),
(225,'Badaami Kheer',225,2,NULL),
(226,'Vodka Infused Gulab Jamun',295,2,NULL),
(227,'CHICKEN MEATBALL PASTA',495,2,NULL),
(228,'PENNE WITH MUSHROOMS',455,2,NULL),
(229,'PENNE WITH GRILLED VEG.',455,2,NULL),
(230,'CHICKEN BOLOGNESE PASTA',495,2,NULL),
(231,'PENNE WITH CHICKEN',495,2,NULL),
(232,'BROCCOLI MUSHROOM RISOTTO',465,2,NULL),
(233,'CHICKEN RISOTTO',535,2,NULL),
(234,'HOTSPOT CHICKEN PIZZA',525,2,NULL),
(235,'Meat Lovers Pizza',575,2,NULL),
(236,'CHICKEN TIKKA PIZZA',505,2,NULL),
(237,'Pepperoni Pizza',595,2,NULL),
(238,'MAMA\'S MARGHERITA',415,2,NULL),
(239,'NEAPOLITAN PIZZA',485,2,NULL),
(240,'Farmville Pizza',475,2,NULL),
(241,'Peri Peri Paneer Pizza',485,2,NULL),
(242,'EXTRA CHEESE',100,2,NULL),
(243,'TEX MEX CHICKEN BURGER',455,2,NULL),
(244,'Ultimate Chicken Burger',455,2,NULL),
(245,'MOLTEN CHEESE MUTTON BURGER',545,2,NULL),
(246,'DOUBLE DECKER VEGGIE BURGER',405,2,NULL),
(247,'Penang Curry Vegetarian',455,2,NULL),
(248,'Penang Curry Non Veg',535,2,NULL),
(249,'Penang Curry Non Veg',595,2,NULL),
(250,'Thai Green Curry Veg.',455,2,NULL),
(251,'Thai Red Curry NonVeg',535,2,NULL),
(252,'Thai Red Curry NonVeg',595,2,NULL),
(253,'Burmese Curry Veg.',455,2,NULL),
(254,'Burmese Curry Chicken',535,2,NULL),
(255,'Hakka Noodles',325,2,NULL),
(256,'Hakka Noodles',375,2,NULL),
(257,'Hakka Noodles',415,2,NULL),
(258,'Chilli Garlic Noodles',325,2,NULL),
(259,'Chilli Garlic Noodles',375,2,NULL),
(260,'Chilli Garlic Noodles',475,2,NULL),
(261,'Pad Thai Noodles',325,2,NULL),
(262,'Pad Thai Noodles',375,2,NULL),
(263,'Pad Thai Noodles',415,2,NULL),
(264,'Fried Rice',325,2,NULL),
(265,'Fried Rice',375,2,NULL),
(266,'Fried Rice',415,2,NULL),
(267,'Fried Rice',415,2,NULL),
(268,'Chilli Garlic Fried Rice',325,2,NULL),
(269,'Chilli Garlic Fried Rice',375,2,NULL),
(270,'Chilli Garlic Fried Rice',415,2,NULL),
(271,'Pan Fried Noodles',425,2,NULL),
(272,'Pan Fried Noodles',475,2,NULL),
(273,'Pan Fried Noodles',525,2,NULL),
(274,'Steamed Rice',235,2,NULL),
(275,'330ml mug',335,2,NULL),
(276,'500ml mug',445,2,NULL),
(277,'1.5Ltr Pitcher',1195,2,NULL),
(278,'3Ltr Tower',1995,2,NULL),
(279,'330ml mug',335,2,NULL),
(280,'500ml mug',445,2,NULL),
(281,'1.5Ltr Pitcher',1195,2,NULL),
(282,'3Ltr Tower',1995,2,NULL),
(283,'330ml mug',335,2,NULL),
(284,'500ml mug',445,2,NULL),
(285,'1.5Ltr Pitcher',1195,2,NULL),
(286,'3Ltr Tower',1995,2,NULL),
(287,'330ml mug',335,2,NULL),
(288,'500ml mug',445,2,NULL),
(289,'1.5Ltr Pitcher',1195,2,NULL),
(290,'3Ltr Tower.',1995,2,NULL),
(291,'3 0 M L',325,2,NULL),
(292,'half',3455,2,NULL),
(293,'full',6095,2,NULL),
(294,'3 0 M L',335,2,NULL),
(295,'half',3560,2,NULL),
(296,'full',6280,2,NULL),
(297,'3 0 M L',335,2,NULL),
(298,'half',3560,2,NULL),
(299,'full',6280,2,NULL),
(300,'3 0 M L',315,2,NULL),
(301,'half',3345,2,NULL),
(302,'full',5905,2,NULL),
(303,'3 0 M L',335,2,NULL),
(304,'half',3560,2,NULL),
(305,'full',6280,2,NULL),
(306,'3 0 M L',445,2,NULL),
(307,'half',4730,2,NULL),
(308,'full',8345,2,NULL),
(309,'3 0 M L',485,2,NULL),
(310,'half',5155,2,NULL),
(311,'full',9095,2,NULL),
(312,'3 0 M L',485,2,NULL),
(313,'half',5155,2,NULL),
(314,'full',9095,2,NULL),
(315,'3 0 M L',595,2,NULL),
(316,'half',6320,2,NULL),
(317,'full',11155,2,NULL),
(318,'3 0 M L',695,2,NULL),
(319,'half',7385,2,NULL),
(320,'full',13030,2,NULL),
(321,'3 0 M L',695,2,NULL),
(322,'half',7385,2,NULL),
(323,'full',13030,2,NULL),
(324,'3 0 M L',1495,2,NULL),
(325,'half',17755,2,NULL),
(326,'full',33640,2,NULL),
(327,'3 0 M L',1995,2,NULL),
(328,'half',23690,2,NULL),
(329,'full',44890,2,NULL),
(330,'3 0 M L',565,2,NULL),
(331,'half',6005,2,NULL),
(332,'full',10595,2,NULL),
(333,'3 0 M L',545,2,NULL),
(334,'half',5790,2,NULL),
(335,'full',10220,2,NULL),
(336,'3 0 M L',565,2,NULL),
(337,'half',6005,2,NULL),
(338,'full',10595,2,NULL),
(339,'3 0 M L',565,2,NULL),
(340,'half',6005,2,NULL),
(341,'full',10595,2,NULL),
(342,'3 0 M L',695,2,NULL),
(343,'half',7385,2,NULL),
(344,'full',13030,2,NULL),
(345,'3 0 M L',695,2,NULL),
(346,'half',7385,2,NULL),
(347,'full',13030,2,NULL),
(348,'G L A S S',345,2,NULL),
(349,'Glass',345,2,NULL),
(350,'Glass',345,2,NULL),
(351,'Glass',345,2,NULL),
(352,'Glass',345,2,NULL),
(353,'Glass',345,2,NULL),
(354,'Glass',345,2,NULL),
(355,'Glass',345,2,NULL),
(356,'Glass',345,2,NULL),
(357,'Glass',345,2,NULL),
(358,'Glass',345,2,NULL),
(359,'Glass',345,2,NULL),
(361,'POMEGRENATE & GINGER',355,2,NULL),
(362,'KAFFIR LIME & ORANGE',355,2,NULL),
(363,'WATERMELON AND MINT',355,2,NULL),
(364,'BLACK MAGIC',355,2,NULL),
(366,'PEANUTS ( MASALA)',185,2,NULL),
(367,'PEANUTS (SALTED)',125,2,NULL),
(368,'PAPAD (ROASTED)',85,2,NULL),
(369,'PAPAD (MASALA)',125,2,NULL),
(370,'GARLIC BREAD (04 PC.)',325,2,NULL),
(371,'Gin and tonic',445,2,NULL),
(372,'BLUE LAGOON',445,2,NULL),
(373,'MARGARITA',525,2,NULL),
(374,'MOJITO',445,2,NULL),
(375,'MOJITO RASPBERRY',445,2,NULL),
(376,'BLOODY MARY',445,2,NULL),
(377,'TEQUILA SUNSET',525,2,NULL),
(378,'SEX ON THE BEACH',445,2,NULL),
(379,'PINA COLADA',445,2,NULL),
(380,'DAIQUIRI',445,2,NULL),
(381,'WHISKEY SOUR',445,2,NULL),
(382,'COSMOPOLITAN',445,2,NULL),
(383,'SCREWDRIVER',445,2,NULL),
(384,'LONG ISLAND ICE TEA (120ML)',625,2,NULL),
(385,'SINGAPORE SLING',445,2,NULL),
(386,'BERRY BLAST',445,2,NULL),
(387,'ESPRESSO MARTINI',445,2,NULL),
(388,'STRAWBERRY COOLER',445,2,NULL),
(389,'POMERITA',525,2,NULL),
(390,'3 0 M L',325,2,NULL),
(391,'half',3455,2,NULL),
(392,'full',6095,2,NULL),
(393,'3 0 M L',495,2,NULL),
(394,'half',5260,2,NULL),
(395,'full',9280,2,NULL),
(396,'3 0 M L',295,2,NULL),
(397,'half',3135,2,NULL),
(398,'full',5530,2,NULL),
(399,'3 0 M L',295,2,NULL),
(400,'half',3135,2,NULL),
(401,'full',5530,2,NULL),
(402,'3 0 M L',295,2,NULL),
(403,'half',3135,2,NULL),
(404,'full',5530,2,NULL),
(405,'3 0 M L',295,2,NULL),
(406,'half',3135,2,NULL),
(407,'full',5530,2,NULL),
(408,'3 0 M L',295,2,NULL),
(409,'half',3135,2,NULL),
(410,'full',5530,2,NULL),
(411,'3 0 M L',295,2,NULL),
(412,'half',3135,2,NULL),
(413,'full',5530,2,NULL),
(414,'3 0 M L',295,2,NULL),
(415,'half',3135,2,NULL),
(416,'full',5530,2,NULL),
(417,'3 0 M L',325,2,NULL),
(418,'half',3455,2,NULL),
(419,'full',6095,2,NULL),
(420,'3 0 M L',325,2,NULL),
(421,'half',3455,2,NULL),
(422,'full',6095,2,NULL),
(423,'3 0 M L',325,2,NULL),
(424,'half',3455,2,NULL),
(425,'full',6095,2,NULL),
(426,'3 0 M L',295,2,NULL),
(427,'half',3135,2,NULL),
(428,'full',5530,2,NULL),
(429,'3 0 M L',295,2,NULL),
(430,'half',3135,2,NULL),
(431,'full',5530,2,NULL),
(432,'3 0 M L',295,2,NULL),
(433,'half',3135,2,NULL),
(434,'full',5530,2,NULL),
(435,'3 0 M L',295,2,NULL),
(436,'half',3135,2,NULL),
(437,'full',5530,2,NULL),
(438,'3 0 M L',295,2,NULL),
(439,'half',3135,2,NULL),
(440,'full',5530,2,NULL),
(441,'3 0 M L',425,2,NULL),
(442,'half',4515,2,NULL),
(443,'full',7970,2,NULL),
(444,'3 0 M L',535,2,NULL),
(445,'half',5685,2,NULL),
(446,'full',10030,2,NULL),
(447,'3 0 M L',535,2,NULL),
(448,'half',5685,2,NULL),
(449,'full',10030,2,NULL),
(450,'3 0 M L',295,2,NULL),
(451,'half',3135,2,NULL),
(452,'full',5530,2,NULL),
(453,'3 0 M L',295,2,NULL),
(454,'half',3135,2,NULL),
(455,'full',5530,2,NULL),
(456,'3 0 M L',295,2,NULL),
(457,'half',3135,2,NULL),
(458,'full',5530,2,NULL),
(459,'3 0 M L',275,2,NULL),
(460,'half',2920,2,NULL),
(461,'full',5155,2,NULL),
(462,'3 0 M L',295,2,NULL),
(463,'half',3135,2,NULL),
(464,'full',5530,2,NULL),
(465,'3 0 M L',295,2,NULL),
(466,'half',3135,2,NULL),
(467,'full',5530,2,NULL),
(468,'3 0 M L',415,2,NULL),
(469,'half',4410,2,NULL),
(470,'full',7780,2,NULL),
(471,'3 0 M L',265,2,NULL),
(472,'half',2815,2,NULL),
(473,'full',4970,2,NULL),
(474,'3 0 M L',415,2,NULL),
(475,'half',4410,2,NULL),
(476,'full',7780,2,NULL),
(477,'3 0 M L',415,2,NULL),
(478,'half',4410,2,NULL),
(479,'full',7780,2,NULL),
(480,'3 0 M L',415,2,NULL),
(481,'half',4410,2,NULL),
(482,'full',7780,2,NULL),
(483,'3 0 M L',495,2,NULL),
(484,'half',5260,2,NULL),
(485,'full',9280,2,NULL),
(486,'3 0 M L',415,2,NULL),
(487,'half',4410,2,NULL),
(488,'full',7780,2,NULL),
(489,'3 0 M L',575,2,NULL),
(490,'6 Shots',2875,2,NULL),
(491,'Full',3585,2,NULL),
(492,'full',4995,2,NULL),
(493,'half',1495,2,NULL),
(494,'full',2385,2,NULL),
(495,'half',2195,2,NULL),
(496,'full',3995,2,NULL),
(497,'half',1495,2,NULL),
(498,'full',2385,2,NULL),
(499,'half',495,2,NULL),
(500,'Pitcher (3 glasses)',1365,2,NULL),
(501,'BACARDI BREEZER',325,2,NULL),
(502,'AERATED DRINKS',165,2,NULL),
(503,'ENERGY DRINK',350,2,NULL),
(504,'CANNED JUICE',165,2,NULL),
(505,'TONIC WATER',205,2,NULL),
(506,'Bottled Water',100,2,NULL),
(507,'FRESH LIME SODA',165,2,NULL),
(508,'SODA',95,2,NULL),
(509,'LEMON ICE TEA',205,2,NULL),
(510,'3 0 M L',345,2,NULL),
(511,'6 S H O T S',1725,2,NULL),
(512,'3 0 M L',545,2,NULL),
(513,'6 SHOTS',2725,2,NULL),
(514,'3 0 M L',345,2,NULL),
(515,'6 SHOTS',1725,2,NULL),
(516,'3 0 M L',575,2,NULL),
(517,'6 SHOTS',2875,2,NULL),
(518,'3 0 M L',545,2,NULL),
(519,'6 SHOTS',2725,2,NULL),
(520,'3 0 M L',545,2,NULL),
(521,'6 SHOTS',2725,2,NULL),
(522,'3 0 M L',545,2,NULL),
(523,'6 SHOTS',2725,2,NULL),
(524,'Dark chocolate shake',150,3,NULL),
(525,'Chocolate Shake',120,3,NULL),
(526,'Butter scotch',130,3,NULL),
(527,'Vanilla',125,3,NULL),
(528,'Bread jam',80,3,NULL),
(529,'Bread peanut butter',110,3,NULL),
(530,'Bread omelette',99,3,NULL),
(531,'Plain omelette',70,3,NULL),
(532,'Masala omelette',90,3,NULL),
(533,'Boiled eggs',75,3,NULL),
(534,'Aloo Prantha (2 psc with curd bowl)',150,3,NULL),
(535,'Onion Prantha (2 psc with curd bowl)',135,3,NULL),
(536,'Gobhi Prantha (2 psc with curd bowl)',170,3,NULL),
(537,'Paneer prantha (2pcs with curd bowl)',180,3,NULL),
(538,'Paneer prantha (2pcs with curd bowl)',180,3,NULL),
(539,'Mix  prantha (2psc with curd bowl)',160,3,NULL),
(540,'Curd',40,3,NULL),
(541,'Puri Bhaji',130,3,NULL),
(542,'Chole puri',150,3,NULL),
(543,'Poha',70,3,NULL),
(544,'Extra bhurji with bread',150,3,NULL),
(545,'Extra puri',15,3,NULL),
(546,'Bread omelette',0,3,NULL),
(547,'Butter toast',0,3,NULL),
(548,'Egg bhurji with bread',0,3,NULL),
(549,'Poha',0,3,NULL),
(550,'Bread jam',0,3,NULL),
(551,'Grilled sandwich',0,3,NULL),
(552,'Veg. sandwich',0,3,NULL),
(553,'Masala omelette',0,3,NULL),
(554,'Cornflakes with milk',0,3,NULL),
(555,'Tea/Coffee/Green tea/Black tea',0,3,NULL),
(556,'Sweet lassi/ Salted lassi',0,3,NULL),
(557,'Boiled eggs(3 psc)',0,3,NULL),
(558,'Bread peanut butter',0,3,NULL),
(559,'Papad Dry (2pcs)',50,3,NULL),
(560,'Papad Fry (2pcs)',60,3,NULL),
(561,'Masala papad(2pcs)',80,3,NULL),
(562,'Veg cutlet',99,3,NULL),
(563,'Aloo tikki',80,3,NULL),
(564,'Cheese cutlet',130,3,NULL),
(565,'Finger chips',99,3,NULL),
(566,'Cheese finger',160,3,NULL),
(567,'Veg Pakora',130,3,NULL),
(568,'Cheese Pakora',160,3,NULL),
(569,'Mix Pakora',170,3,NULL),
(570,'Bread pakora',110,3,NULL),
(571,'Peanut Masala',110,3,NULL),
(572,'Veg. maggi',80,3,NULL),
(573,'Egg maggi',99,3,NULL),
(574,'Plain maggi',60,3,NULL),
(575,'Cheese Chilly(dry)',270,3,NULL),
(576,'Cheese Chilly(gravy)',310,3,NULL),
(577,'Honey Chilli Potato',120,3,NULL),
(578,'Honey cauliflower',150,3,NULL),
(579,'Potato balls',120,3,NULL),
(580,'Chana chaat',130,3,NULL),
(582,'Aloo chaat',110,3,NULL),
(583,'Veg kabab',99,3,NULL),
(584,'Gol Gappa',99,3,NULL),
(585,'Mushroom chilly',180,3,NULL),
(586,'half',250,3,NULL),
(587,'full',400,3,NULL),
(588,'half',260,3,NULL),
(589,'full',390,3,NULL),
(590,'half',250,3,NULL),
(591,'full',450,3,NULL),
(592,'half',299,3,NULL),
(593,'full',550,3,NULL),
(594,'half',350,3,NULL),
(595,'full',499,3,NULL),
(596,'half',270,3,NULL),
(597,'full',399,3,NULL),
(598,'half',320,3,NULL),
(599,'full',499,3,NULL),
(600,'half',270,3,NULL),
(601,'full',400,3,NULL),
(602,'half',370,3,NULL),
(603,'full',499,3,NULL),
(604,'half',480,3,NULL),
(605,'full',680,3,NULL),
(606,'Chicken Thai Fai',580,3,NULL),
(607,'Green Salad',70,3,NULL),
(608,'Onion Salad',70,3,NULL),
(609,'Boondi Raita',90,3,NULL),
(610,'Mix raita',110,3,NULL),
(611,'Pineapple raita',140,3,NULL),
(612,'Plain curd',40,3,NULL),
(613,'Onion raita',40,3,NULL),
(614,'Tomato Salad',40,3,NULL),
(615,'Cucumber Salad',40,3,NULL),
(616,'Tomato Soup',90,3,NULL),
(617,'Veg Soup',120,3,NULL),
(618,'veg manchow soup',150,3,NULL),
(619,'Sweet Corn Soup',170,3,NULL),
(620,'Hot & Sour',130,3,NULL),
(621,'Veg clear soup',100,3,NULL),
(622,'Chicken Soup',220,3,NULL),
(623,'Chicken Sweet Corn Soup',210,3,NULL),
(624,'Chicken Manchow',250,3,NULL),
(625,'Chicken Hot & Sour',210,3,NULL),
(626,'Tea',25,3,NULL),
(627,'Masala Tea',40,3,NULL),
(628,'Milk tea',40,3,NULL),
(629,'Lemon tea',45,3,NULL),
(630,'Green tea',25,3,NULL),
(631,'Ice tea',70,3,NULL),
(632,'Hot Coffee',40,3,NULL),
(633,'Cold Coffee',88,3,NULL),
(634,'cold coffee with ice cream',130,3,NULL),
(635,'Hot Milk',60,3,NULL),
(636,'Bournvita milk',80,3,NULL),
(637,'Cold Drink',40,3,NULL),
(638,'Soda 500ml',40,3,NULL),
(639,'Bisleri water',25,3,NULL),
(640,'Lassi Salted',49,3,NULL),
(641,'Lassi Sweet',65,3,NULL),
(642,'Ice cube (bucket)',49,3,NULL),
(643,'Fresh Lemon Soda',60,3,NULL),
(644,'Fresh lemon water',40,3,NULL),
(645,'Jal Jeera Water',30,3,NULL),
(646,'Red bull',135,3,NULL),
(647,'Mojito',99,3,NULL),
(648,'Spring roll',80,3,NULL),
(649,'Teekha Aloo roll',99,3,NULL),
(650,'Mix.veg roll',110,3,NULL),
(651,'Paneer roll',130,3,NULL),
(652,'Chicken roll',210,3,NULL),
(653,'Plain rice',99,3,NULL),
(654,'Daal khichdi',99,3,NULL),
(655,'Jeera rice',135,3,NULL),
(656,'Kashmiri pulaw',220,3,NULL),
(657,'Matar pulaw',149,3,NULL),
(658,'Cheese pulaw',199,3,NULL),
(659,'Veg Pulaw',180,3,NULL),
(660,'Yellow special biryani',399,3,NULL),
(661,'Veg biryani',199,3,NULL),
(662,'Veg Dum biryani',259,3,NULL),
(663,'Egg biryani',230,3,NULL),
(664,'Cheese biryani',270,3,NULL),
(665,'Chicken biryani',299,3,NULL),
(666,'Chicken Hyderabadi',360,3,NULL),
(667,'Hakka noodles',149,3,NULL),
(668,'Veg. noodles',149,3,NULL),
(669,'Egg noodle',180,3,NULL),
(670,'chicken hakka  noodle',249,3,NULL),
(671,'chicken Choupsey',410,3,NULL),
(672,'Veg Choupsey',230,3,NULL),
(673,'Cheese Choupsey',280,3,NULL),
(674,'Veg Manchurian Dry',199,3,NULL),
(675,'Veg Manchurian Gravy',230,3,NULL),
(676,'Cheese Chilly with gravy',199,3,NULL),
(677,'Cheese Chilly dry',179,3,NULL),
(678,'Mushroom Chilli',199,3,NULL),
(679,'Fried Rice Veg',199,3,NULL),
(680,'Chicken Fried rice',310,3,NULL),
(681,'Main',100,2,12),
(682,'Veg Thali',310,3,NULL),
(683,'Dal Tadka',150,3,NULL),
(684,'Dal Bukhara',200,3,NULL),
(685,'Dal Panchratni',210,3,NULL),
(686,'Rajma Dal',199,3,NULL),
(687,'Dal Makhni',180,3,NULL),
(688,'Jeera Aloo',150,3,NULL),
(689,'Dum Aloo',160,3,NULL),
(690,'Mix Veg',170,3,NULL),
(691,'Mushroom masala',210,3,NULL),
(692,'Tawa Mushroom Masala',250,3,NULL),
(693,'Mushroom Matar',230,3,NULL),
(694,'Chittey Cholle',210,3,NULL),
(695,'Matar Paneer',199,3,NULL),
(696,'Shahi Paneer',260,3,NULL),
(697,'Mushroom Butter',239,3,NULL),
(698,'paneer butter masala',250,3,NULL),
(699,'Kadai Paneer',230,3,NULL),
(700,'Palak Paneer',210,3,NULL),
(701,'Methi malai paneer',250,3,NULL),
(702,'Paneer pasanda',299,3,NULL),
(703,'Malai Kofta',240,3,NULL),
(704,'Gobi Masala',149,3,NULL),
(705,'Channa masala',180,3,NULL),
(706,'Mushroom da pyaza',220,3,NULL),
(707,'Paneer Bhurji',210,3,NULL),
(708,'Non veg thali',420,3,NULL),
(709,'Egg curry',180,3,NULL),
(710,'Yellow special chicken (half)',499,3,NULL),
(711,'Yellow special chicken (full)',550,3,NULL),
(712,'Chicken curry (half)',299,3,NULL),
(713,'Chicken curry (full)',450,3,NULL),
(714,'Chicken Masala (half)',299,3,NULL),
(715,'Chicken Masala (full)',480,3,NULL),
(716,'Butter Chicken (half)',320,3,NULL),
(717,'Butter Chicken (full)',499,3,NULL),
(718,'Kadai Chicken (half)',320,3,NULL),
(719,'Kadai Chicken (full)',480,3,NULL),
(720,'Mughlai Chicken(half)',350,3,NULL),
(721,'Mughlai Chicken(full)',550,3,NULL),
(722,'Tawa Chicken (half)',350,3,NULL),
(723,'Tawa Chicken (full)',480,3,NULL),
(724,'Rahra chicken (half)',380,3,NULL),
(725,'Rahra chicken  (full)',520,3,NULL),
(726,'Cream Chicken (half)',399,3,NULL),
(727,'Cream Chicken (full)',520,3,NULL),
(728,'Ghr ka tari wala chicken (half)',350,3,NULL),
(729,'Ghr ka tari wala chicken (full)',499,3,NULL),
(730,'Chef Special Chicken (half)',499,3,NULL),
(731,'Chef Special Chicken (full)',599,3,NULL),
(732,'Chicken Do Pyaza',399,3,NULL),
(733,'Chicken Do Pyaza',480,3,NULL),
(734,'Mutton Curry(half)',550,3,NULL),
(735,'Mutton Curry(full)',670,3,NULL),
(736,'Plain tawa roti',15,3,NULL),
(737,'Butter tawa roti',25,3,NULL),
(738,'Ajwain tawa roti',30,3,NULL),
(739,'Tawa prantha',35,3,NULL),
(740,'Tawa  Laccha Prantha',45,3,NULL),
(741,'Plain Prantha',35,3,NULL),
(742,'Vanilla ice cream (single)',70,3,NULL),
(743,'Vanilla ice cream (double)',110,3,NULL),
(744,'Strawberry icecream (single)',70,3,NULL),
(745,'Strawberry icecream (double)',110,3,NULL),
(746,'Butter scotch ice cream (single)',99,3,NULL),
(747,'Butter scotch ice cream (double)',130,3,NULL),
(748,'Chocolate ice cream( single)',99,3,NULL),
(749,'Chocolate ice cream( double)',140,3,NULL),
(750,'Gulab jamun 2psc',50,3,NULL),
(751,'Cake',450,3,NULL),
(752,'Stuffed Prantha With Curd',180,4,NULL),
(753,'Puri Bhaji',180,4,NULL),
(754,'Channa Bhatura',180,4,NULL),
(755,'Egg to order',180,4,NULL),
(756,'Packaged Bottle water',40,4,NULL),
(757,'Aerated Drinks',65,4,NULL),
(758,'Energy drink',200,4,NULL),
(759,'Diet coke',95,4,NULL),
(760,'CANNED JUICE',115,4,NULL),
(761,'Fresh lime soda',95,4,NULL),
(762,'Fresh lime water',75,4,NULL),
(763,'Tea',75,4,NULL),
(764,'Coffee',85,4,NULL),
(765,'Choice of shakes',150,4,NULL),
(766,'Cold coffee',150,4,NULL),
(767,'Cold coffee with ice cream',175,4,NULL),
(768,'Paneer tikka',375,4,NULL),
(769,'Paneer noorjahan tikka',375,4,NULL),
(770,'Paneer kali mirch tikka',375,4,NULL),
(771,'Paneer Haryali Tikka',375,4,NULL),
(772,'Dahi ke kebab',375,4,NULL),
(773,'Corn salt \"N\" pepper',325,4,NULL),
(774,'Stuffed  mushroom',375,4,NULL),
(775,'Tandoori stuffed potato',285,4,NULL),
(776,'Tandoori Veg. Platter',545,4,NULL),
(777,'Paneer Chilli',355,4,NULL),
(778,'Mushroom Chilli',355,4,NULL),
(779,'Cheese lolly pop',375,4,NULL),
(780,'half',395,4,NULL),
(781,'full',595,4,NULL),
(782,'half',395,4,NULL),
(783,'full',595,4,NULL),
(784,'Tangri kebab',475,4,NULL),
(785,'Veg Manchurian Dry',295,4,NULL),
(786,'Vegetable Spring Roll',295,4,NULL),
(787,'Cheese corn roll',325,4,NULL),
(788,'Mushroom Duplex',355,4,NULL),
(789,'Hara Bhara Kebab',295,4,NULL),
(790,'Finger chips',195,4,NULL),
(791,'peanut masala',155,4,NULL),
(792,'Stuffed tangri kebab',495,4,NULL),
(793,'Murg Tikka Angara',475,4,NULL),
(794,'Murg Tikka Lahsooni',475,4,NULL),
(795,'Haryali Murg Tikka',475,4,NULL),
(796,'Kalami Kebab',4775,4,NULL),
(797,'Chilli Chicken',475,4,NULL),
(798,'Lemon Garlic Chicken',475,4,NULL),
(799,'Chicken wings',425,4,NULL),
(800,'Fish Finger',495,4,NULL),
(801,'Fish Tikka Afgani',525,4,NULL),
(802,'Fish Peshawari',525,4,NULL),
(803,'Fish Amritsari',525,4,NULL),
(804,'Non veg platter',655,4,NULL),
(805,'Choice of cream soups',145,4,NULL),
(806,'Choice of cream soup',145,4,NULL),
(807,'Tomato Dhania Shorba',145,4,NULL),
(808,'Sweet corn soup',145,4,NULL),
(809,'Sweet corn soup',165,4,NULL),
(810,'Manchow Soup',145,4,NULL),
(811,'Manchow Soup',165,4,NULL),
(812,'Hot & sour soup',145,4,NULL),
(813,'Hot & sour soup',165,4,NULL),
(814,'Chinese Clear Soup',145,4,NULL),
(815,'Chinese Clear Soup',165,4,NULL),
(816,'Tandoori Roti',45,4,NULL),
(817,'Butter roti',55,4,NULL),
(818,'Tandoori naan',55,4,NULL),
(819,'Butter Naan',55,4,NULL),
(820,'Garlic / Corriander Naan',75,4,NULL),
(821,'Lachha Prantha',65,4,NULL),
(822,'Missi roti',55,4,NULL),
(823,'Choice of kulcha',95,4,NULL),
(824,'Cheese Naan Gravy',225,4,NULL),
(825,'Keema Naan With Gravy',325,4,NULL),
(826,'half',475,4,NULL),
(827,'full',675,4,NULL),
(828,'Chicken Tikka Butter Masala',525,4,NULL),
(829,'half',475,4,NULL),
(830,'full',675,4,NULL),
(831,'half',475,4,NULL),
(832,'full',675,4,NULL),
(833,'Chicken Rahra',525,4,NULL),
(834,'Mutton Rogon Josh',595,4,NULL),
(835,'Mutton Saag Wala',595,4,NULL),
(836,'Mutton Rahra',595,4,NULL),
(837,'Fish Curry',595,4,NULL),
(838,'Steamed Rice',225,4,NULL),
(839,'Choice of pulao',255,4,NULL),
(840,'Vegetable Dum Biryani',375,4,NULL),
(841,'Murg Biryani',495,4,NULL),
(842,'Mutton Biryani',595,4,NULL),
(843,'Chicken Fried Rice',395,4,NULL),
(844,'Dal Makhani',345,4,NULL),
(845,'Dal Palak',295,4,NULL),
(846,'Dal Tadka',325,4,NULL),
(847,'Rajmah Rasmish',295,4,NULL),
(848,'Pindi Channa/ Channa Masala',295,4,NULL),
(849,'Paneer butter masala',395,4,NULL),
(850,'Paneer Makhani',395,4,NULL),
(851,'Paneer Tikka butter masala',395,4,NULL),
(852,'Paneer Pasanda',395,4,NULL),
(853,'Paneer  Karahi',395,4,NULL),
(854,'Matter Paneer',395,4,NULL),
(855,'Palak Paneer',395,4,NULL),
(856,'Paneer Khurchan',375,4,NULL),
(857,'Paneer Lababdar',395,4,NULL),
(858,'Palak corn masala',325,4,NULL),
(859,'Cheese Kofta Curry',355,4,NULL),
(860,'Swan Special Kofta Curry',355,4,NULL),
(861,'Mushroom Mirch Masala',375,4,NULL),
(862,'Shubnam Curry',355,4,NULL),
(863,'SUBZ-E-BAHAR',355,4,NULL),
(864,'Russian Salad',185,4,NULL),
(865,'Spicy Aloo Chat',175,4,NULL),
(866,'Cheese & Pineapple salad',225,4,NULL),
(867,'Green Salad',155,4,NULL),
(868,'Choice of Raita',165,4,NULL),
(869,'Paneer Pakora',255,4,NULL),
(870,'Vegetable Pakora',255,4,NULL),
(871,'Veg. Grilled Sandwich',255,4,NULL),
(872,'Grilled Cheese Sandwich',255,4,NULL),
(873,'Grilled Chicken  Sandwich',325,4,NULL),
(874,'Hot Gulab Jamun',155,4,NULL),
(875,'Choice of icecream',155,4,NULL),
(876,'Tutti Fruitti  (L)',195,4,NULL),
(877,'Tutti Fruitti (s)',155,4,NULL),
(878,'Fruit Cream',195,4,NULL),
(879,'Seasonal Halwa',195,4,NULL),
(880,'Fried ice cream',175,4,NULL),
(881,'Roasted Almond Ice Cream',175,4,NULL),
(882,'Panne  Arrabita Pasta',325,4,NULL),
(883,'Panne Arrabita Pasta',455,4,NULL),
(884,'Chicken In Hot Garlic Souce',455,4,NULL),
(885,'Chilli Paneer Gravy',395,4,NULL),
(886,'Veg Manchurian Gravy',325,4,NULL),
(887,'Veg Hakka Noodles',295,4,NULL),
(888,'Veg Hakka Noodles',325,4,NULL),
(889,'Chilli Garlic Noodles',295,4,NULL),
(890,'Chilli Garlic Noodles',325,4,NULL),
(891,'Vegetable Choupsey',325,4,NULL),
(892,'American Choupsey',395,4,NULL),
(893,'Sangria Glass',545,2,NULL),
(894,'Baileys 30ml',415,2,NULL),
(895,'Baileys Half bottle',4410,2,NULL),
(896,'Baileys Full Bottle',7780,2,NULL),
(897,'Baileys 30ml',415,2,415),
(898,'Baileys Half Bottle',4410,2,4410),
(899,'Baileys full bottle',7780,2,7780),
(900,'30ml',295,2,295),
(901,'Half Bottle',3135,2,3135),
(902,'Full Bottle',5530,2,5530),
(903,'1 portion',225,2,225),
(904,'1 portion',225,2,225),
(905,'1 portion',225,2,225),
(906,'1 portion',225,2,225),
(907,'1 portion',225,2,225),
(908,'1 portion',225,2,225),
(909,'1 portion',225,2,225),
(910,'Continental Breakfast',375,5,NULL),
(911,'Executive Breakfast',465,5,NULL),
(912,'American Breakfast',575,5,NULL),
(913,'Only Eggs',255,5,NULL),
(914,'Eggs with sides',375,5,NULL),
(915,'Chicken Franks',325,5,NULL),
(916,'Toasts',155,5,NULL),
(917,'Toasts',155,5,NULL),
(918,'Fresh Fruit Platter',265,5,NULL),
(919,'Pancakes / Waffles',305,5,NULL),
(920,'French Fries or Masala Fries',225,5,NULL),
(921,'Veggie Fingers',275,5,NULL),
(922,'Corn Cheese Nuggets',275,5,NULL),
(923,'Vegetable Sandwich',225,5,NULL),
(924,'Chicken Sandwich',285,5,NULL),
(925,'Hotspot Chicken Pizza',515,5,NULL),
(926,'Meat Lovers Pizza',555,5,NULL),
(927,'Chicken Tikka Pizza',505,5,NULL),
(928,'Garden Fresh Salad',235,5,NULL),
(929,'Pineapple Corn Salad',285,5,NULL),
(930,'Tamatar Dhania ka Shorba',225,5,NULL),
(931,'Murgh Badami Shorba',245,5,NULL),
(932,'Veg Seekh Kebab',385,5,NULL),
(933,'Paneer Tikka',405,5,NULL),
(934,'Tandoori Mushroom',405,5,NULL),
(935,'Chicken Tikka',455,5,NULL),
(936,'Murgh Malai Tikka',465,5,NULL),
(937,'Tandoori Tangri Kebab',465,5,NULL),
(938,'Paneer Makhani',475,5,NULL),
(939,'Paneer Khatta Pyaaz',475,5,NULL),
(940,'Shahi Paneer',475,5,NULL),
(941,'Kadhai Paneer',475,5,NULL),
(942,'Palak Paneer',475,5,NULL),
(943,'Chicken Chettinad',545,5,NULL),
(944,'Murgh Bemisaal',565,5,NULL),
(945,'Kadhai Chicken',545,5,NULL),
(946,'Butter Chicken',565,5,NULL),
(947,'Chicken Ghee Roast',545,5,NULL),
(948,'Penang Curry Vegetarian',455,5,NULL),
(949,'Penang Curry Non Veg',535,5,NULL),
(950,'Thai Green Curry Veg',455,5,NULL),
(951,'Hakka Noodles',325,5,NULL),
(952,'Chilli Garlic Noodles',325,5,NULL),
(953,'Pad Thai Noodles',325,5,NULL),
(954,'CHICKEN MEATBALL PASTA',495,5,NULL),
(955,'PENNE WITH MUSHROOMS',455,5,NULL),
(956,'PENNE WITH CHICKEN',495,5,NULL),
(957,'BROCCOLI MUSHROOM RISOTTO',465,5,NULL),
(958,'Hotspot Chicken Pizza',525,5,NULL),
(959,'MEAT LOVERS PIZZA',575,5,NULL),
(960,'MAMA\'S MARGHERITA',415,5,NULL),
(961,'FARMVILLE PIZZA',475,5,NULL),
(962,'PERI PERI PANEER PIZZA',485,5,NULL),
(963,'ULTIMATE CHICKEN BURGER',455,5,NULL),
(964,'DOUBLE DECKER VEGGIE BURGER',405,5,NULL),
(965,'MOLTEN CHEESE MUTTON BURGER',545,5,NULL),
(966,'Tiramisu',295,5,NULL),
(967,'Chocolate Mousse',295,5,NULL),
(968,'Banana Split',295,5,NULL),
(969,'Fruit Sundae',295,5,NULL),
(970,'Ice cream of your choice',225,5,NULL),
(971,'Milk Shakes',245,5,NULL),
(972,'Tea & Coffee',145,5,NULL),
(973,'Cold Coffee',255,5,NULL),
(974,'Mocha',205,5,NULL),
(975,'Latte',205,5,NULL),
(976,'330ml mug:',335,5,NULL),
(977,'500ml mug:',445,5,NULL),
(978,'1.5Ltr Pitcher :',1195,5,NULL),
(979,'3Ltr Tower. :',1995,5,NULL),
(980,'330ml mug',335,5,NULL),
(981,'500ml mug:',445,5,NULL),
(982,'Pitcher :',1195,5,NULL),
(983,'3Ltr Tower. :',1995,5,NULL),
(984,'330ml mug:',335,5,NULL),
(985,'500ml mug:',445,5,NULL),
(986,'1.5Ltr Pitcher :',1195,5,NULL),
(987,'3Ltr Tower',1995,5,NULL),
(988,'3 0 M L',325,5,NULL),
(989,'half',3455,5,NULL),
(990,'full',6095,5,NULL),
(991,'3 0 M L',485,5,NULL),
(992,'half',5155,5,NULL),
(993,'full',9095,5,NULL),
(994,'3 0 M L',695,5,NULL),
(995,'half',7385,5,NULL),
(996,'full',13030,5,NULL),
(997,'3 0 M L',545,5,NULL),
(998,'half',5790,5,NULL),
(999,'full',10220,5,NULL),
(1000,'3 0 M L',695,5,NULL),
(1001,'half',7385,5,NULL),
(1002,'full',13030,5,NULL),
(1003,'3 0 M L',695,5,NULL),
(1004,'half',1240,5,NULL),
(1005,'full',3098,5,NULL),
(1006,'3 0 M L',325,5,NULL),
(1007,'half',3455,5,NULL),
(1008,'full',6095,5,NULL),
(1009,'3 0 M L',325,5,NULL),
(1010,'half',3455,5,NULL),
(1011,'full',6095,5,NULL),
(1012,'3 0 M L',325,5,NULL),
(1013,'half',3455,5,NULL),
(1014,'full',6095,5,NULL),
(1015,'3 0 M L',295,5,NULL),
(1016,'half',3135,5,NULL),
(1017,'full',5530,5,NULL),
(1018,'3 0 M L',535,5,NULL),
(1019,'half',5685,5,NULL),
(1020,'full',10030,5,NULL),
(1021,'3 0 M L',415,5,NULL),
(1022,'half',4410,5,NULL),
(1023,'full',7780,5,NULL),
(1024,'American Breakfast',325,4,NULL),
(1025,'Indian breakfast',325,4,NULL),
(1026,'3 0 M L',225,4,NULL),
(1027,'3 0 M L',95,4,NULL),
(1028,'30 ML',225,4,NULL),
(1029,'3 0 M L',125,4,NULL),
(1030,'3 0 M L',225,4,NULL),
(1031,'3 0 M L',275,4,NULL),
(1032,'3 0 M L',275,4,NULL),
(1033,'3 0 M L',150,4,NULL),
(1034,'30 ML',125,4,NULL),
(1035,'3 0 M L',125,4,NULL),
(1036,'3 0 M L',150,4,NULL),
(1037,'3 0 M L',125,4,NULL),
(1038,'3 0 M L',150,4,NULL),
(1039,'3 0 M L',125,4,NULL),
(1040,'3 0 M L',125,4,NULL),
(1041,'3 0 M L',150,4,NULL),
(1042,'3 0 M L',125,4,NULL),
(1043,'3 0 M L',85,4,NULL),
(1044,'3 0 M L',55,4,NULL),
(1045,'3 0 M L',50,4,NULL),
(1046,'3 0 M L',175,4,NULL),
(1047,'3 0 M L',155,4,NULL),
(1048,'3 0 M L',125,4,NULL),
(1049,'3 0 M L',75,4,NULL),
(1050,'3 0 M L',55,4,NULL),
(1051,'3 0 M L',45,4,NULL),
(1052,'3 0 M L',95,4,NULL),
(1053,'3 0 M L',155,4,NULL),
(1054,'3 0 M L',155,4,NULL),
(1055,'3 0 M L',150,4,NULL),
(1056,'3 0 M L',150,4,NULL),
(1057,'3 0 M L',175,4,NULL),
(1058,'3 0 M L',175,4,NULL),
(1059,'3 0 M L',175,4,NULL),
(1060,'3 0 M L',175,4,NULL),
(1061,'3 0 M L',305,4,NULL),
(1062,'3 0 M L',330,4,NULL),
(1063,'3 0 M L',205,4,NULL),
(1064,'3 0 M L',205,4,NULL),
(1065,'3 0 M L',205,4,NULL),
(1066,'3 0 M L',195,4,NULL),
(1067,'3 0 M L',205,4,NULL),
(1068,'3 0 M L',285,4,NULL),
(1069,'3 0 M L',205,4,NULL),
(1070,'3 0 M L',245,4,NULL),
(1071,'Jacob Creek  Shiraz Cabernet - Red',1600,4,NULL),
(1072,'Jacob creek chardonnay - white',1600,4,NULL),
(1073,'Four season shiraz',1195,4,NULL),
(1074,'Four Season Chenin Blane',1195,4,NULL),
(1075,'Areated water',40,4,NULL),
(1076,'Packaged Water Bottle',30,4,NULL),
(1077,'Diet drinks',75,4,NULL),
(1078,'Fresh Lime Soda',75,4,NULL),
(1079,' Butter / Margarine',200,5,NULL),
(1080,' Milk',30,5,NULL),
(1081,' Yogurt',50,5,NULL),
(1082,' Bathroom cleaner',90,5,NULL),
(1083,' Garbage bags',50,5,NULL),
(1084,' Cookies',70,5,NULL),
(1085,' Dried fruit',50,5,NULL),
(1086,'Fresh Lime Soda',75,4,NULL),
(1087,'fresh lime water',65,4,NULL),
(1088,'Green Leaf Tea',75,4,NULL),
(1089,'Green Leaf Tea',75,4,NULL),
(1090,'Ice Tea',95,4,NULL),
(1091,'Cold Coffee',115,4,NULL),
(1092,'Cold Coffee With Ice Cream',135,4,NULL),
(1093,'Choice of Canned Juice',95,4,NULL),
(1094,'Choice of Shakes',125,4,NULL),
(1095,'Soda',40,4,NULL),
(1096,'Ice',40,4,NULL),
(1097,'Energy Drinks (Red Bull)',175,4,NULL),
(1098,'Long Island Ice Tea',425,4,NULL),
(1099,'Screw Driver',225,4,NULL),
(1100,'Cosmopolitian',225,4,NULL),
(1101,'Sex On the beach',225,4,NULL),
(1102,'Black Russian',225,4,NULL),
(1103,'Caprioska',225,4,NULL),
(1104,'Mojito',225,4,NULL),
(1105,'Pinacolada',225,4,NULL),
(1106,'Bloody Marry',225,4,NULL),
(1107,'Margritta',225,4,NULL),
(1108,'SHOOTER B52',225,4,NULL),
(1109,'Brain Hemorrhage',225,4,NULL),
(1110,'Killing Me Softly',135,4,NULL),
(1111,'Just For You',135,4,NULL),
(1112,'Adam\'s Eve',135,4,NULL),
(1113,'Fruit Punch',135,4,NULL),
(1114,'Passion on Fire',135,4,NULL),
(1115,'Guava Marry',135,4,NULL),
(1116,'Virgin Mojito',135,4,NULL),
(1117,'Summer Green',135,4,NULL),
(1118,'Virgin Pina Colada',135,4,NULL);
/*!40000 ALTER TABLE `stores_price` ENABLE KEYS */;
UNLOCK TABLES;

--
-- Table structure for table `stores_servicecart`
--

DROP TABLE IF EXISTS `stores_servicecart`;
/*!40101 SET @saved_cs_client     = @@character_set_client */;
/*!40101 SET character_set_client = utf8 */;
CREATE TABLE `stores_servicecart` (
  `id` bigint(20) NOT NULL AUTO_INCREMENT,
  `created_at` datetime(6) NOT NULL,
  `room_id` bigint(20) NOT NULL,
  `service_id` bigint(20) NOT NULL,
  `price` int(11) NOT NULL,
  `quantity` int(11) NOT NULL,
  PRIMARY KEY (`id`),
  UNIQUE KEY `stores_servicecart_room_id_service_id_1bd151f9_uniq` (`room_id`,`service_id`),
  KEY `stores_servicecart_service_id_7258fec6_fk_dashboard_service_id` (`service_id`),
  CONSTRAINT `stores_servicecart_room_id_4faea897_fk_dashboard_room_id` FOREIGN KEY (`room_id`) REFERENCES `dashboard_room` (`id`),
  CONSTRAINT `stores_servicecart_service_id_7258fec6_fk_dashboard_service_id` FOREIGN KEY (`service_id`) REFERENCES `dashboard_service` (`id`)
) ENGINE=InnoDB AUTO_INCREMENT=17 DEFAULT CHARSET=utf8mb4 COLLATE=utf8mb4_general_ci;
/*!40101 SET character_set_client = @saved_cs_client */;

--
-- Dumping data for table `stores_servicecart`
--

LOCK TABLES `stores_servicecart` WRITE;
/*!40000 ALTER TABLE `stores_servicecart` DISABLE KEYS */;
INSERT INTO `stores_servicecart` VALUES
(8,'2023-11-08 01:52:34.397962',96,2,0,1);
/*!40000 ALTER TABLE `stores_servicecart` ENABLE KEYS */;
UNLOCK TABLES;

--
-- Table structure for table `stores_serviceorder`
--

DROP TABLE IF EXISTS `stores_serviceorder`;
/*!40101 SET @saved_cs_client     = @@character_set_client */;
/*!40101 SET character_set_client = utf8 */;
CREATE TABLE `stores_serviceorder` (
  `id` bigint(20) NOT NULL AUTO_INCREMENT,
  `order_id` varchar(8) NOT NULL,
  `total_price` decimal(10,2) DEFAULT NULL,
  `status` smallint(6) NOT NULL,
  `created_at` datetime(6) NOT NULL,
  `updated_at` datetime(6) NOT NULL,
  `room_id` bigint(20) NOT NULL,
  `note` varchar(250) DEFAULT NULL,
  PRIMARY KEY (`id`),
  UNIQUE KEY `order_id` (`order_id`),
  KEY `stores_serviceorder_room_id_a850f632_fk_dashboard_room_id` (`room_id`),
  CONSTRAINT `stores_serviceorder_room_id_a850f632_fk_dashboard_room_id` FOREIGN KEY (`room_id`) REFERENCES `dashboard_room` (`id`)
) ENGINE=InnoDB AUTO_INCREMENT=13 DEFAULT CHARSET=utf8mb4 COLLATE=utf8mb4_general_ci;
/*!40101 SET character_set_client = @saved_cs_client */;

--
-- Dumping data for table `stores_serviceorder`
--

LOCK TABLES `stores_serviceorder` WRITE;
/*!40000 ALTER TABLE `stores_serviceorder` DISABLE KEYS */;
INSERT INTO `stores_serviceorder` VALUES
(1,'86343825',0.00,2,'2023-10-25 18:56:30.782671','2023-10-25 18:57:32.250031',101,'None'),
(2,'29474916',0.00,0,'2023-10-30 18:29:36.039515','2023-10-30 18:29:36.387550',101,NULL),
(3,'97812661',0.00,0,'2023-11-08 01:05:31.539267','2023-11-08 01:05:31.550536',101,NULL),
(4,'81887346',0.00,0,'2023-11-08 01:07:03.098321','2023-11-08 01:07:03.110040',101,NULL),
(5,'95477945',0.00,0,'2023-11-08 01:45:03.910262','2023-11-08 01:45:03.935272',96,NULL),
(6,'16875572',0.00,0,'2023-11-14 20:26:29.333409','2023-11-14 20:26:29.712256',101,NULL),
(12,'91324638',0.00,1,'2023-12-08 15:54:30.444526','2023-12-08 15:55:11.026774',141,'None');
/*!40000 ALTER TABLE `stores_serviceorder` ENABLE KEYS */;
UNLOCK TABLES;

--
-- Table structure for table `stores_serviceorder_services`
--

DROP TABLE IF EXISTS `stores_serviceorder_services`;
/*!40101 SET @saved_cs_client     = @@character_set_client */;
/*!40101 SET character_set_client = utf8 */;
CREATE TABLE `stores_serviceorder_services` (
  `id` bigint(20) NOT NULL AUTO_INCREMENT,
  `serviceorder_id` bigint(20) NOT NULL,
  `serviceorderitem_id` bigint(20) NOT NULL,
  PRIMARY KEY (`id`),
  UNIQUE KEY `stores_serviceorder_serv_serviceorder_id_service__add50526_uniq` (`serviceorder_id`,`serviceorderitem_id`),
  KEY `stores_serviceorder__serviceorderitem_id_e140a24e_fk_stores_se` (`serviceorderitem_id`),
  CONSTRAINT `stores_serviceorder__serviceorder_id_e3ae7d85_fk_stores_se` FOREIGN KEY (`serviceorder_id`) REFERENCES `stores_serviceorder` (`id`),
  CONSTRAINT `stores_serviceorder__serviceorderitem_id_e140a24e_fk_stores_se` FOREIGN KEY (`serviceorderitem_id`) REFERENCES `stores_serviceorderitem` (`id`)
) ENGINE=InnoDB AUTO_INCREMENT=16 DEFAULT CHARSET=utf8mb4 COLLATE=utf8mb4_general_ci;
/*!40101 SET character_set_client = @saved_cs_client */;

--
-- Dumping data for table `stores_serviceorder_services`
--

LOCK TABLES `stores_serviceorder_services` WRITE;
/*!40000 ALTER TABLE `stores_serviceorder_services` DISABLE KEYS */;
INSERT INTO `stores_serviceorder_services` VALUES
(1,1,1),
(2,1,2),
(3,1,3),
(4,2,4),
(5,3,5),
(6,4,6),
(7,5,7),
(8,6,8),
(15,12,15);
/*!40000 ALTER TABLE `stores_serviceorder_services` ENABLE KEYS */;
UNLOCK TABLES;

--
-- Table structure for table `stores_serviceorderitem`
--

DROP TABLE IF EXISTS `stores_serviceorderitem`;
/*!40101 SET @saved_cs_client     = @@character_set_client */;
/*!40101 SET character_set_client = utf8 */;
CREATE TABLE `stores_serviceorderitem` (
  `id` bigint(20) NOT NULL AUTO_INCREMENT,
  `price` int(11) NOT NULL,
  `quantity` smallint(5) unsigned NOT NULL CHECK (`quantity` >= 0),
  `order_id` bigint(20) NOT NULL,
  `service_id` bigint(20) NOT NULL,
  PRIMARY KEY (`id`),
  KEY `stores_serviceorderi_order_id_682271a8_fk_stores_se` (`order_id`),
  KEY `stores_serviceorderi_service_id_e4b34c8e_fk_dashboard` (`service_id`),
  CONSTRAINT `stores_serviceorderi_order_id_682271a8_fk_stores_se` FOREIGN KEY (`order_id`) REFERENCES `stores_serviceorder` (`id`),
  CONSTRAINT `stores_serviceorderi_service_id_e4b34c8e_fk_dashboard` FOREIGN KEY (`service_id`) REFERENCES `dashboard_service` (`id`)
) ENGINE=InnoDB AUTO_INCREMENT=16 DEFAULT CHARSET=utf8mb4 COLLATE=utf8mb4_general_ci;
/*!40101 SET character_set_client = @saved_cs_client */;

--
-- Dumping data for table `stores_serviceorderitem`
--

LOCK TABLES `stores_serviceorderitem` WRITE;
/*!40000 ALTER TABLE `stores_serviceorderitem` DISABLE KEYS */;
INSERT INTO `stores_serviceorderitem` VALUES
(1,0,1,1,4),
(2,0,1,1,3),
(3,0,1,1,2),
(4,0,1,2,2),
(5,0,1,3,2),
(6,0,1,4,4),
(7,0,1,5,2),
(8,0,1,6,2),
(15,0,1,12,25);
/*!40000 ALTER TABLE `stores_serviceorderitem` ENABLE KEYS */;
UNLOCK TABLES;

--
-- Table structure for table `stores_subcategory`
--

DROP TABLE IF EXISTS `stores_subcategory`;
/*!40101 SET @saved_cs_client     = @@character_set_client */;
/*!40101 SET character_set_client = utf8 */;
CREATE TABLE `stores_subcategory` (
  `id` bigint(20) NOT NULL AUTO_INCREMENT,
  `name` varchar(150) NOT NULL,
  `category_id` bigint(20) NOT NULL,
  PRIMARY KEY (`id`),
  UNIQUE KEY `stores_subcategory_category_id_name_5a16580c_uniq` (`category_id`,`name`),
  KEY `stores_subcategory_name_36f7691d` (`name`),
  CONSTRAINT `stores_subcategory_category_id_7aed7260_fk_stores_category_id` FOREIGN KEY (`category_id`) REFERENCES `stores_category` (`id`)
) ENGINE=InnoDB AUTO_INCREMENT=88 DEFAULT CHARSET=utf8mb4 COLLATE=utf8mb4_general_ci;
/*!40101 SET character_set_client = @saved_cs_client */;

--
-- Dumping data for table `stores_subcategory`
--

LOCK TABLES `stores_subcategory` WRITE;
/*!40000 ALTER TABLE `stores_subcategory` DISABLE KEYS */;
INSERT INTO `stores_subcategory` VALUES
(38,'Appetizer',1),
(1,'Breakfast Trays',1),
(3,'Sides',1),
(2,'Signature Dishes',1),
(43,'Baby Food',2),
(5,'Snacks (non-veg)',2),
(4,'Snacks (veg)',2),
(11,'Mains non veg',3),
(10,'Mains veg',3),
(9,'Non veg starter',3),
(6,'Salads',3),
(7,'Soups',3),
(8,'Veg starter',3),
(41,'Alcopop & Others',4),
(30,'American',4),
(12,'Beers',4),
(37,'Choice of Liqueur',4),
(28,'Classic  Bar  Nibbles',4),
(29,'Cocktails',4),
(36,'Cognac & Brandy',4),
(32,'Domestic',4),
(34,'G I N',4),
(31,'Indian made foreign liqour',4),
(27,'Mocktails',4),
(35,'RUM',4),
(42,'Shooters',4),
(26,'Single Malt',4),
(39,'TEQUILA',4),
(33,'Vodka',4),
(25,'Whiskey',4),
(40,'Wine & Sparkling Wine',4),
(23,'Curries',5),
(18,'Non veg mains',5),
(16,'Non veg starters',5),
(24,'Rice & noodles',5),
(13,'Salads',5),
(14,'Soups',5),
(17,'Veg. mains',5),
(15,'Veg. starters',5),
(19,'Shakes & Coffee',9),
(21,'12 inch thin crust pizzas',11),
(22,'Burgers',11),
(20,'Pastas & risotto',11),
(61,'American',40),
(44,'Breakfast Trays',40),
(46,'Sides',40),
(45,'Signature Dishes',40),
(52,'Mains non veg',42),
(51,'Mains veg',42),
(50,'Non veg starters',42),
(47,'Salads',42),
(48,'Soups',42),
(49,'Veg starter',42),
(53,'Curries',43),
(54,'Rice & noodles',43),
(56,'12 inch thin crust pizzas',44),
(57,'Burgers',44),
(55,'Pastas & risotto',44),
(65,'Appetizer',47),
(58,'Beers',47),
(63,'Indian made foreign liqour',47),
(60,'Single Malt',47),
(64,'Vodka',47),
(59,'Whiskey',47),
(66,'American Breakfast',48),
(67,'Indian breakfast',48),
(76,'Barcadi Breezer',49),
(80,'Beer (Domestic)',49),
(79,'Beer (Imported)',49),
(82,'Beverages',49),
(68,'Bourbon Whisky',49),
(75,'Brandy',49),
(86,'Cocktails',49),
(73,'Gin',49),
(78,'Liqueurs',49),
(87,'Mocktails',49),
(71,'Premium',49),
(74,'Rum',49),
(69,'Scotch Whisky',49),
(70,'Single Malt',49),
(77,'TEQUILA',49),
(72,'Vodka',49),
(81,'Wine',49),
(84,'Cleaning Products',50),
(83,'Dairy',50),
(85,'Snacks',50);
/*!40000 ALTER TABLE `stores_subcategory` ENABLE KEYS */;
UNLOCK TABLES;
/*!40103 SET TIME_ZONE=@OLD_TIME_ZONE */;

/*!40101 SET SQL_MODE=@OLD_SQL_MODE */;
/*!40014 SET FOREIGN_KEY_CHECKS=@OLD_FOREIGN_KEY_CHECKS */;
/*!40014 SET UNIQUE_CHECKS=@OLD_UNIQUE_CHECKS */;
/*!40101 SET CHARACTER_SET_CLIENT=@OLD_CHARACTER_SET_CLIENT */;
/*!40101 SET CHARACTER_SET_RESULTS=@OLD_CHARACTER_SET_RESULTS */;
/*!40101 SET COLLATION_CONNECTION=@OLD_COLLATION_CONNECTION */;
/*!40111 SET SQL_NOTES=@OLD_SQL_NOTES */;

-- Dump completed on 2024-01-11  2:44:55
